Incident_ID,Date,Year,Month,Day_of_Week,Time_Category,State,City,Area,Location_Type,Crime_Type,Crime_Category,Severity_Level,Victim_Age,Victim_Gender,Weather,Holiday,Previous_Incidents,Crime_Risk_Level
INC-2024-0412,2024-12-31,2024,December,Tuesday,Morning,Delhi (NCT),Delhi,Dwarka,Residential,Burglary,Property Crime,Medium,32,Female,Clear,No,2,Low
INC-2024-1550,2024-12-30,2024,December,Monday,Night,West Bengal,Kolkata,Salt Lake,Residential,Theft,Property Crime,Low,40,Female,Clear,No,3,Low
INC-2024-2158,2024-12-30,2024,December,Monday,Evening,Telangana,Hyderabad,Banjara Hills,Commercial Market,Cyber Fraud,Financial Crime,Low,20,Male,Cloudy,No,4,Medium
INC-2024-0300,2024-12-30,2024,December,Monday,Evening,Tamil Nadu,Chennai,Marina Beachfront,Public Park,Vandalism,Public Order,Low,18,Female,Clear,No,0,Low
INC-2024-1397,2024-12-27,2024,December,Friday,Night,West Bengal,Kolkata,Ballygunge,Transit Station,Vandalism,Public Order,Low,41,Female,Rainy,No,4,Medium
INC-2024-0341,2024-12-26,2024,December,Thursday,Afternoon,Tamil Nadu,Chennai,Velachery,Transit Station,Burglary,Property Crime,Medium,33,Male,Rainy,No,5,Low
INC-2024-1467,2024-12-26,2024,December,Thursday,Morning,Karnataka,Bengaluru,Indiranagar,Residential,Vehicle Theft,Property Crime,Medium,50,Other,Cloudy,No,4,Low
INC-2024-1453,2024-12-26,2024,December,Thursday,Morning,Delhi (NCT),Delhi,Old Delhi,Residential,Assault,Violent Crime,High,49,Female,Clear,No,6,High
INC-2024-0773,2024-12-25,2024,December,Wednesday,Morning,Telangana,Hyderabad,Secunderabad,Residential,Cyber Fraud,Financial Crime,Low,44,Male,Cloudy,No,5,Low
INC-2024-0648,2024-12-24,2024,December,Tuesday,Afternoon,West Bengal,Kolkata,Esplanade,Parking Complex,Vehicle Theft,Property Crime,Medium,30,Female,Cloudy,No,9,High
INC-2024-1308,2024-12-24,2024,December,Tuesday,Evening,Delhi (NCT),Delhi,South Delhi,Commercial Market,Vehicle Theft,Property Crime,Medium,28,Female,Foggy,No,3,Medium
INC-2024-0482,2024-12-23,2024,December,Monday,Evening,Telangana,Hyderabad,Gachibowli,Commercial Market,Burglary,Property Crime,Medium,34,Female,Clear,No,7,High
INC-2024-1022,2024-12-23,2024,December,Monday,Afternoon,West Bengal,Kolkata,Ballygunge,Residential,Theft,Property Crime,Low,27,Male,Foggy,No,2,Low
INC-2024-0494,2024-12-22,2024,December,Sunday,Afternoon,West Bengal,Kolkata,Ballygunge,Residential,Vehicle Theft,Property Crime,Medium,41,Male,Cloudy,No,6,Low
INC-2024-0676,2024-12-22,2024,December,Sunday,Afternoon,Maharashtra,Mumbai,Fort Downtown,Commercial Market,Robbery,Violent Crime,Medium,48,Male,Clear,Yes,2,Medium
INC-2024-0441,2024-12-21,2024,December,Saturday,Evening,Tamil Nadu,Chennai,Marina Beachfront,Transit Station,Robbery,Violent Crime,Medium,48,Male,Clear,No,4,Medium
INC-2024-0656,2024-12-18,2024,December,Wednesday,Evening,Telangana,Hyderabad,Hitec City,Residential,Cyber Fraud,Financial Crime,Low,18,Female,Foggy,No,5,Medium
INC-2024-1305,2024-12-18,2024,December,Wednesday,Evening,Karnataka,Bengaluru,Jayanagar,Public Park,Theft,Property Crime,Low,22,Female,Cloudy,No,5,Medium
INC-2024-0818,2024-12-17,2024,December,Tuesday,Afternoon,West Bengal,Kolkata,Park Street,Residential,Theft,Property Crime,Low,22,Male,Cloudy,No,2,Low
INC-2024-1807,2024-12-17,2024,December,Tuesday,Morning,Tamil Nadu,Chennai,T. Nagar,Commercial Market,Robbery,Violent Crime,Medium,32,Male,Clear,No,8,High
INC-2024-1482,2024-12-16,2024,December,Monday,Afternoon,Tamil Nadu,Chennai,Adyar,Parking Complex,Burglary,Property Crime,Medium,30,Female,Clear,No,3,Low
INC-2024-0362,2024-12-16,2024,December,Monday,Night,Delhi (NCT),Delhi,Dwarka,Residential,Theft,Property Crime,Low,29,Female,Rainy,No,3,Medium
INC-2024-2391,2024-12-15,2024,December,Sunday,Morning,Delhi (NCT),Delhi,Karol Bagh,Street,Theft,Property Crime,Low,29,Male,Cloudy,No,7,Medium
INC-2024-0847,2024-12-15,2024,December,Sunday,Evening,Maharashtra,Mumbai,Dadar,Residential,Burglary,Property Crime,Medium,44,Male,Clear,No,6,Medium
INC-2024-0846,2024-12-14,2024,December,Saturday,Night,Delhi (NCT),Delhi,Old Delhi,Transit Station,Vandalism,Public Order,Low,23,Female,Clear,No,8,High
INC-2024-0373,2024-12-13,2024,December,Friday,Morning,Tamil Nadu,Chennai,Velachery,Public Park,Vehicle Theft,Property Crime,Medium,28,Female,Clear,No,2,Low
INC-2024-1982,2024-12-13,2024,December,Friday,Evening,Tamil Nadu,Chennai,Guindy,Residential,Theft,Property Crime,Low,26,Female,Clear,No,2,Low
INC-2024-0121,2024-12-13,2024,December,Friday,Afternoon,West Bengal,Kolkata,Esplanade,Parking Complex,Vehicle Theft,Property Crime,Medium,36,Male,Rainy,No,6,High
INC-2024-2177,2024-12-12,2024,December,Thursday,Night,West Bengal,Kolkata,Ballygunge,Commercial Market,Theft,Property Crime,Low,32,Male,Rainy,No,1,Medium
INC-2024-1398,2024-12-12,2024,December,Thursday,Evening,Tamil Nadu,Chennai,T. Nagar,Transit Station,Vehicle Theft,Property Crime,Medium,61,Female,Clear,No,8,High
INC-2024-0780,2024-12-12,2024,December,Thursday,Evening,Telangana,Hyderabad,Secunderabad,Residential,Cyber Fraud,Financial Crime,Low,34,Male,Foggy,No,3,Low
INC-2024-0037,2024-12-09,2024,December,Monday,Night,Delhi (NCT),Delhi,Dwarka,Street,Assault,Violent Crime,High,25,Male,Rainy,No,4,Medium
INC-2024-1214,2024-12-09,2024,December,Monday,Evening,Telangana,Hyderabad,Secunderabad,Commercial Market,Burglary,Property Crime,Medium,33,Female,Rainy,No,3,Medium
INC-2024-0478,2024-12-09,2024,December,Monday,Morning,Maharashtra,Pune,Kothrud,Residential,Theft,Property Crime,Low,27,Male,Rainy,No,3,Low
INC-2024-0771,2024-12-09,2024,December,Monday,Evening,Tamil Nadu,Chennai,Marina Beachfront,Parking Complex,Vehicle Theft,Property Crime,Medium,41,Male,Clear,Yes,3,Medium
INC-2024-1671,2024-12-08,2024,December,Sunday,Night,Gujarat,Ahmedabad,Navrangpura,Residential,Theft,Property Crime,Low,52,Male,Foggy,No,4,Medium
INC-2024-1498,2024-12-08,2024,December,Sunday,Night,West Bengal,Kolkata,Ballygunge,Transit Station,Robbery,Violent Crime,Medium,30,Female,Clear,Yes,4,Medium
INC-2024-1186,2024-12-06,2024,December,Friday,Night,Maharashtra,Mumbai,Colaba,Parking Complex,Theft,Property Crime,Low,25,Female,Cloudy,No,2,Medium
INC-2024-1815,2024-12-06,2024,December,Friday,Afternoon,Maharashtra,Mumbai,Andheri,Residential,Vehicle Theft,Property Crime,Medium,47,Male,Clear,Yes,2,Low
INC-2024-1965,2024-12-05,2024,December,Thursday,Evening,Delhi (NCT),Delhi,South Delhi,Parking Complex,Vehicle Theft,Property Crime,Medium,24,Male,Cloudy,No,4,Medium
INC-2024-1096,2024-12-04,2024,December,Wednesday,Morning,Karnataka,Bengaluru,Electronic City,Public Park,Vehicle Theft,Property Crime,Medium,52,Female,Clear,No,0,Low
INC-2024-1560,2024-12-04,2024,December,Wednesday,Afternoon,Tamil Nadu,Chennai,Velachery,Street,Vehicle Theft,Property Crime,Medium,18,Male,Rainy,No,3,Low
INC-2024-0367,2024-12-04,2024,December,Wednesday,Evening,Delhi (NCT),Delhi,Old Delhi,Parking Complex,Theft,Property Crime,Low,22,Female,Clear,No,9,High
INC-2024-0647,2024-12-04,2024,December,Wednesday,Night,Tamil Nadu,Chennai,Velachery,Street,Assault,Violent Crime,High,35,Other,Rainy,No,1,Low
INC-2024-1549,2024-12-03,2024,December,Tuesday,Morning,West Bengal,Kolkata,Park Street,Public Park,Robbery,Violent Crime,Medium,34,Male,Cloudy,No,3,Low
INC-2024-2055,2024-12-02,2024,December,Monday,Morning,Delhi (NCT),Delhi,Old Delhi,Commercial Market,Vehicle Theft,Property Crime,Medium,46,Female,Cloudy,No,7,High
INC-2024-2392,2024-12-02,2024,December,Monday,Afternoon,Delhi (NCT),Delhi,Connaught Place,Parking Complex,Cyber Fraud,Financial Crime,Low,36,Female,Clear,No,5,Medium
INC-2024-2186,2024-12-02,2024,December,Monday,Evening,Maharashtra,Pune,Camp Cantonment,Transit Station,Burglary,Property Crime,Medium,34,Male,Clear,No,7,High
INC-2024-0826,2024-12-01,2024,December,Sunday,Night,Delhi (NCT),Delhi,South Delhi,Public Park,Vehicle Theft,Property Crime,Medium,32,Male,Foggy,No,4,Medium
INC-2024-1587,2024-12-01,2024,December,Sunday,Afternoon,Tamil Nadu,Chennai,Marina Beachfront,Parking Complex,Robbery,Violent Crime,Medium,24,Female,Clear,No,0,Low
INC-2024-0807,2024-12-01,2024,December,Sunday,Morning,Gujarat,Ahmedabad,Satellite,Parking Complex,Vehicle Theft,Property Crime,Medium,27,Male,Cloudy,No,3,Low
INC-2024-0056,2024-11-29,2024,November,Friday,Afternoon,Karnataka,Bengaluru,MG Road Central,Public Park,Cyber Fraud,Financial Crime,Low,45,Male,Clear,No,2,Low
INC-2024-2156,2024-11-29,2024,November,Friday,Afternoon,Tamil Nadu,Chennai,Marina Beachfront,Transit Station,Vandalism,Public Order,Low,35,Male,Clear,No,4,Low
INC-2024-0675,2024-11-29,2024,November,Friday,Afternoon,Maharashtra,Mumbai,Dadar,Public Park,Burglary,Property Crime,Medium,18,Male,Cloudy,No,0,Low
INC-2024-2284,2024-11-29,2024,November,Friday,Evening,Maharashtra,Pune,Hinjewadi IT Park,Parking Complex,Vehicle Theft,Property Crime,Medium,28,Female,Rainy,No,4,Medium
INC-2024-1850,2024-11-28,2024,November,Thursday,Evening,West Bengal,Kolkata,Salt Lake,Commercial Market,Vandalism,Public Order,Low,42,Female,Rainy,No,6,High
INC-2024-0914,2024-11-28,2024,November,Thursday,Evening,Maharashtra,Pune,Camp Cantonment,Street,Vandalism,Public Order,Low,21,Male,Rainy,No,9,High
INC-2024-0075,2024-11-27,2024,November,Wednesday,Evening,Gujarat,Ahmedabad,SG Highway,Parking Complex,Vehicle Theft,Property Crime,Medium,36,Male,Clear,No,3,Medium
INC-2024-1343,2024-11-26,2024,November,Tuesday,Morning,Telangana,Hyderabad,Hitec City,Transit Station,Robbery,Violent Crime,Medium,49,Female,Rainy,No,3,Low
INC-2024-0577,2024-11-25,2024,November,Monday,Evening,Telangana,Hyderabad,Gachibowli,Parking Complex,Vehicle Theft,Property Crime,Medium,45,Male,Clear,No,3,Medium
INC-2024-1787,2024-11-25,2024,November,Monday,Afternoon,Maharashtra,Mumbai,Harbor Docklands,Public Park,Burglary,Property Crime,Medium,27,Male,Foggy,No,11,Medium
INC-2024-0793,2024-11-25,2024,November,Monday,Morning,West Bengal,Kolkata,New Town,Transit Station,Vandalism,Public Order,Low,48,Male,Clear,No,3,Low
INC-2024-2182,2024-11-24,2024,November,Sunday,Evening,Maharashtra,Mumbai,Bandra,Transit Station,Burglary,Property Crime,Medium,28,Male,Rainy,No,2,Medium
INC-2024-1315,2024-11-23,2024,November,Saturday,Night,Gujarat,Ahmedabad,Sabarmati,Parking Complex,Theft,Property Crime,Low,59,Male,Clear,No,3,Medium
INC-2024-2096,2024-11-23,2024,November,Saturday,Morning,West Bengal,Kolkata,Ballygunge,Public Park,Vehicle Theft,Property Crime,Medium,36,Male,Clear,No,2,Low
INC-2024-1841,2024-11-21,2024,November,Thursday,Night,Telangana,Hyderabad,Charminar Heritage,Street,Theft,Property Crime,Low,34,Male,Clear,No,5,Medium
INC-2024-0236,2024-11-21,2024,November,Thursday,Night,Tamil Nadu,Chennai,T. Nagar,Transit Station,Vehicle Theft,Property Crime,Medium,18,Male,Cloudy,No,8,High
INC-2024-0673,2024-11-21,2024,November,Thursday,Afternoon,Karnataka,Bengaluru,Whitefield,Residential,Vehicle Theft,Property Crime,Medium,39,Female,Foggy,No,3,Low
INC-2024-1626,2024-11-21,2024,November,Thursday,Night,Karnataka,Bengaluru,Whitefield,Residential,Cyber Fraud,Financial Crime,Low,33,Female,Clear,No,2,Low
INC-2024-0082,2024-11-20,2024,November,Wednesday,Night,Tamil Nadu,Chennai,Marina Beachfront,Residential,Burglary,Property Crime,Medium,42,Male,Clear,No,5,Low
INC-2024-2106,2024-11-20,2024,November,Wednesday,Afternoon,Delhi (NCT),Delhi,Karol Bagh,Commercial Market,Vehicle Theft,Property Crime,Medium,37,Male,Cloudy,No,5,Low
INC-2024-1825,2024-11-20,2024,November,Wednesday,Morning,Karnataka,Bengaluru,Koramangala,Street,Vehicle Theft,Property Crime,Medium,53,Female,Clear,No,4,Low
INC-2024-1844,2024-11-20,2024,November,Wednesday,Evening,Telangana,Hyderabad,Gachibowli,Public Park,Cyber Fraud,Financial Crime,Low,41,Female,Cloudy,No,3,Medium
INC-2024-2387,2024-11-20,2024,November,Wednesday,Afternoon,Gujarat,Ahmedabad,Maninagar,Street,Vandalism,Public Order,Low,32,Female,Clear,Yes,1,Low
INC-2024-2236,2024-11-18,2024,November,Monday,Afternoon,Delhi (NCT),Delhi,Dwarka,Residential,Vehicle Theft,Property Crime,Medium,47,Male,Clear,No,3,Low
INC-2024-0395,2024-11-18,2024,November,Monday,Night,West Bengal,Kolkata,New Town,Commercial Market,Theft,Property Crime,Low,35,Male,Clear,No,2,Low
INC-2024-0653,2024-11-17,2024,November,Sunday,Night,Tamil Nadu,Chennai,Anna Nagar,Commercial Market,Vehicle Theft,Property Crime,Medium,35,Female,Rainy,No,2,Medium
INC-2024-1251,2024-11-16,2024,November,Saturday,Afternoon,Karnataka,Bengaluru,Whitefield,Public Park,Cyber Fraud,Financial Crime,Low,18,Male,Cloudy,No,2,Low
INC-2024-0538,2024-11-16,2024,November,Saturday,Evening,Telangana,Hyderabad,Madhapur,Street,Burglary,Property Crime,Medium,30,Female,Clear,No,2,Low
INC-2024-0416,2024-11-16,2024,November,Saturday,Evening,Maharashtra,Mumbai,Andheri,Parking Complex,Theft,Property Crime,Low,29,Male,Clear,No,1,Medium
INC-2024-1885,2024-11-15,2024,November,Friday,Afternoon,Delhi (NCT),Delhi,South Delhi,Residential,Vehicle Theft,Property Crime,Medium,33,Male,Cloudy,No,6,Medium
INC-2024-0876,2024-11-14,2024,November,Thursday,Afternoon,Maharashtra,Pune,Viman Nagar,Residential,Cyber Fraud,Financial Crime,Low,18,Male,Rainy,No,3,Low
INC-2024-0420,2024-11-13,2024,November,Wednesday,Morning,Gujarat,Ahmedabad,Sabarmati,Residential,Vehicle Theft,Property Crime,Medium,58,Male,Foggy,No,4,Low
INC-2024-0921,2024-11-13,2024,November,Wednesday,Afternoon,Telangana,Hyderabad,Charminar Heritage,Residential,Burglary,Property Crime,Medium,27,Female,Foggy,No,5,Medium
INC-2024-2262,2024-11-12,2024,November,Tuesday,Afternoon,Gujarat,Ahmedabad,Maninagar,Residential,Theft,Property Crime,Low,42,Male,Clear,No,0,Low
INC-2024-0225,2024-11-12,2024,November,Tuesday,Morning,Delhi (NCT),Delhi,Rohini,Transit Station,Theft,Property Crime,Low,31,Male,Clear,No,2,Low
INC-2024-1811,2024-11-12,2024,November,Tuesday,Afternoon,Maharashtra,Pune,Shivaji Nagar,Transit Station,Vandalism,Public Order,Low,45,Male,Clear,No,0,Low
INC-2024-1628,2024-11-12,2024,November,Tuesday,Afternoon,Karnataka,Bengaluru,Whitefield,Residential,Cyber Fraud,Financial Crime,Low,45,Male,Cloudy,No,2,Low
INC-2024-1764,2024-11-12,2024,November,Tuesday,Morning,Tamil Nadu,Chennai,T. Nagar,Public Park,Cyber Fraud,Financial Crime,Low,71,Male,Clear,No,10,Medium
INC-2024-1667,2024-11-10,2024,November,Sunday,Evening,Karnataka,Bengaluru,Electronic City,Public Park,Vehicle Theft,Property Crime,Medium,18,Female,Clear,No,2,Low
INC-2024-1933,2024-11-08,2024,November,Friday,Afternoon,Telangana,Hyderabad,Banjara Hills,Public Park,Theft,Property Crime,Low,22,Male,Clear,No,2,Low
INC-2024-0642,2024-11-08,2024,November,Friday,Morning,West Bengal,Kolkata,Ballygunge,Street,Cyber Fraud,Financial Crime,Low,39,Male,Clear,No,2,Low
INC-2024-0674,2024-11-07,2024,November,Thursday,Evening,Telangana,Hyderabad,Banjara Hills,Parking Complex,Cyber Fraud,Financial Crime,Low,30,Male,Rainy,No,2,Low
INC-2024-1760,2024-11-07,2024,November,Thursday,Afternoon,Tamil Nadu,Chennai,Adyar,Commercial Market,Cyber Fraud,Financial Crime,Low,36,Female,Rainy,No,2,Low
INC-2024-1866,2024-11-05,2024,November,Tuesday,Evening,Gujarat,Ahmedabad,SG Highway,Residential,Cyber Fraud,Financial Crime,Low,31,Female,Foggy,No,5,Low
INC-2024-2149,2024-11-05,2024,November,Tuesday,Morning,Telangana,Hyderabad,Hitec City,Parking Complex,Theft,Property Crime,Low,21,Female,Clear,No,3,Low
INC-2024-1990,2024-11-05,2024,November,Tuesday,Morning,Karnataka,Bengaluru,Whitefield,Residential,Theft,Property Crime,Low,43,Female,Rainy,No,3,Low
INC-2024-1347,2024-11-04,2024,November,Monday,Afternoon,West Bengal,Kolkata,Park Street,Public Park,Cyber Fraud,Financial Crime,Low,42,Male,Clear,No,0,Low
INC-2024-0048,2024-11-04,2024,November,Monday,Morning,Delhi (NCT),Delhi,South Delhi,Commercial Market,Vehicle Theft,Property Crime,Medium,18,Male,Clear,No,2,Low
INC-2024-0630,2024-11-04,2024,November,Monday,Evening,Tamil Nadu,Chennai,Anna Nagar,Transit Station,Vandalism,Public Order,Low,45,Female,Rainy,No,4,Medium
INC-2024-0122,2024-11-04,2024,November,Monday,Morning,Gujarat,Ahmedabad,Maninagar,Street,Cyber Fraud,Financial Crime,Low,24,Female,Clear,No,2,Low
INC-2024-1143,2024-11-03,2024,November,Sunday,Evening,Karnataka,Bengaluru,MG Road Central,Parking Complex,Vandalism,Public Order,Low,35,Female,Cloudy,No,2,Medium
INC-2024-1070,2024-11-03,2024,November,Sunday,Afternoon,Karnataka,Bengaluru,Jayanagar,Residential,Cyber Fraud,Financial Crime,Low,32,Female,Rainy,No,4,Low
INC-2024-0872,2024-11-03,2024,November,Sunday,Night,West Bengal,Kolkata,Salt Lake,Transit Station,Burglary,Property Crime,Medium,30,Male,Clear,Yes,7,High
INC-2024-1887,2024-11-02,2024,November,Saturday,Morning,Telangana,Hyderabad,Secunderabad,Transit Station,Assault,Violent Crime,High,49,Male,Clear,No,4,Low
INC-2024-2052,2024-11-01,2024,November,Friday,Afternoon,Maharashtra,Mumbai,Colaba,Public Park,Cyber Fraud,Financial Crime,Low,31,Male,Rainy,No,1,Low
INC-2024-0429,2024-11-01,2024,November,Friday,Afternoon,Maharashtra,Mumbai,Andheri,Street,Vehicle Theft,Property Crime,Medium,40,Female,Cloudy,Yes,2,Low
INC-2024-0217,2024-10-31,2024,October,Thursday,Afternoon,Tamil Nadu,Chennai,T. Nagar,Residential,Burglary,Property Crime,Medium,33,Other,Rainy,No,7,Medium
INC-2024-0432,2024-10-31,2024,October,Thursday,Afternoon,Tamil Nadu,Chennai,T. Nagar,Parking Complex,Vandalism,Public Order,Low,18,Male,Rainy,No,4,Medium
INC-2024-0361,2024-10-28,2024,October,Monday,Morning,Tamil Nadu,Chennai,Adyar,Public Park,Cyber Fraud,Financial Crime,Low,43,Male,Clear,Yes,4,Low
INC-2024-1755,2024-10-28,2024,October,Monday,Morning,Maharashtra,Pune,Kothrud,Residential,Vandalism,Public Order,Low,28,Male,Rainy,No,1,Low
INC-2024-1297,2024-10-28,2024,October,Monday,Evening,Delhi (NCT),Delhi,Dwarka,Residential,Vehicle Theft,Property Crime,Medium,18,Male,Clear,No,0,Low
INC-2024-2107,2024-10-28,2024,October,Monday,Evening,Tamil Nadu,Chennai,T. Nagar,Residential,Vehicle Theft,Property Crime,Medium,36,Other,Clear,No,7,High
INC-2024-1010,2024-10-27,2024,October,Sunday,Afternoon,Tamil Nadu,Chennai,Velachery,Street,Assault,Violent Crime,High,44,Male,Cloudy,No,5,Low
INC-2024-0077,2024-10-27,2024,October,Sunday,Afternoon,West Bengal,Kolkata,Salt Lake,Public Park,Cyber Fraud,Financial Crime,Low,46,Male,Rainy,No,1,Low
INC-2024-0490,2024-10-25,2024,October,Friday,Night,Maharashtra,Pune,Kothrud,Commercial Market,Theft,Property Crime,Low,48,Female,Foggy,Yes,6,High
INC-2024-0162,2024-10-25,2024,October,Friday,Night,Karnataka,Bengaluru,Electronic City,Public Park,Burglary,Property Crime,Medium,31,Male,Rainy,No,3,Low
INC-2024-1478,2024-10-25,2024,October,Friday,Afternoon,Telangana,Hyderabad,Banjara Hills,Residential,Theft,Property Crime,Low,38,Male,Clear,No,6,Low
INC-2024-0415,2024-10-24,2024,October,Thursday,Evening,Gujarat,Ahmedabad,Paldi,Transit Station,Theft,Property Crime,Low,33,Female,Clear,No,3,Medium
INC-2024-1761,2024-10-24,2024,October,Thursday,Night,West Bengal,Kolkata,Howrah,Commercial Market,Vandalism,Public Order,Low,25,Female,Rainy,No,10,High
INC-2024-2169,2024-10-23,2024,October,Wednesday,Afternoon,Delhi (NCT),Delhi,Old Delhi,Public Park,Cyber Fraud,Financial Crime,Low,25,Male,Clear,No,3,Medium
INC-2024-1727,2024-10-23,2024,October,Wednesday,Morning,Gujarat,Ahmedabad,SG Highway,Commercial Market,Burglary,Property Crime,Medium,18,Other,Rainy,No,4,Low
INC-2024-1983,2024-10-22,2024,October,Tuesday,Afternoon,Karnataka,Bengaluru,MG Road Central,Public Park,Theft,Property Crime,Low,43,Female,Clear,No,5,Low
INC-2024-1280,2024-10-22,2024,October,Tuesday,Morning,Tamil Nadu,Chennai,Anna Nagar,Transit Station,Robbery,Violent Crime,Medium,34,Male,Cloudy,No,4,Low
INC-2024-1189,2024-10-21,2024,October,Monday,Night,Delhi (NCT),Delhi,Karol Bagh,Street,Theft,Property Crime,Low,27,Male,Rainy,No,2,Low
INC-2024-1728,2024-10-20,2024,October,Sunday,Evening,West Bengal,Kolkata,New Town,Street,Cyber Fraud,Financial Crime,Low,35,Female,Rainy,No,5,Low
INC-2024-2066,2024-10-20,2024,October,Sunday,Evening,Karnataka,Bengaluru,Jayanagar,Street,Cyber Fraud,Financial Crime,Low,30,Male,Cloudy,No,0,Low
INC-2024-0106,2024-10-20,2024,October,Sunday,Evening,Delhi (NCT),Delhi,Rohini,Transit Station,Cyber Fraud,Financial Crime,Low,34,Female,Clear,No,2,Medium
INC-2024-1046,2024-10-19,2024,October,Saturday,Afternoon,Karnataka,Bengaluru,Indiranagar,Parking Complex,Cyber Fraud,Financial Crime,Low,30,Male,Clear,No,2,Low
INC-2024-1101,2024-10-19,2024,October,Saturday,Night,Delhi (NCT),Delhi,South Delhi,Transit Station,Theft,Property Crime,Low,52,Male,Clear,No,3,Medium
INC-2024-0057,2024-10-18,2024,October,Friday,Afternoon,West Bengal,Kolkata,Howrah,Street,Cyber Fraud,Financial Crime,Low,31,Male,Clear,No,3,Medium
INC-2024-1142,2024-10-17,2024,October,Thursday,Evening,West Bengal,Kolkata,Park Street,Residential,Theft,Property Crime,Low,29,Male,Clear,No,2,Low
INC-2024-1163,2024-10-17,2024,October,Thursday,Morning,Maharashtra,Mumbai,Dadar,Street,Cyber Fraud,Financial Crime,Low,18,Female,Rainy,No,3,Low
INC-2024-1809,2024-10-17,2024,October,Thursday,Morning,Maharashtra,Mumbai,Andheri,Street,Vehicle Theft,Property Crime,Medium,27,Male,Rainy,No,4,Low
INC-2024-0929,2024-10-17,2024,October,Thursday,Night,West Bengal,Kolkata,Howrah,Residential,Burglary,Property Crime,Medium,18,Male,Rainy,No,9,High
INC-2024-0385,2024-10-15,2024,October,Tuesday,Night,Telangana,Hyderabad,Charminar Heritage,Public Park,Robbery,Violent Crime,Medium,36,Male,Clear,No,8,High
INC-2024-0995,2024-10-15,2024,October,Tuesday,Afternoon,Tamil Nadu,Chennai,Adyar,Commercial Market,Cyber Fraud,Financial Crime,Low,37,Female,Rainy,No,4,Low
INC-2024-0339,2024-10-14,2024,October,Monday,Afternoon,Gujarat,Ahmedabad,Paldi,Parking Complex,Cyber Fraud,Financial Crime,Low,35,Male,Rainy,No,2,Low
INC-2024-1360,2024-10-13,2024,October,Sunday,Morning,Telangana,Hyderabad,Madhapur,Transit Station,Vandalism,Public Order,Low,30,Female,Clear,No,5,Low
INC-2024-0350,2024-10-12,2024,October,Saturday,Evening,Maharashtra,Mumbai,Andheri,Public Park,Vehicle Theft,Property Crime,Medium,37,Female,Clear,Yes,1,Medium
INC-2024-0455,2024-10-12,2024,October,Saturday,Evening,Telangana,Hyderabad,Hitec City,Commercial Market,Robbery,Violent Crime,Medium,27,Male,Clear,No,4,Medium
INC-2024-0641,2024-10-12,2024,October,Saturday,Morning,Karnataka,Bengaluru,Jayanagar,Transit Station,Theft,Property Crime,Low,39,Female,Cloudy,No,3,Low
INC-2024-0670,2024-10-11,2024,October,Friday,Evening,Telangana,Hyderabad,Banjara Hills,Public Park,Burglary,Property Crime,Medium,47,Female,Clear,No,1,Low
INC-2024-0022,2024-10-11,2024,October,Friday,Night,Tamil Nadu,Chennai,Adyar,Residential,Vehicle Theft,Property Crime,Medium,37,Female,Rainy,No,1,Low
INC-2024-1045,2024-10-11,2024,October,Friday,Morning,Tamil Nadu,Chennai,Adyar,Public Park,Robbery,Violent Crime,Medium,18,Male,Rainy,No,2,Low
INC-2024-2254,2024-10-11,2024,October,Friday,Night,West Bengal,Kolkata,Howrah,Transit Station,Vehicle Theft,Property Crime,Medium,37,Male,Rainy,No,11,High
INC-2024-1716,2024-10-10,2024,October,Thursday,Evening,Tamil Nadu,Chennai,Marina Beachfront,Transit Station,Theft,Property Crime,Low,23,Male,Rainy,No,3,Medium
INC-2024-1276,2024-10-10,2024,October,Thursday,Night,Gujarat,Ahmedabad,Paldi,Residential,Theft,Property Crime,Low,24,Female,Clear,Yes,3,Medium
INC-2024-1508,2024-10-10,2024,October,Thursday,Morning,West Bengal,Kolkata,Howrah,Parking Complex,Vehicle Theft,Property Crime,Medium,52,Female,Cloudy,No,6,High
INC-2024-0020,2024-10-08,2024,October,Tuesday,Night,Maharashtra,Mumbai,Dadar,Transit Station,Vandalism,Public Order,Low,28,Male,Cloudy,No,7,High
INC-2024-0814,2024-10-08,2024,October,Tuesday,Evening,Karnataka,Bengaluru,MG Road Central,Transit Station,Assault,Violent Crime,High,27,Female,Clear,No,2,Low
INC-2024-1939,2024-10-08,2024,October,Tuesday,Night,Delhi (NCT),Delhi,Old Delhi,Transit Station,Vehicle Theft,Property Crime,Medium,35,Male,Rainy,Yes,5,High
INC-2024-2100,2024-10-07,2024,October,Monday,Afternoon,Delhi (NCT),Delhi,Old Delhi,Residential,Assault,Violent Crime,High,34,Male,Clear,No,1,Medium
INC-2024-0269,2024-10-05,2024,October,Saturday,Evening,Gujarat,Ahmedabad,SG Highway,Parking Complex,Vehicle Theft,Property Crime,Medium,18,Female,Clear,No,6,Medium
INC-2024-2140,2024-10-05,2024,October,Saturday,Morning,Gujarat,Ahmedabad,Satellite,Transit Station,Robbery,Violent Crime,Medium,50,Female,Clear,No,2,Low
INC-2024-2275,2024-10-05,2024,October,Saturday,Evening,Delhi (NCT),Delhi,Old Delhi,Commercial Market,Cyber Fraud,Financial Crime,Low,25,Female,Clear,No,8,High
INC-2024-2045,2024-10-04,2024,October,Friday,Afternoon,Tamil Nadu,Chennai,T. Nagar,Parking Complex,Robbery,Violent Crime,Medium,32,Male,Clear,No,9,High
INC-2024-1065,2024-10-02,2024,October,Wednesday,Afternoon,Gujarat,Ahmedabad,Navrangpura,Public Park,Cyber Fraud,Financial Crime,Low,38,Female,Clear,Yes,8,High
INC-2024-0632,2024-10-02,2024,October,Wednesday,Afternoon,Delhi (NCT),Delhi,Old Delhi,Public Park,Theft,Property Crime,Low,21,Female,Clear,Yes,3,Medium
INC-2024-1365,2024-10-02,2024,October,Wednesday,Evening,Tamil Nadu,Chennai,T. Nagar,Parking Complex,Burglary,Property Crime,Medium,25,Other,Rainy,Yes,7,High
INC-2024-0249,2024-10-01,2024,October,Tuesday,Evening,Karnataka,Bengaluru,Electronic City,Parking Complex,Burglary,Property Crime,Medium,46,Female,Clear,No,6,Medium
INC-2024-1731,2024-09-30,2024,September,Monday,Evening,Maharashtra,Pune,Hinjewadi IT Park,Commercial Market,Theft,Property Crime,Low,22,Male,Rainy,No,2,Medium
INC-2024-0498,2024-09-30,2024,September,Monday,Evening,Gujarat,Ahmedabad,SG Highway,Public Park,Cyber Fraud,Financial Crime,Low,36,Female,Rainy,No,6,Medium
INC-2024-0808,2024-09-30,2024,September,Monday,Evening,Tamil Nadu,Chennai,T. Nagar,Residential,Theft,Property Crime,Low,37,Female,Clear,No,3,High
INC-2024-0785,2024-09-29,2024,September,Sunday,Morning,West Bengal,Kolkata,New Town,Transit Station,Theft,Property Crime,Low,33,Male,Clear,No,5,Low
INC-2024-0724,2024-09-29,2024,September,Sunday,Night,Delhi (NCT),Delhi,Karol Bagh,Street,Vandalism,Public Order,Low,23,Female,Rainy,No,3,Medium
INC-2024-1372,2024-09-27,2024,September,Friday,Night,Tamil Nadu,Chennai,Anna Nagar,Parking Complex,Burglary,Property Crime,Medium,31,Male,Rainy,No,3,Medium
INC-2024-0466,2024-09-27,2024,September,Friday,Night,Maharashtra,Pune,Baner,Parking Complex,Cyber Fraud,Financial Crime,Low,36,Female,Rainy,No,1,Medium
INC-2024-0833,2024-09-27,2024,September,Friday,Afternoon,Tamil Nadu,Chennai,Marina Beachfront,Public Park,Burglary,Property Crime,Medium,30,Male,Rainy,Yes,3,Low
INC-2024-0904,2024-09-26,2024,September,Thursday,Afternoon,Delhi (NCT),Delhi,Karol Bagh,Commercial Market,Robbery,Violent Crime,Medium,36,Male,Clear,No,3,Low
INC-2024-1609,2024-09-25,2024,September,Wednesday,Night,Tamil Nadu,Chennai,T. Nagar,Public Park,Assault,Violent Crime,High,44,Female,Rainy,No,7,High
INC-2024-0626,2024-09-24,2024,September,Tuesday,Evening,Telangana,Hyderabad,Secunderabad,Street,Robbery,Violent Crime,Medium,47,Male,Clear,No,3,Medium
INC-2024-2038,2024-09-24,2024,September,Tuesday,Evening,Tamil Nadu,Chennai,Adyar,Street,Cyber Fraud,Financial Crime,Low,37,Female,Clear,No,5,Medium
INC-2024-0317,2024-09-24,2024,September,Tuesday,Morning,Delhi (NCT),Delhi,Karol Bagh,Public Park,Vehicle Theft,Property Crime,Medium,22,Female,Clear,No,2,Low
INC-2024-0545,2024-09-23,2024,September,Monday,Evening,Tamil Nadu,Chennai,Marina Beachfront,Transit Station,Vehicle Theft,Property Crime,Medium,39,Female,Clear,No,4,Medium
INC-2024-0290,2024-09-23,2024,September,Monday,Morning,Telangana,Hyderabad,Madhapur,Transit Station,Vandalism,Public Order,Low,33,Female,Clear,No,5,Low
INC-2024-0045,2024-09-23,2024,September,Monday,Afternoon,Telangana,Hyderabad,Charminar Heritage,Public Park,Cyber Fraud,Financial Crime,Low,43,Female,Clear,No,9,Medium
INC-2024-0734,2024-09-23,2024,September,Monday,Afternoon,Gujarat,Ahmedabad,Paldi,Commercial Market,Burglary,Property Crime,Medium,25,Male,Rainy,No,3,Low
INC-2024-0043,2024-09-22,2024,September,Sunday,Morning,Telangana,Hyderabad,Secunderabad,Residential,Theft,Property Crime,Low,29,Female,Clear,No,6,Low
INC-2024-0777,2024-09-22,2024,September,Sunday,Evening,Gujarat,Ahmedabad,Paldi,Transit Station,Vehicle Theft,Property Crime,Medium,59,Other,Rainy,No,3,Medium
INC-2024-1423,2024-09-22,2024,September,Sunday,Afternoon,Gujarat,Ahmedabad,Navrangpura,Commercial Market,Vandalism,Public Order,Low,34,Male,Clear,No,12,High
INC-2024-1985,2024-09-21,2024,September,Saturday,Afternoon,Telangana,Hyderabad,Charminar Heritage,Street,Theft,Property Crime,Low,28,Male,Clear,Yes,7,High
INC-2024-1570,2024-09-21,2024,September,Saturday,Afternoon,Delhi (NCT),Delhi,Karol Bagh,Commercial Market,Burglary,Property Crime,Medium,21,Male,Clear,No,4,Medium
INC-2024-1576,2024-09-20,2024,September,Friday,Morning,Delhi (NCT),Delhi,South Delhi,Commercial Market,Vandalism,Public Order,Low,27,Male,Cloudy,No,2,Low
INC-2024-0562,2024-09-20,2024,September,Friday,Evening,Delhi (NCT),Delhi,Connaught Place,Transit Station,Burglary,Property Crime,Medium,21,Female,Cloudy,No,4,High
INC-2024-0705,2024-09-19,2024,September,Thursday,Morning,West Bengal,Kolkata,Howrah,Residential,Theft,Property Crime,Low,24,Male,Clear,No,8,Medium
INC-2024-1712,2024-09-18,2024,September,Wednesday,Afternoon,West Bengal,Kolkata,Park Street,Public Park,Robbery,Violent Crime,Medium,24,Female,Cloudy,No,2,Low
INC-2024-0550,2024-09-16,2024,September,Monday,Night,Karnataka,Bengaluru,MG Road Central,Commercial Market,Burglary,Property Crime,Medium,39,Female,Rainy,No,2,Medium
INC-2024-1234,2024-09-15,2024,September,Sunday,Evening,Gujarat,Ahmedabad,SG Highway,Residential,Robbery,Violent Crime,Medium,31,Male,Clear,No,1,Low
INC-2024-2369,2024-09-15,2024,September,Sunday,Night,Karnataka,Bengaluru,MG Road Central,Parking Complex,Theft,Property Crime,Low,39,Male,Clear,No,3,Medium
INC-2024-1531,2024-09-14,2024,September,Saturday,Night,Gujarat,Ahmedabad,Sabarmati,Transit Station,Burglary,Property Crime,Medium,33,Female,Clear,No,4,Medium
INC-2024-0908,2024-09-14,2024,September,Saturday,Night,Tamil Nadu,Chennai,T. Nagar,Parking Complex,Theft,Property Crime,Low,18,Male,Clear,No,6,High
INC-2024-0835,2024-09-13,2024,September,Friday,Afternoon,Karnataka,Bengaluru,MG Road Central,Residential,Theft,Property Crime,Low,18,Male,Foggy,No,2,Low
INC-2024-0930,2024-09-13,2024,September,Friday,Afternoon,Karnataka,Bengaluru,Electronic City,Transit Station,Vandalism,Public Order,Low,23,Female,Rainy,No,4,Low
INC-2024-2274,2024-09-13,2024,September,Friday,Afternoon,West Bengal,Kolkata,Salt Lake,Public Park,Theft,Property Crime,Low,37,Female,Clear,No,4,Low
INC-2024-1140,2024-09-12,2024,September,Thursday,Afternoon,Maharashtra,Mumbai,Andheri,Public Park,Theft,Property Crime,Low,47,Male,Rainy,No,2,Low
INC-2024-2231,2024-09-12,2024,September,Thursday,Night,Tamil Nadu,Chennai,T. Nagar,Residential,Vandalism,Public Order,Low,22,Male,Cloudy,No,3,Medium
INC-2024-0133,2024-09-12,2024,September,Thursday,Evening,West Bengal,Kolkata,Esplanade,Transit Station,Cyber Fraud,Financial Crime,Low,43,Male,Clear,Yes,6,High
INC-2024-1462,2024-09-09,2024,September,Monday,Morning,Delhi (NCT),Delhi,Dwarka,Commercial Market,Theft,Property Crime,Low,21,Female,Clear,No,4,Medium
INC-2024-1967,2024-09-09,2024,September,Monday,Morning,Telangana,Hyderabad,Gachibowli,Parking Complex,Vehicle Theft,Property Crime,Medium,33,Female,Clear,No,4,Low
INC-2024-1826,2024-09-08,2024,September,Sunday,Night,Gujarat,Ahmedabad,Maninagar,Residential,Vehicle Theft,Property Crime,Medium,39,Female,Clear,No,4,Low
INC-2024-1301,2024-09-08,2024,September,Sunday,Evening,Maharashtra,Pune,Camp Cantonment,Commercial Market,Cyber Fraud,Financial Crime,Low,19,Male,Cloudy,No,10,High
INC-2024-1759,2024-09-08,2024,September,Sunday,Night,Karnataka,Bengaluru,Electronic City,Residential,Burglary,Property Crime,Medium,31,Male,Clear,No,5,Medium
INC-2024-1930,2024-09-08,2024,September,Sunday,Night,Maharashtra,Mumbai,Fort Downtown,Parking Complex,Vehicle Theft,Property Crime,Medium,46,Male,Clear,No,4,High
INC-2024-1180,2024-09-07,2024,September,Saturday,Afternoon,Karnataka,Bengaluru,Koramangala,Parking Complex,Cyber Fraud,Financial Crime,Low,46,Male,Clear,No,7,Medium
INC-2024-0196,2024-09-07,2024,September,Saturday,Afternoon,Tamil Nadu,Chennai,Marina Beachfront,Residential,Burglary,Property Crime,Medium,40,Male,Clear,No,6,Low
INC-2024-1564,2024-09-06,2024,September,Friday,Evening,Karnataka,Bengaluru,Electronic City,Residential,Theft,Property Crime,Low,23,Male,Cloudy,No,5,Medium
INC-2024-0377,2024-09-04,2024,September,Wednesday,Night,Delhi (NCT),Delhi,Rohini,Transit Station,Cyber Fraud,Financial Crime,Low,28,Male,Rainy,No,4,Medium
INC-2024-0153,2024-09-04,2024,September,Wednesday,Morning,Delhi (NCT),Delhi,Old Delhi,Public Park,Theft,Property Crime,Low,35,Male,Clear,No,3,Medium
INC-2024-1062,2024-09-03,2024,September,Tuesday,Morning,Delhi (NCT),Delhi,Dwarka,Street,Burglary,Property Crime,Medium,37,Male,Clear,No,4,Low
INC-2024-2372,2024-09-03,2024,September,Tuesday,Morning,Gujarat,Ahmedabad,Paldi,Public Park,Robbery,Violent Crime,Medium,29,Female,Rainy,Yes,2,Low
INC-2024-1606,2024-09-02,2024,September,Monday,Evening,West Bengal,Kolkata,Park Street,Transit Station,Assault,Violent Crime,High,18,Male,Clear,No,3,Medium
INC-2024-1662,2024-09-02,2024,September,Monday,Evening,Maharashtra,Mumbai,Colaba,Residential,Vehicle Theft,Property Crime,Medium,54,Female,Clear,No,5,Medium
INC-2024-2368,2024-09-01,2024,September,Sunday,Morning,Karnataka,Bengaluru,MG Road Central,Parking Complex,Assault,Violent Crime,High,47,Male,Rainy,No,1,Low
INC-2024-0589,2024-08-31,2024,August,Saturday,Night,Telangana,Hyderabad,Charminar Heritage,Street,Vehicle Theft,Property Crime,Medium,29,Male,Clear,No,8,High
INC-2024-1201,2024-08-31,2024,August,Saturday,Afternoon,Gujarat,Ahmedabad,Sabarmati,Commercial Market,Cyber Fraud,Financial Crime,Low,25,Male,Clear,No,3,Low
INC-2024-2195,2024-08-31,2024,August,Saturday,Evening,Telangana,Hyderabad,Madhapur,Street,Cyber Fraud,Financial Crime,Low,18,Female,Clear,No,1,Low
INC-2024-1907,2024-08-30,2024,August,Friday,Evening,Telangana,Hyderabad,Gachibowli,Commercial Market,Cyber Fraud,Financial Crime,Low,18,Female,Cloudy,Yes,4,Medium
INC-2024-0644,2024-08-30,2024,August,Friday,Afternoon,Karnataka,Bengaluru,Electronic City,Residential,Cyber Fraud,Financial Crime,Low,26,Female,Rainy,No,1,Low
INC-2024-2237,2024-08-30,2024,August,Friday,Morning,Karnataka,Bengaluru,Koramangala,Transit Station,Vehicle Theft,Property Crime,Medium,35,Female,Cloudy,No,2,Low
INC-2024-0602,2024-08-29,2024,August,Thursday,Night,Tamil Nadu,Chennai,Anna Nagar,Parking Complex,Vehicle Theft,Property Crime,Medium,27,Male,Clear,No,2,Low
INC-2024-0194,2024-08-28,2024,August,Wednesday,Morning,Gujarat,Ahmedabad,Satellite,Commercial Market,Vehicle Theft,Property Crime,Medium,39,Male,Cloudy,No,2,Low
INC-2024-1517,2024-08-28,2024,August,Wednesday,Morning,Gujarat,Ahmedabad,Paldi,Street,Vandalism,Public Order,Low,33,Female,Clear,No,3,Low
INC-2024-0071,2024-08-28,2024,August,Wednesday,Afternoon,Karnataka,Bengaluru,Whitefield,Commercial Market,Vandalism,Public Order,Low,55,Female,Rainy,No,2,Low
INC-2024-1464,2024-08-27,2024,August,Tuesday,Evening,Gujarat,Ahmedabad,Paldi,Street,Theft,Property Crime,Low,19,Female,Cloudy,No,1,Low
INC-2024-1379,2024-08-26,2024,August,Monday,Afternoon,West Bengal,Kolkata,Esplanade,Parking Complex,Vehicle Theft,Property Crime,Medium,18,Male,Rainy,No,10,High
INC-2024-1307,2024-08-25,2024,August,Sunday,Night,Tamil Nadu,Chennai,Guindy,Commercial Market,Vehicle Theft,Property Crime,Medium,34,Female,Rainy,No,0,Medium
INC-2024-2138,2024-08-25,2024,August,Sunday,Night,West Bengal,Kolkata,Esplanade,Residential,Theft,Property Crime,Low,31,Male,Rainy,No,6,High
INC-2024-0912,2024-08-24,2024,August,Saturday,Evening,Maharashtra,Mumbai,Fort Downtown,Street,Burglary,Property Crime,Medium,59,Female,Clear,No,9,High
INC-2024-1278,2024-08-24,2024,August,Saturday,Afternoon,Delhi (NCT),Delhi,South Delhi,Parking Complex,Theft,Property Crime,Low,37,Male,Rainy,No,5,Low
INC-2024-1181,2024-08-22,2024,August,Thursday,Night,Tamil Nadu,Chennai,Anna Nagar,Transit Station,Theft,Property Crime,Low,29,Female,Cloudy,Yes,1,Medium
INC-2024-1023,2024-08-22,2024,August,Thursday,Morning,Telangana,Hyderabad,Gachibowli,Street,Theft,Property Crime,Low,31,Female,Clear,No,4,Low
INC-2024-1600,2024-08-21,2024,August,Wednesday,Evening,Karnataka,Bengaluru,Whitefield,Transit Station,Theft,Property Crime,Low,30,Male,Rainy,No,6,Medium
INC-2024-1261,2024-08-20,2024,August,Tuesday,Afternoon,West Bengal,Kolkata,Ballygunge,Transit Station,Vehicle Theft,Property Crime,Medium,26,Male,Foggy,No,2,Low
INC-2024-2232,2024-08-19,2024,August,Monday,Evening,Karnataka,Bengaluru,MG Road Central,Parking Complex,Assault,Violent Crime,High,26,Female,Clear,No,3,Medium
INC-2024-1282,2024-08-18,2024,August,Sunday,Morning,Gujarat,Ahmedabad,Paldi,Commercial Market,Vehicle Theft,Property Crime,Medium,34,Male,Cloudy,No,1,Low
INC-2024-0231,2024-08-18,2024,August,Sunday,Night,Karnataka,Bengaluru,Koramangala,Public Park,Theft,Property Crime,Low,26,Female,Clear,No,2,Low
INC-2024-0117,2024-08-17,2024,August,Saturday,Morning,Tamil Nadu,Chennai,Guindy,Commercial Market,Theft,Property Crime,Low,26,Male,Clear,No,1,Low
INC-2024-0327,2024-08-17,2024,August,Saturday,Evening,Maharashtra,Pune,Viman Nagar,Commercial Market,Theft,Property Crime,Low,25,Male,Rainy,No,0,Medium
INC-2024-2319,2024-08-17,2024,August,Saturday,Afternoon,Maharashtra,Pune,Viman Nagar,Public Park,Vandalism,Public Order,Low,18,Male,Rainy,Yes,5,Low
INC-2024-2288,2024-08-17,2024,August,Saturday,Evening,Gujarat,Ahmedabad,Paldi,Public Park,Theft,Property Crime,Low,56,Female,Rainy,No,6,Medium
INC-2024-2333,2024-08-16,2024,August,Friday,Night,Tamil Nadu,Chennai,Anna Nagar,Street,Assault,Violent Crime,High,27,Female,Clear,No,0,Low
INC-2024-0989,2024-08-16,2024,August,Friday,Night,Karnataka,Bengaluru,Electronic City,Street,Vehicle Theft,Property Crime,Medium,31,Male,Foggy,No,6,Medium
INC-2024-0398,2024-08-16,2024,August,Friday,Night,Maharashtra,Pune,Camp Cantonment,Commercial Market,Cyber Fraud,Financial Crime,Low,32,Female,Cloudy,No,6,High
INC-2024-1358,2024-08-15,2024,August,Thursday,Evening,Karnataka,Bengaluru,Whitefield,Transit Station,Cyber Fraud,Financial Crime,Low,44,Male,Rainy,Yes,5,Medium
INC-2024-2256,2024-08-14,2024,August,Wednesday,Afternoon,Telangana,Hyderabad,Hitec City,Transit Station,Theft,Property Crime,Low,48,Female,Rainy,No,4,Low
INC-2024-0044,2024-08-14,2024,August,Wednesday,Evening,West Bengal,Kolkata,Ballygunge,Public Park,Robbery,Violent Crime,Medium,43,Male,Clear,No,4,Medium
INC-2024-0453,2024-08-12,2024,August,Monday,Night,Gujarat,Ahmedabad,Paldi,Commercial Market,Robbery,Violent Crime,Medium,27,Female,Clear,No,6,High
INC-2024-0276,2024-08-11,2024,August,Sunday,Night,Gujarat,Ahmedabad,Paldi,Commercial Market,Theft,Property Crime,Low,26,Female,Rainy,No,1,Low
INC-2024-1296,2024-08-11,2024,August,Sunday,Night,Telangana,Hyderabad,Hitec City,Public Park,Theft,Property Crime,Low,30,Female,Clear,No,1,Low
INC-2024-0289,2024-08-10,2024,August,Saturday,Evening,Delhi (NCT),Delhi,Rohini,Commercial Market,Vehicle Theft,Property Crime,Medium,34,Female,Cloudy,No,2,Medium
INC-2024-1094,2024-08-10,2024,August,Saturday,Evening,Gujarat,Ahmedabad,Satellite,Parking Complex,Theft,Property Crime,Low,59,Female,Clear,No,2,Low
INC-2024-0634,2024-08-09,2024,August,Friday,Afternoon,Telangana,Hyderabad,Madhapur,Transit Station,Cyber Fraud,Financial Crime,Low,34,Female,Clear,No,8,Medium
INC-2024-1962,2024-08-08,2024,August,Thursday,Evening,West Bengal,Kolkata,New Town,Residential,Burglary,Property Crime,Medium,29,Male,Rainy,No,2,Low
INC-2024-1864,2024-08-08,2024,August,Thursday,Evening,Tamil Nadu,Chennai,Velachery,Street,Vehicle Theft,Property Crime,Medium,18,Female,Clear,No,3,Medium
INC-2024-2305,2024-08-06,2024,August,Tuesday,Morning,Tamil Nadu,Chennai,Anna Nagar,Public Park,Assault,Violent Crime,High,30,Male,Cloudy,No,3,Low
INC-2024-1823,2024-08-06,2024,August,Tuesday,Night,Maharashtra,Pune,Shivaji Nagar,Residential,Theft,Property Crime,Low,46,Male,Cloudy,No,5,Medium
INC-2024-2176,2024-08-06,2024,August,Tuesday,Night,Delhi (NCT),Delhi,Connaught Place,Street,Assault,Violent Crime,High,33,Female,Cloudy,Yes,7,High
INC-2024-1812,2024-08-05,2024,August,Monday,Morning,Telangana,Hyderabad,Gachibowli,Residential,Cyber Fraud,Financial Crime,Low,24,Female,Rainy,No,6,Low
INC-2024-1393,2024-08-05,2024,August,Monday,Night,Gujarat,Ahmedabad,Sabarmati,Residential,Assault,Violent Crime,High,32,Male,Clear,No,1,Low
INC-2024-1026,2024-08-05,2024,August,Monday,Evening,West Bengal,Kolkata,Ballygunge,Street,Vehicle Theft,Property Crime,Medium,50,Female,Foggy,Yes,1,Low
INC-2024-2315,2024-08-04,2024,August,Sunday,Evening,Karnataka,Bengaluru,Indiranagar,Commercial Market,Vandalism,Public Order,Low,28,Male,Clear,No,2,Medium
INC-2024-0248,2024-08-04,2024,August,Sunday,Evening,Tamil Nadu,Chennai,T. Nagar,Parking Complex,Cyber Fraud,Financial Crime,Low,34,Female,Clear,No,3,High
INC-2024-1911,2024-08-04,2024,August,Sunday,Evening,Gujarat,Ahmedabad,Maninagar,Transit Station,Vehicle Theft,Property Crime,Medium,35,Male,Clear,No,3,Medium
INC-2024-2061,2024-08-04,2024,August,Sunday,Afternoon,Tamil Nadu,Chennai,Anna Nagar,Street,Theft,Property Crime,Low,33,Male,Clear,No,4,Low
INC-2024-2073,2024-08-04,2024,August,Sunday,Evening,West Bengal,Kolkata,New Town,Public Park,Vehicle Theft,Property Crime,Medium,50,Female,Clear,No,3,Low
INC-2024-0926,2024-08-03,2024,August,Saturday,Night,Maharashtra,Mumbai,Harbor Docklands,Commercial Market,Theft,Property Crime,Low,21,Female,Clear,No,5,High
INC-2024-2043,2024-08-03,2024,August,Saturday,Afternoon,Delhi (NCT),Delhi,South Delhi,Public Park,Burglary,Property Crime,Medium,29,Female,Clear,No,1,Low
INC-2024-0645,2024-08-03,2024,August,Saturday,Afternoon,Gujarat,Ahmedabad,Satellite,Public Park,Vehicle Theft,Property Crime,Medium,36,Female,Clear,No,2,Low
INC-2024-0185,2024-08-02,2024,August,Friday,Evening,West Bengal,Kolkata,Salt Lake,Residential,Theft,Property Crime,Low,30,Female,Clear,No,7,Medium
INC-2024-1724,2024-08-02,2024,August,Friday,Evening,West Bengal,Kolkata,Ballygunge,Parking Complex,Vehicle Theft,Property Crime,Medium,39,Other,Clear,No,0,Medium
INC-2024-0334,2024-08-02,2024,August,Friday,Night,West Bengal,Kolkata,Howrah,Public Park,Assault,Violent Crime,High,48,Male,Clear,No,4,High
INC-2024-1443,2024-08-02,2024,August,Friday,Morning,Telangana,Hyderabad,Hitec City,Public Park,Vehicle Theft,Property Crime,Medium,21,Male,Rainy,No,2,Low
INC-2024-2180,2024-08-02,2024,August,Friday,Evening,Karnataka,Bengaluru,Koramangala,Residential,Cyber Fraud,Financial Crime,Low,38,Female,Rainy,No,8,Medium
INC-2024-2111,2024-08-02,2024,August,Friday,Afternoon,Gujarat,Ahmedabad,Paldi,Residential,Assault,Violent Crime,High,27,Female,Rainy,No,1,Low
INC-2024-0935,2024-08-01,2024,August,Thursday,Afternoon,West Bengal,Kolkata,Ballygunge,Public Park,Assault,Violent Crime,High,38,Female,Clear,Yes,2,Low
INC-2024-2114,2024-08-01,2024,August,Thursday,Night,Gujarat,Ahmedabad,Navrangpura,Public Park,Robbery,Violent Crime,Medium,23,Female,Rainy,No,5,Medium
INC-2024-0535,2024-08-01,2024,August,Thursday,Morning,Maharashtra,Mumbai,Fort Downtown,Parking Complex,Vandalism,Public Order,Low,28,Female,Clear,No,5,High
INC-2024-0130,2024-07-31,2024,July,Wednesday,Night,Maharashtra,Pune,Camp Cantonment,Commercial Market,Theft,Property Crime,Low,52,Female,Clear,Yes,9,High
INC-2024-0424,2024-07-31,2024,July,Wednesday,Afternoon,Gujarat,Ahmedabad,Paldi,Street,Vandalism,Public Order,Low,19,Male,Clear,No,0,Low
INC-2024-2348,2024-07-30,2024,July,Tuesday,Morning,Karnataka,Bengaluru,MG Road Central,Commercial Market,Cyber Fraud,Financial Crime,Low,42,Female,Clear,No,2,Low
INC-2024-1819,2024-07-29,2024,July,Monday,Afternoon,Karnataka,Bengaluru,Indiranagar,Commercial Market,Theft,Property Crime,Low,31,Female,Clear,No,5,Low
INC-2024-1835,2024-07-26,2024,July,Friday,Afternoon,Karnataka,Bengaluru,Whitefield,Street,Assault,Violent Crime,High,62,Male,Clear,No,1,Low
INC-2024-1404,2024-07-26,2024,July,Friday,Evening,West Bengal,Kolkata,Ballygunge,Parking Complex,Theft,Property Crime,Low,35,Female,Clear,No,3,Medium
INC-2024-0313,2024-07-25,2024,July,Thursday,Afternoon,Maharashtra,Mumbai,Bandra,Parking Complex,Assault,Violent Crime,High,44,Male,Clear,No,2,Low
INC-2024-1555,2024-07-25,2024,July,Thursday,Night,Delhi (NCT),Delhi,Old Delhi,Commercial Market,Assault,Violent Crime,High,37,Male,Rainy,No,4,High
INC-2024-2139,2024-07-25,2024,July,Thursday,Night,West Bengal,Kolkata,Howrah,Commercial Market,Cyber Fraud,Financial Crime,Low,42,Female,Cloudy,No,9,High
INC-2024-1719,2024-07-25,2024,July,Thursday,Evening,Delhi (NCT),Delhi,Dwarka,Street,Theft,Property Crime,Low,37,Other,Foggy,No,4,Medium
INC-2024-1961,2024-07-24,2024,July,Wednesday,Afternoon,West Bengal,Kolkata,Park Street,Street,Cyber Fraud,Financial Crime,Low,24,Female,Rainy,Yes,5,Low
INC-2024-2255,2024-07-24,2024,July,Wednesday,Morning,Karnataka,Bengaluru,Koramangala,Parking Complex,Cyber Fraud,Financial Crime,Low,39,Male,Rainy,No,4,Low
INC-2024-1953,2024-07-23,2024,July,Tuesday,Afternoon,West Bengal,Kolkata,Esplanade,Public Park,Vehicle Theft,Property Crime,Medium,32,Male,Cloudy,No,4,Medium
INC-2024-2367,2024-07-23,2024,July,Tuesday,Morning,Maharashtra,Pune,Shivaji Nagar,Commercial Market,Cyber Fraud,Financial Crime,Low,49,Male,Cloudy,No,4,Medium
INC-2024-0849,2024-07-22,2024,July,Monday,Afternoon,Gujarat,Ahmedabad,Satellite,Public Park,Vehicle Theft,Property Crime,Medium,44,Female,Foggy,No,1,Low
INC-2024-0214,2024-07-20,2024,July,Saturday,Evening,Karnataka,Bengaluru,Electronic City,Residential,Cyber Fraud,Financial Crime,Low,31,Male,Rainy,No,1,Low
INC-2024-0454,2024-07-20,2024,July,Saturday,Night,West Bengal,Kolkata,Ballygunge,Street,Vehicle Theft,Property Crime,Medium,30,Female,Clear,No,2,Low
INC-2024-0483,2024-07-19,2024,July,Friday,Morning,Delhi (NCT),Delhi,Old Delhi,Public Park,Cyber Fraud,Financial Crime,Low,33,Female,Clear,No,7,Medium
INC-2024-1252,2024-07-19,2024,July,Friday,Evening,Telangana,Hyderabad,Madhapur,Residential,Assault,Violent Crime,High,41,Female,Clear,No,2,Low
INC-2024-0340,2024-07-17,2024,July,Wednesday,Afternoon,Telangana,Hyderabad,Secunderabad,Street,Cyber Fraud,Financial Crime,Low,18,Female,Rainy,No,3,Low
INC-2024-0443,2024-07-16,2024,July,Tuesday,Afternoon,Delhi (NCT),Delhi,Rohini,Parking Complex,Theft,Property Crime,Low,21,Male,Cloudy,No,5,Medium
INC-2024-0823,2024-07-15,2024,July,Monday,Afternoon,Tamil Nadu,Chennai,Marina Beachfront,Residential,Assault,Violent Crime,High,49,Male,Foggy,No,2,Low
INC-2024-1847,2024-07-15,2024,July,Monday,Afternoon,West Bengal,Kolkata,Ballygunge,Commercial Market,Vandalism,Public Order,Low,47,Female,Rainy,Yes,3,Medium
INC-2024-0310,2024-07-15,2024,July,Monday,Night,Maharashtra,Mumbai,Harbor Docklands,Residential,Burglary,Property Crime,Medium,34,Female,Cloudy,No,3,High
INC-2024-2342,2024-07-15,2024,July,Monday,Afternoon,West Bengal,Kolkata,Esplanade,Transit Station,Theft,Property Crime,Low,32,Other,Clear,No,5,Medium
INC-2024-2185,2024-07-14,2024,July,Sunday,Afternoon,Karnataka,Bengaluru,Koramangala,Public Park,Vehicle Theft,Property Crime,Medium,37,Male,Clear,No,4,Low
INC-2024-0352,2024-07-14,2024,July,Sunday,Afternoon,Telangana,Hyderabad,Gachibowli,Residential,Theft,Property Crime,Low,29,Female,Rainy,No,2,Low
INC-2024-2360,2024-07-14,2024,July,Sunday,Morning,Tamil Nadu,Chennai,Guindy,Transit Station,Theft,Property Crime,Low,34,Female,Rainy,No,5,Low
INC-2024-2277,2024-07-14,2024,July,Sunday,Morning,Delhi (NCT),Delhi,Dwarka,Residential,Burglary,Property Crime,Medium,34,Female,Foggy,No,2,Low
INC-2024-0761,2024-07-13,2024,July,Saturday,Afternoon,West Bengal,Kolkata,Howrah,Street,Cyber Fraud,Financial Crime,Low,27,Female,Clear,No,9,Medium
INC-2024-1915,2024-07-12,2024,July,Friday,Afternoon,Gujarat,Ahmedabad,SG Highway,Transit Station,Cyber Fraud,Financial Crime,Low,21,Male,Clear,No,3,Low
INC-2024-1288,2024-07-12,2024,July,Friday,Evening,Karnataka,Bengaluru,Jayanagar,Parking Complex,Theft,Property Crime,Low,51,Male,Clear,No,0,Low
INC-2024-0183,2024-07-11,2024,July,Thursday,Night,Maharashtra,Mumbai,Dadar,Commercial Market,Theft,Property Crime,Low,34,Other,Clear,No,0,Medium
INC-2024-0314,2024-07-11,2024,July,Thursday,Night,Tamil Nadu,Chennai,Velachery,Transit Station,Theft,Property Crime,Low,25,Male,Rainy,No,2,Medium
INC-2024-1571,2024-07-10,2024,July,Wednesday,Night,Maharashtra,Pune,Shivaji Nagar,Street,Vandalism,Public Order,Low,32,Male,Rainy,No,2,Low
INC-2024-1376,2024-07-10,2024,July,Wednesday,Afternoon,Gujarat,Ahmedabad,Navrangpura,Residential,Vehicle Theft,Property Crime,Medium,48,Female,Rainy,No,10,Medium
INC-2024-1169,2024-07-10,2024,July,Wednesday,Morning,Tamil Nadu,Chennai,Adyar,Public Park,Theft,Property Crime,Low,18,Female,Rainy,No,5,Low
INC-2024-2336,2024-07-09,2024,July,Tuesday,Evening,Telangana,Hyderabad,Madhapur,Transit Station,Cyber Fraud,Financial Crime,Low,36,Female,Rainy,No,3,Medium
INC-2024-0554,2024-07-08,2024,July,Monday,Afternoon,Telangana,Hyderabad,Banjara Hills,Commercial Market,Vehicle Theft,Property Crime,Medium,20,Female,Rainy,No,1,Low
INC-2024-2321,2024-07-07,2024,July,Sunday,Night,West Bengal,Kolkata,Ballygunge,Transit Station,Vehicle Theft,Property Crime,Medium,36,Female,Foggy,No,3,Medium
INC-2024-1355,2024-07-06,2024,July,Saturday,Morning,Tamil Nadu,Chennai,Guindy,Public Park,Theft,Property Crime,Low,60,Male,Cloudy,No,2,Low
INC-2024-0230,2024-07-06,2024,July,Saturday,Night,West Bengal,Kolkata,Esplanade,Public Park,Cyber Fraud,Financial Crime,Low,37,Female,Clear,No,11,High
INC-2024-0809,2024-07-06,2024,July,Saturday,Night,Telangana,Hyderabad,Gachibowli,Street,Cyber Fraud,Financial Crime,Low,47,Male,Rainy,No,1,Low
INC-2024-1922,2024-07-05,2024,July,Friday,Afternoon,Telangana,Hyderabad,Banjara Hills,Commercial Market,Theft,Property Crime,Low,25,Female,Clear,No,5,Low
INC-2024-0400,2024-07-04,2024,July,Thursday,Morning,Tamil Nadu,Chennai,Marina Beachfront,Residential,Theft,Property Crime,Low,43,Female,Rainy,No,1,Low
INC-2024-0903,2024-07-03,2024,July,Wednesday,Night,Delhi (NCT),Delhi,South Delhi,Public Park,Burglary,Property Crime,Medium,38,Female,Cloudy,No,1,Low
INC-2024-2075,2024-07-03,2024,July,Wednesday,Afternoon,Telangana,Hyderabad,Hitec City,Public Park,Theft,Property Crime,Low,18,Male,Clear,No,3,Low
INC-2024-2152,2024-07-02,2024,July,Tuesday,Evening,Maharashtra,Mumbai,Bandra,Street,Vehicle Theft,Property Crime,Medium,30,Female,Clear,No,2,Low
INC-2024-2076,2024-07-01,2024,July,Monday,Evening,Tamil Nadu,Chennai,Velachery,Parking Complex,Vehicle Theft,Property Crime,Medium,19,Female,Clear,No,3,Medium
INC-2024-1503,2024-07-01,2024,July,Monday,Afternoon,West Bengal,Kolkata,Ballygunge,Public Park,Assault,Violent Crime,High,36,Male,Cloudy,No,4,Low
INC-2024-2356,2024-07-01,2024,July,Monday,Morning,Karnataka,Bengaluru,Koramangala,Street,Theft,Property Crime,Low,31,Male,Clear,Yes,3,Low
INC-2024-2362,2024-07-01,2024,July,Monday,Night,Tamil Nadu,Chennai,Adyar,Parking Complex,Vandalism,Public Order,Low,46,Male,Rainy,No,2,Medium
INC-2024-1320,2024-07-01,2024,July,Monday,Afternoon,Gujarat,Ahmedabad,Maninagar,Residential,Vehicle Theft,Property Crime,Medium,27,Female,Cloudy,No,3,Low
INC-2024-0627,2024-06-30,2024,June,Sunday,Evening,Karnataka,Bengaluru,Electronic City,Street,Cyber Fraud,Financial Crime,Low,50,Male,Clear,No,4,Low
INC-2024-0141,2024-06-29,2024,June,Saturday,Night,West Bengal,Kolkata,Howrah,Parking Complex,Assault,Violent Crime,High,43,Male,Clear,No,3,High
INC-2024-0938,2024-06-29,2024,June,Saturday,Morning,Delhi (NCT),Delhi,Dwarka,Street,Theft,Property Crime,Low,36,Female,Clear,No,3,Low
INC-2024-1641,2024-06-29,2024,June,Saturday,Evening,Gujarat,Ahmedabad,Satellite,Residential,Theft,Property Crime,Low,44,Female,Rainy,No,3,Low
INC-2024-1477,2024-06-28,2024,June,Friday,Morning,Tamil Nadu,Chennai,T. Nagar,Parking Complex,Burglary,Property Crime,Medium,60,Female,Cloudy,No,4,Medium
INC-2024-0862,2024-06-28,2024,June,Friday,Evening,Gujarat,Ahmedabad,SG Highway,Parking Complex,Burglary,Property Crime,Medium,28,Male,Clear,No,5,Medium
INC-2024-0825,2024-06-27,2024,June,Thursday,Afternoon,Maharashtra,Pune,Viman Nagar,Parking Complex,Vehicle Theft,Property Crime,Medium,28,Female,Cloudy,No,1,Low
INC-2024-1976,2024-06-24,2024,June,Monday,Afternoon,Tamil Nadu,Chennai,Adyar,Residential,Theft,Property Crime,Low,48,Female,Foggy,No,3,Low
INC-2024-0308,2024-06-24,2024,June,Monday,Morning,Telangana,Hyderabad,Hitec City,Commercial Market,Theft,Property Crime,Low,44,Male,Clear,No,5,Low
INC-2024-0566,2024-06-24,2024,June,Monday,Afternoon,Delhi (NCT),Delhi,Connaught Place,Parking Complex,Vandalism,Public Order,Low,44,Male,Cloudy,No,5,Medium
INC-2024-0853,2024-06-24,2024,June,Monday,Afternoon,Gujarat,Ahmedabad,Satellite,Residential,Vehicle Theft,Property Crime,Medium,20,Male,Clear,No,4,Low
INC-2024-2294,2024-06-24,2024,June,Monday,Evening,Maharashtra,Pune,Hinjewadi IT Park,Street,Vandalism,Public Order,Low,34,Female,Clear,No,3,Medium
INC-2024-2192,2024-06-23,2024,June,Sunday,Afternoon,Delhi (NCT),Delhi,Dwarka,Residential,Cyber Fraud,Financial Crime,Low,32,Male,Rainy,No,1,Low
INC-2024-0792,2024-06-22,2024,June,Saturday,Evening,Tamil Nadu,Chennai,Velachery,Street,Vehicle Theft,Property Crime,Medium,33,Female,Clear,Yes,3,Medium
INC-2024-0637,2024-06-22,2024,June,Saturday,Afternoon,West Bengal,Kolkata,Salt Lake,Commercial Market,Burglary,Property Crime,Medium,28,Female,Clear,No,2,Low
INC-2024-2204,2024-06-21,2024,June,Friday,Afternoon,West Bengal,Kolkata,Ballygunge,Residential,Theft,Property Crime,Low,31,Female,Clear,No,3,Low
INC-2024-1145,2024-06-21,2024,June,Friday,Afternoon,Telangana,Hyderabad,Gachibowli,Street,Theft,Property Crime,Low,47,Female,Clear,No,4,Low
INC-2024-0726,2024-06-21,2024,June,Friday,Night,Gujarat,Ahmedabad,Paldi,Parking Complex,Theft,Property Crime,Low,45,Female,Clear,No,4,Medium
INC-2024-2286,2024-06-20,2024,June,Thursday,Evening,Telangana,Hyderabad,Secunderabad,Parking Complex,Cyber Fraud,Financial Crime,Low,32,Female,Rainy,No,4,Medium
INC-2024-0258,2024-06-20,2024,June,Thursday,Afternoon,Maharashtra,Pune,Baner,Parking Complex,Vehicle Theft,Property Crime,Medium,45,Female,Foggy,No,4,Medium
INC-2024-0694,2024-06-18,2024,June,Tuesday,Night,Gujarat,Ahmedabad,Satellite,Public Park,Theft,Property Crime,Low,52,Male,Clear,No,4,Low
INC-2024-2244,2024-06-18,2024,June,Tuesday,Morning,Delhi (NCT),Delhi,Karol Bagh,Parking Complex,Robbery,Violent Crime,Medium,58,Male,Clear,No,5,Medium
INC-2024-1292,2024-06-18,2024,June,Tuesday,Night,Tamil Nadu,Chennai,Velachery,Residential,Burglary,Property Crime,Medium,39,Female,Rainy,No,4,Medium
INC-2024-1427,2024-06-18,2024,June,Tuesday,Evening,Gujarat,Ahmedabad,Sabarmati,Parking Complex,Burglary,Property Crime,Medium,29,Female,Clear,No,1,Medium
INC-2024-0035,2024-06-18,2024,June,Tuesday,Night,Maharashtra,Mumbai,Andheri,Residential,Cyber Fraud,Financial Crime,Low,37,Male,Clear,No,3,Medium
INC-2024-1053,2024-06-18,2024,June,Tuesday,Morning,Gujarat,Ahmedabad,Satellite,Public Park,Burglary,Property Crime,Medium,22,Male,Rainy,No,4,Low
INC-2024-0060,2024-06-18,2024,June,Tuesday,Afternoon,Karnataka,Bengaluru,Whitefield,Commercial Market,Theft,Property Crime,Low,18,Female,Clear,No,1,Low
INC-2024-1734,2024-06-17,2024,June,Monday,Evening,Telangana,Hyderabad,Madhapur,Transit Station,Cyber Fraud,Financial Crime,Low,63,Other,Clear,No,3,Medium
INC-2024-1084,2024-06-16,2024,June,Sunday,Morning,Gujarat,Ahmedabad,Maninagar,Transit Station,Vehicle Theft,Property Crime,Medium,43,Female,Clear,No,1,Low
INC-2024-2222,2024-06-15,2024,June,Saturday,Night,Delhi (NCT),Delhi,Rohini,Parking Complex,Cyber Fraud,Financial Crime,Low,44,Male,Clear,No,2,Medium
INC-2024-1050,2024-06-15,2024,June,Saturday,Evening,West Bengal,Kolkata,Salt Lake,Transit Station,Burglary,Property Crime,Medium,44,Female,Foggy,Yes,1,Medium
INC-2024-0510,2024-06-14,2024,June,Friday,Afternoon,Karnataka,Bengaluru,Koramangala,Commercial Market,Vehicle Theft,Property Crime,Medium,38,Male,Clear,No,2,Low
INC-2024-0754,2024-06-13,2024,June,Thursday,Afternoon,Maharashtra,Pune,Shivaji Nagar,Parking Complex,Vehicle Theft,Property Crime,Medium,33,Female,Rainy,No,2,Low
INC-2024-1515,2024-06-13,2024,June,Thursday,Evening,West Bengal,Kolkata,New Town,Commercial Market,Vandalism,Public Order,Low,33,Female,Cloudy,No,6,High
INC-2024-0927,2024-06-13,2024,June,Thursday,Evening,Maharashtra,Pune,Viman Nagar,Residential,Assault,Violent Crime,High,37,Male,Clear,No,3,Medium
INC-2024-1855,2024-06-12,2024,June,Wednesday,Night,Telangana,Hyderabad,Secunderabad,Commercial Market,Vandalism,Public Order,Low,47,Female,Clear,No,4,Medium
INC-2024-1432,2024-06-12,2024,June,Wednesday,Evening,West Bengal,Kolkata,New Town,Parking Complex,Theft,Property Crime,Low,30,Male,Clear,No,3,Medium
INC-2024-1193,2024-06-12,2024,June,Wednesday,Evening,Telangana,Hyderabad,Madhapur,Public Park,Vehicle Theft,Property Crime,Medium,41,Male,Clear,No,3,Low
INC-2024-0261,2024-06-11,2024,June,Tuesday,Evening,Telangana,Hyderabad,Hitec City,Street,Theft,Property Crime,Low,42,Male,Clear,No,1,Low
INC-2024-0855,2024-06-11,2024,June,Tuesday,Afternoon,Maharashtra,Mumbai,Fort Downtown,Residential,Cyber Fraud,Financial Crime,Low,40,Male,Rainy,No,5,Medium
INC-2024-1075,2024-06-10,2024,June,Monday,Evening,Telangana,Hyderabad,Gachibowli,Transit Station,Vehicle Theft,Property Crime,Medium,24,Male,Clear,No,4,Medium
INC-2024-1995,2024-06-10,2024,June,Monday,Morning,Telangana,Hyderabad,Charminar Heritage,Transit Station,Theft,Property Crime,Low,41,Male,Clear,No,11,High
INC-2024-1526,2024-06-08,2024,June,Saturday,Night,Karnataka,Bengaluru,Whitefield,Public Park,Vehicle Theft,Property Crime,Medium,18,Male,Rainy,No,4,Low
INC-2024-1149,2024-06-06,2024,June,Thursday,Evening,West Bengal,Kolkata,Esplanade,Commercial Market,Burglary,Property Crime,Medium,40,Male,Clear,No,6,High
INC-2024-2233,2024-06-05,2024,June,Wednesday,Morning,Telangana,Hyderabad,Gachibowli,Parking Complex,Cyber Fraud,Financial Crime,Low,50,Female,Clear,No,3,Low
INC-2024-0065,2024-06-05,2024,June,Wednesday,Evening,West Bengal,Kolkata,Ballygunge,Parking Complex,Theft,Property Crime,Low,27,Male,Rainy,No,1,Low
INC-2024-1475,2024-06-03,2024,June,Monday,Morning,Gujarat,Ahmedabad,Satellite,Commercial Market,Theft,Property Crime,Low,18,Male,Clear,No,3,Low
INC-2024-0883,2024-06-03,2024,June,Monday,Evening,Karnataka,Bengaluru,Whitefield,Public Park,Cyber Fraud,Financial Crime,Low,48,Male,Clear,No,0,Low
INC-2024-1681,2024-06-03,2024,June,Monday,Night,Delhi (NCT),Delhi,Connaught Place,Residential,Theft,Property Crime,Low,33,Male,Cloudy,No,7,High
INC-2024-0335,2024-06-02,2024,June,Sunday,Evening,Gujarat,Ahmedabad,Paldi,Parking Complex,Robbery,Violent Crime,Medium,26,Male,Clear,No,3,Medium
INC-2024-1998,2024-06-02,2024,June,Sunday,Afternoon,Gujarat,Ahmedabad,Sabarmati,Residential,Vehicle Theft,Property Crime,Medium,49,Female,Clear,No,7,Low
INC-2024-1218,2024-06-01,2024,June,Saturday,Morning,Gujarat,Ahmedabad,Sabarmati,Commercial Market,Vehicle Theft,Property Crime,Medium,30,Female,Rainy,No,3,Low
INC-2024-1789,2024-06-01,2024,June,Saturday,Night,Gujarat,Ahmedabad,Satellite,Commercial Market,Theft,Property Crime,Low,38,Male,Rainy,No,4,Medium
INC-2024-0628,2024-06-01,2024,June,Saturday,Night,Karnataka,Bengaluru,Jayanagar,Public Park,Theft,Property Crime,Low,35,Male,Cloudy,No,2,Low
INC-2024-0184,2024-06-01,2024,June,Saturday,Afternoon,Telangana,Hyderabad,Secunderabad,Public Park,Theft,Property Crime,Low,45,Female,Clear,No,6,Low
INC-2024-1281,2024-06-01,2024,June,Saturday,Morning,Maharashtra,Pune,Viman Nagar,Public Park,Vehicle Theft,Property Crime,Medium,35,Male,Clear,No,1,Low
INC-2024-0086,2024-05-31,2024,May,Friday,Evening,Maharashtra,Pune,Hinjewadi IT Park,Street,Cyber Fraud,Financial Crime,Low,44,Female,Rainy,No,2,Low
INC-2024-1749,2024-05-31,2024,May,Friday,Evening,Maharashtra,Pune,Shivaji Nagar,Commercial Market,Cyber Fraud,Financial Crime,Low,28,Male,Foggy,No,3,Medium
INC-2024-1389,2024-05-30,2024,May,Thursday,Evening,Delhi (NCT),Delhi,Karol Bagh,Street,Vandalism,Public Order,Low,29,Female,Rainy,No,3,Medium
INC-2024-2027,2024-05-29,2024,May,Wednesday,Afternoon,Tamil Nadu,Chennai,Anna Nagar,Street,Vehicle Theft,Property Crime,Medium,46,Female,Clear,No,3,Low
INC-2024-2172,2024-05-29,2024,May,Wednesday,Evening,Telangana,Hyderabad,Secunderabad,Parking Complex,Burglary,Property Crime,Medium,18,Other,Clear,No,5,Medium
INC-2024-1668,2024-05-29,2024,May,Wednesday,Morning,Tamil Nadu,Chennai,Anna Nagar,Parking Complex,Theft,Property Crime,Low,41,Male,Cloudy,No,5,Low
INC-2024-0172,2024-05-28,2024,May,Tuesday,Night,Maharashtra,Mumbai,Andheri,Transit Station,Cyber Fraud,Financial Crime,Low,32,Female,Clear,No,2,Medium
INC-2024-1553,2024-05-28,2024,May,Tuesday,Night,Karnataka,Bengaluru,Jayanagar,Street,Burglary,Property Crime,Medium,31,Female,Clear,No,2,Low
INC-2024-2069,2024-05-27,2024,May,Monday,Evening,Maharashtra,Mumbai,Harbor Docklands,Parking Complex,Vandalism,Public Order,Low,19,Male,Clear,No,9,High
INC-2024-1910,2024-05-27,2024,May,Monday,Evening,Maharashtra,Mumbai,Fort Downtown,Residential,Cyber Fraud,Financial Crime,Low,30,Female,Clear,No,3,High
INC-2024-1913,2024-05-26,2024,May,Sunday,Afternoon,West Bengal,Kolkata,New Town,Commercial Market,Theft,Property Crime,Low,30,Male,Rainy,No,6,Medium
INC-2024-0087,2024-05-26,2024,May,Sunday,Afternoon,Gujarat,Ahmedabad,Sabarmati,Commercial Market,Theft,Property Crime,Low,37,Female,Clear,No,3,Low
INC-2024-1444,2024-05-25,2024,May,Saturday,Afternoon,Gujarat,Ahmedabad,Navrangpura,Commercial Market,Theft,Property Crime,Low,23,Female,Clear,No,3,Medium
INC-2024-0256,2024-05-24,2024,May,Friday,Morning,Gujarat,Ahmedabad,Maninagar,Street,Cyber Fraud,Financial Crime,Low,51,Male,Clear,No,2,Low
INC-2024-0707,2024-05-24,2024,May,Friday,Evening,Gujarat,Ahmedabad,SG Highway,Public Park,Vandalism,Public Order,Low,25,Other,Clear,No,4,Medium
INC-2024-1206,2024-05-24,2024,May,Friday,Morning,Delhi (NCT),Delhi,Dwarka,Parking Complex,Vandalism,Public Order,Low,53,Male,Clear,No,4,Medium
INC-2024-1623,2024-05-24,2024,May,Friday,Evening,Telangana,Hyderabad,Charminar Heritage,Parking Complex,Cyber Fraud,Financial Crime,Low,30,Male,Clear,No,4,High
INC-2024-0875,2024-05-23,2024,May,Thursday,Night,Telangana,Hyderabad,Secunderabad,Transit Station,Vandalism,Public Order,Low,49,Male,Clear,No,3,Medium
INC-2024-0753,2024-05-23,2024,May,Thursday,Evening,Tamil Nadu,Chennai,Anna Nagar,Public Park,Cyber Fraud,Financial Crime,Low,32,Male,Clear,No,3,Medium
INC-2024-0166,2024-05-22,2024,May,Wednesday,Evening,West Bengal,Kolkata,Salt Lake,Commercial Market,Vandalism,Public Order,Low,39,Male,Rainy,No,4,Medium
INC-2024-0534,2024-05-22,2024,May,Wednesday,Afternoon,Maharashtra,Pune,Baner,Residential,Theft,Property Crime,Low,32,Female,Clear,No,4,Low
INC-2024-1118,2024-05-21,2024,May,Tuesday,Morning,Karnataka,Bengaluru,MG Road Central,Parking Complex,Assault,Violent Crime,High,36,Male,Clear,No,3,Low
INC-2024-1076,2024-05-20,2024,May,Monday,Afternoon,Maharashtra,Mumbai,Bandra,Parking Complex,Burglary,Property Crime,Medium,18,Female,Clear,No,1,Low
INC-2024-0167,2024-05-20,2024,May,Monday,Afternoon,Karnataka,Bengaluru,Electronic City,Parking Complex,Robbery,Violent Crime,Medium,18,Male,Clear,No,2,Low
INC-2024-0252,2024-05-19,2024,May,Sunday,Evening,West Bengal,Kolkata,Howrah,Parking Complex,Assault,Violent Crime,High,38,Male,Clear,No,8,High
INC-2024-1533,2024-05-19,2024,May,Sunday,Evening,Telangana,Hyderabad,Madhapur,Public Park,Vandalism,Public Order,Low,20,Male,Clear,No,1,Low
INC-2024-1892,2024-05-18,2024,May,Saturday,Afternoon,Maharashtra,Mumbai,Bandra,Parking Complex,Theft,Property Crime,Low,30,Male,Clear,No,3,Low
INC-2024-2030,2024-05-17,2024,May,Friday,Morning,Delhi (NCT),Delhi,Rohini,Parking Complex,Vehicle Theft,Property Crime,Medium,31,Male,Rainy,No,4,Medium
INC-2024-2132,2024-05-17,2024,May,Friday,Morning,Telangana,Hyderabad,Hitec City,Commercial Market,Theft,Property Crime,Low,44,Female,Clear,No,1,Low
INC-2024-0070,2024-05-17,2024,May,Friday,Afternoon,West Bengal,Kolkata,Salt Lake,Public Park,Cyber Fraud,Financial Crime,Low,44,Male,Clear,No,4,Low
INC-2024-2365,2024-05-16,2024,May,Thursday,Afternoon,West Bengal,Kolkata,Ballygunge,Public Park,Burglary,Property Crime,Medium,18,Male,Clear,No,2,Low
INC-2024-0751,2024-05-16,2024,May,Thursday,Night,Telangana,Hyderabad,Charminar Heritage,Transit Station,Vehicle Theft,Property Crime,Medium,57,Female,Foggy,No,2,High
INC-2024-1103,2024-05-16,2024,May,Thursday,Morning,Gujarat,Ahmedabad,Maninagar,Public Park,Vehicle Theft,Property Crime,Medium,41,Female,Rainy,No,0,Low
INC-2024-1723,2024-05-16,2024,May,Thursday,Afternoon,Delhi (NCT),Delhi,Rohini,Residential,Cyber Fraud,Financial Crime,Low,28,Female,Clear,No,1,Low
INC-2024-1566,2024-05-15,2024,May,Wednesday,Evening,Tamil Nadu,Chennai,Anna Nagar,Residential,Theft,Property Crime,Low,33,Female,Rainy,No,2,Low
INC-2024-0863,2024-05-15,2024,May,Wednesday,Night,Karnataka,Bengaluru,Jayanagar,Residential,Cyber Fraud,Financial Crime,Low,18,Female,Clear,Yes,1,Low
INC-2024-2279,2024-05-14,2024,May,Tuesday,Evening,Telangana,Hyderabad,Charminar Heritage,Public Park,Cyber Fraud,Financial Crime,Low,29,Female,Rainy,No,5,Medium
INC-2024-1689,2024-05-12,2024,May,Sunday,Evening,Tamil Nadu,Chennai,Guindy,Street,Vandalism,Public Order,Low,18,Female,Rainy,No,4,Low
INC-2024-1634,2024-05-12,2024,May,Sunday,Morning,Karnataka,Bengaluru,Koramangala,Street,Burglary,Property Crime,Medium,33,Male,Rainy,No,3,Low
INC-2024-1294,2024-05-11,2024,May,Saturday,Afternoon,Maharashtra,Mumbai,Harbor Docklands,Residential,Vandalism,Public Order,Low,18,Male,Foggy,No,11,Medium
INC-2024-2295,2024-05-10,2024,May,Friday,Morning,Gujarat,Ahmedabad,SG Highway,Residential,Robbery,Violent Crime,Medium,32,Male,Rainy,No,3,Low
INC-2024-2026,2024-05-10,2024,May,Friday,Afternoon,Telangana,Hyderabad,Charminar Heritage,Street,Cyber Fraud,Financial Crime,Low,46,Female,Clear,No,7,Medium
INC-2024-2092,2024-05-10,2024,May,Friday,Afternoon,Karnataka,Bengaluru,Jayanagar,Commercial Market,Theft,Property Crime,Low,36,Male,Clear,No,1,Low
INC-2024-1620,2024-05-10,2024,May,Friday,Evening,Delhi (NCT),Delhi,Karol Bagh,Residential,Robbery,Violent Crime,Medium,44,Male,Cloudy,No,2,Low
INC-2024-0684,2024-05-08,2024,May,Wednesday,Night,Delhi (NCT),Delhi,Dwarka,Residential,Assault,Violent Crime,High,24,Male,Cloudy,No,1,Low
INC-2024-1514,2024-05-07,2024,May,Tuesday,Evening,Karnataka,Bengaluru,Indiranagar,Parking Complex,Theft,Property Crime,Low,35,Male,Clear,Yes,7,High
INC-2024-0735,2024-05-07,2024,May,Tuesday,Afternoon,Gujarat,Ahmedabad,Sabarmati,Public Park,Cyber Fraud,Financial Crime,Low,39,Female,Rainy,No,2,Low
INC-2024-0683,2024-05-07,2024,May,Tuesday,Evening,Delhi (NCT),Delhi,Old Delhi,Commercial Market,Theft,Property Crime,Low,52,Male,Clear,No,6,High
INC-2024-2325,2024-05-07,2024,May,Tuesday,Afternoon,West Bengal,Kolkata,Ballygunge,Residential,Burglary,Property Crime,Medium,45,Male,Rainy,No,4,Low
INC-2024-0024,2024-05-06,2024,May,Monday,Evening,West Bengal,Kolkata,Ballygunge,Street,Vehicle Theft,Property Crime,Medium,61,Male,Clear,No,1,Low
INC-2024-1014,2024-05-06,2024,May,Monday,Morning,Karnataka,Bengaluru,Jayanagar,Parking Complex,Cyber Fraud,Financial Crime,Low,35,Male,Rainy,No,2,Low
INC-2024-1902,2024-05-05,2024,May,Sunday,Night,Karnataka,Bengaluru,Whitefield,Transit Station,Cyber Fraud,Financial Crime,Low,32,Male,Rainy,No,3,Medium
INC-2024-1421,2024-05-04,2024,May,Saturday,Afternoon,Maharashtra,Mumbai,Harbor Docklands,Parking Complex,Assault,Violent Crime,High,25,Male,Clear,No,9,High
INC-2024-1624,2024-05-03,2024,May,Friday,Evening,Maharashtra,Mumbai,Dadar,Commercial Market,Vandalism,Public Order,Low,20,Female,Clear,No,3,Medium
INC-2024-1601,2024-05-03,2024,May,Friday,Afternoon,Telangana,Hyderabad,Banjara Hills,Parking Complex,Cyber Fraud,Financial Crime,Low,43,Male,Clear,No,1,Low
INC-2024-0169,2024-05-02,2024,May,Thursday,Afternoon,Delhi (NCT),Delhi,Karol Bagh,Transit Station,Theft,Property Crime,Low,35,Male,Clear,No,4,Medium
INC-2024-0948,2024-05-01,2024,May,Wednesday,Morning,Delhi (NCT),Delhi,Old Delhi,Parking Complex,Assault,Violent Crime,High,36,Male,Clear,No,7,High
INC-2024-1917,2024-04-30,2024,April,Tuesday,Morning,Karnataka,Bengaluru,Koramangala,Transit Station,Cyber Fraud,Financial Crime,Low,39,Male,Rainy,No,3,Low
INC-2024-0601,2024-04-30,2024,April,Tuesday,Evening,Karnataka,Bengaluru,Indiranagar,Public Park,Robbery,Violent Crime,Medium,40,Female,Clear,Yes,2,Low
INC-2024-0597,2024-04-30,2024,April,Tuesday,Night,Telangana,Hyderabad,Hitec City,Street,Cyber Fraud,Financial Crime,Low,32,Female,Clear,No,1,Low
INC-2024-0879,2024-04-29,2024,April,Monday,Evening,West Bengal,Kolkata,New Town,Commercial Market,Cyber Fraud,Financial Crime,Low,40,Female,Clear,No,4,Medium
INC-2024-1743,2024-04-28,2024,April,Sunday,Morning,West Bengal,Kolkata,Howrah,Street,Cyber Fraud,Financial Crime,Low,36,Male,Clear,No,7,Medium
INC-2024-1202,2024-04-27,2024,April,Saturday,Night,Tamil Nadu,Chennai,Adyar,Public Park,Cyber Fraud,Financial Crime,Low,38,Male,Clear,No,3,Low
INC-2024-0203,2024-04-27,2024,April,Saturday,Evening,Delhi (NCT),Delhi,Old Delhi,Street,Robbery,Violent Crime,Medium,42,Female,Clear,No,6,High
INC-2024-2064,2024-04-26,2024,April,Friday,Evening,Delhi (NCT),Delhi,Connaught Place,Public Park,Vandalism,Public Order,Low,32,Female,Clear,No,10,High
INC-2024-0287,2024-04-26,2024,April,Friday,Evening,West Bengal,Kolkata,New Town,Transit Station,Vehicle Theft,Property Crime,Medium,29,Female,Cloudy,No,5,Medium
INC-2024-1232,2024-04-26,2024,April,Friday,Night,Tamil Nadu,Chennai,Marina Beachfront,Street,Vehicle Theft,Property Crime,Medium,20,Female,Clear,No,4,Medium
INC-2024-0708,2024-04-26,2024,April,Friday,Night,Delhi (NCT),Delhi,Dwarka,Residential,Cyber Fraud,Financial Crime,Low,37,Male,Rainy,No,3,Medium
INC-2024-1400,2024-04-24,2024,April,Wednesday,Morning,Karnataka,Bengaluru,MG Road Central,Public Park,Assault,Violent Crime,High,23,Female,Rainy,Yes,7,Low
INC-2024-0848,2024-04-24,2024,April,Wednesday,Evening,Telangana,Hyderabad,Madhapur,Street,Cyber Fraud,Financial Crime,Low,33,Male,Cloudy,No,3,Low
INC-2024-1134,2024-04-24,2024,April,Wednesday,Evening,Telangana,Hyderabad,Secunderabad,Street,Vehicle Theft,Property Crime,Medium,42,Male,Clear,No,1,Low
INC-2024-1674,2024-04-24,2024,April,Wednesday,Night,West Bengal,Kolkata,Park Street,Residential,Robbery,Violent Crime,Medium,28,Male,Clear,No,2,Low
INC-2024-2053,2024-04-24,2024,April,Wednesday,Morning,Karnataka,Bengaluru,Jayanagar,Commercial Market,Vehicle Theft,Property Crime,Medium,18,Female,Rainy,No,4,Low
INC-2024-1151,2024-04-23,2024,April,Tuesday,Afternoon,Tamil Nadu,Chennai,T. Nagar,Parking Complex,Theft,Property Crime,Low,26,Female,Rainy,Yes,6,High
INC-2024-1878,2024-04-23,2024,April,Tuesday,Night,Karnataka,Bengaluru,Whitefield,Transit Station,Theft,Property Crime,Low,48,Female,Rainy,No,4,Medium
INC-2024-0265,2024-04-23,2024,April,Tuesday,Night,Delhi (NCT),Delhi,Dwarka,Commercial Market,Burglary,Property Crime,Medium,23,Female,Clear,No,3,Medium
INC-2024-2216,2024-04-22,2024,April,Monday,Night,Maharashtra,Mumbai,Colaba,Commercial Market,Burglary,Property Crime,Medium,41,Male,Rainy,No,4,Medium
INC-2024-2248,2024-04-22,2024,April,Monday,Afternoon,Tamil Nadu,Chennai,Guindy,Street,Robbery,Violent Crime,Medium,19,Male,Clear,No,1,Low
INC-2024-1240,2024-04-20,2024,April,Saturday,Evening,West Bengal,Kolkata,Park Street,Street,Burglary,Property Crime,Medium,39,Female,Rainy,Yes,2,Low
INC-2024-1388,2024-04-20,2024,April,Saturday,Afternoon,West Bengal,Kolkata,Park Street,Residential,Vehicle Theft,Property Crime,Medium,30,Female,Clear,No,4,Low
INC-2024-1352,2024-04-20,2024,April,Saturday,Evening,Gujarat,Ahmedabad,Maninagar,Street,Theft,Property Crime,Low,30,Male,Cloudy,No,5,Low
INC-2024-0975,2024-04-19,2024,April,Friday,Afternoon,Maharashtra,Pune,Shivaji Nagar,Public Park,Cyber Fraud,Financial Crime,Low,44,Male,Clear,No,0,Low
INC-2024-0571,2024-04-19,2024,April,Friday,Afternoon,West Bengal,Kolkata,Howrah,Parking Complex,Cyber Fraud,Financial Crime,Low,49,Male,Foggy,No,8,High
INC-2024-0469,2024-04-18,2024,April,Thursday,Morning,Maharashtra,Mumbai,Dadar,Commercial Market,Theft,Property Crime,Low,32,Female,Clear,No,5,Low
INC-2024-0031,2024-04-17,2024,April,Wednesday,Evening,Tamil Nadu,Chennai,Guindy,Street,Vehicle Theft,Property Crime,Medium,30,Female,Cloudy,No,2,Low
INC-2024-1469,2024-04-17,2024,April,Wednesday,Morning,Gujarat,Ahmedabad,Navrangpura,Residential,Burglary,Property Crime,Medium,18,Female,Cloudy,No,6,Medium
INC-2024-1091,2024-04-16,2024,April,Tuesday,Afternoon,Telangana,Hyderabad,Gachibowli,Public Park,Theft,Property Crime,Low,37,Male,Cloudy,No,7,Low
INC-2024-2063,2024-04-16,2024,April,Tuesday,Afternoon,Tamil Nadu,Chennai,Adyar,Transit Station,Vandalism,Public Order,Low,40,Male,Clear,No,3,Low
INC-2024-0462,2024-04-16,2024,April,Tuesday,Morning,Maharashtra,Mumbai,Bandra,Street,Burglary,Property Crime,Medium,21,Female,Cloudy,No,0,Low
INC-2024-0870,2024-04-16,2024,April,Tuesday,Evening,Telangana,Hyderabad,Gachibowli,Street,Cyber Fraud,Financial Crime,Low,27,Female,Clear,No,3,Medium
INC-2024-1017,2024-04-16,2024,April,Tuesday,Evening,Karnataka,Bengaluru,Koramangala,Transit Station,Theft,Property Crime,Low,18,Female,Clear,No,2,Low
INC-2024-1268,2024-04-15,2024,April,Monday,Morning,Tamil Nadu,Chennai,Marina Beachfront,Transit Station,Vehicle Theft,Property Crime,Medium,28,Male,Clear,No,0,Low
INC-2024-0349,2024-04-15,2024,April,Monday,Morning,West Bengal,Kolkata,Esplanade,Street,Burglary,Property Crime,Medium,34,Male,Clear,No,8,Medium
INC-2024-1265,2024-04-14,2024,April,Sunday,Evening,West Bengal,Kolkata,Salt Lake,Street,Cyber Fraud,Financial Crime,Low,18,Male,Foggy,No,2,Low
INC-2024-1805,2024-04-13,2024,April,Saturday,Afternoon,Telangana,Hyderabad,Hitec City,Commercial Market,Theft,Property Crime,Low,39,Female,Clear,No,3,Low
INC-2024-0422,2024-04-13,2024,April,Saturday,Evening,Maharashtra,Pune,Kothrud,Street,Theft,Property Crime,Low,18,Female,Clear,No,2,Low
INC-2024-0213,2024-04-12,2024,April,Friday,Evening,Telangana,Hyderabad,Hitec City,Public Park,Vehicle Theft,Property Crime,Medium,43,Male,Clear,No,4,Low
INC-2024-1896,2024-04-11,2024,April,Thursday,Evening,Delhi (NCT),Delhi,South Delhi,Transit Station,Cyber Fraud,Financial Crime,Low,36,Female,Clear,No,1,Medium
INC-2024-0266,2024-04-11,2024,April,Thursday,Night,Tamil Nadu,Chennai,Adyar,Street,Robbery,Violent Crime,Medium,31,Male,Clear,No,2,Low
INC-2024-0607,2024-04-11,2024,April,Thursday,Morning,Karnataka,Bengaluru,Koramangala,Public Park,Cyber Fraud,Financial Crime,Low,20,Female,Foggy,No,2,Low
INC-2024-0894,2024-04-09,2024,April,Tuesday,Evening,Karnataka,Bengaluru,MG Road Central,Residential,Cyber Fraud,Financial Crime,Low,33,Female,Clear,No,7,Medium
INC-2024-1159,2024-04-06,2024,April,Saturday,Morning,Gujarat,Ahmedabad,Paldi,Commercial Market,Theft,Property Crime,Low,22,Male,Clear,No,3,Low
INC-2024-0574,2024-04-06,2024,April,Saturday,Morning,Gujarat,Ahmedabad,SG Highway,Parking Complex,Vehicle Theft,Property Crime,Medium,25,Male,Rainy,No,3,Low
INC-2024-1658,2024-04-04,2024,April,Thursday,Morning,Delhi (NCT),Delhi,Karol Bagh,Public Park,Burglary,Property Crime,Medium,24,Female,Foggy,No,3,Low
INC-2024-1741,2024-04-04,2024,April,Thursday,Afternoon,Gujarat,Ahmedabad,Navrangpura,Transit Station,Theft,Property Crime,Low,37,Male,Cloudy,No,10,High
INC-2024-1354,2024-04-01,2024,April,Monday,Morning,Delhi (NCT),Delhi,South Delhi,Residential,Vehicle Theft,Property Crime,Medium,44,Male,Clear,No,3,Low
INC-2024-1319,2024-04-01,2024,April,Monday,Night,Maharashtra,Pune,Hinjewadi IT Park,Street,Cyber Fraud,Financial Crime,Low,37,Male,Clear,No,4,Medium
INC-2024-1733,2024-04-01,2024,April,Monday,Afternoon,Karnataka,Bengaluru,Whitefield,Transit Station,Cyber Fraud,Financial Crime,Low,34,Female,Rainy,No,2,Low
INC-2024-1640,2024-03-31,2024,March,Sunday,Evening,Tamil Nadu,Chennai,Velachery,Parking Complex,Theft,Property Crime,Low,30,Male,Cloudy,No,3,Medium
INC-2024-0529,2024-03-31,2024,March,Sunday,Night,Delhi (NCT),Delhi,Dwarka,Transit Station,Theft,Property Crime,Low,41,Male,Rainy,No,5,Medium
INC-2024-0718,2024-03-30,2024,March,Saturday,Night,Telangana,Hyderabad,Hitec City,Transit Station,Vehicle Theft,Property Crime,Medium,18,Male,Clear,No,3,Medium
INC-2024-2093,2024-03-29,2024,March,Friday,Evening,Karnataka,Bengaluru,MG Road Central,Residential,Burglary,Property Crime,Medium,41,Male,Rainy,No,3,Low
INC-2024-0272,2024-03-29,2024,March,Friday,Evening,Delhi (NCT),Delhi,Rohini,Commercial Market,Vandalism,Public Order,Low,57,Female,Cloudy,Yes,4,High
INC-2024-2044,2024-03-28,2024,March,Thursday,Evening,Delhi (NCT),Delhi,Karol Bagh,Transit Station,Theft,Property Crime,Low,22,Male,Rainy,No,3,Medium
INC-2024-1438,2024-03-28,2024,March,Thursday,Evening,Telangana,Hyderabad,Madhapur,Residential,Cyber Fraud,Financial Crime,Low,32,Female,Clear,No,2,Low
INC-2024-1417,2024-03-27,2024,March,Wednesday,Afternoon,Gujarat,Ahmedabad,Navrangpura,Residential,Robbery,Violent Crime,Medium,38,Male,Clear,No,6,Medium
INC-2024-2314,2024-03-24,2024,March,Sunday,Night,Gujarat,Ahmedabad,Sabarmati,Commercial Market,Robbery,Violent Crime,Medium,28,Male,Cloudy,No,2,Low
INC-2024-0622,2024-03-24,2024,March,Sunday,Morning,Telangana,Hyderabad,Charminar Heritage,Parking Complex,Burglary,Property Crime,Medium,21,Female,Clear,No,6,High
INC-2024-0821,2024-03-24,2024,March,Sunday,Evening,Karnataka,Bengaluru,MG Road Central,Residential,Cyber Fraud,Financial Crime,Low,23,Male,Clear,No,6,Medium
INC-2024-0006,2024-03-24,2024,March,Sunday,Evening,Karnataka,Bengaluru,Indiranagar,Parking Complex,Robbery,Violent Crime,Medium,18,Female,Rainy,No,3,Medium
INC-2024-0003,2024-03-22,2024,March,Friday,Night,Tamil Nadu,Chennai,Anna Nagar,Commercial Market,Theft,Property Crime,Low,27,Male,Clear,No,3,Medium
INC-2024-0832,2024-03-21,2024,March,Thursday,Morning,Maharashtra,Mumbai,Andheri,Residential,Theft,Property Crime,Low,22,Male,Rainy,No,5,Low
INC-2024-1840,2024-03-20,2024,March,Wednesday,Evening,Gujarat,Ahmedabad,Paldi,Parking Complex,Cyber Fraud,Financial Crime,Low,41,Male,Clear,No,6,High
INC-2024-0094,2024-03-20,2024,March,Wednesday,Morning,Telangana,Hyderabad,Gachibowli,Transit Station,Assault,Violent Crime,High,25,Female,Clear,No,6,Medium
INC-2024-0421,2024-03-19,2024,March,Tuesday,Morning,West Bengal,Kolkata,Howrah,Public Park,Burglary,Property Crime,Medium,44,Female,Clear,No,5,Medium
INC-2024-0867,2024-03-19,2024,March,Tuesday,Evening,Maharashtra,Mumbai,Harbor Docklands,Public Park,Theft,Property Crime,Low,51,Female,Foggy,No,4,High
INC-2024-1024,2024-03-19,2024,March,Tuesday,Morning,Tamil Nadu,Chennai,T. Nagar,Public Park,Theft,Property Crime,Low,22,Male,Clear,No,10,Medium
INC-2024-1506,2024-03-18,2024,March,Monday,Evening,Telangana,Hyderabad,Secunderabad,Parking Complex,Cyber Fraud,Financial Crime,Low,55,Male,Clear,No,1,Low
INC-2024-1810,2024-03-18,2024,March,Monday,Night,Gujarat,Ahmedabad,Satellite,Parking Complex,Cyber Fraud,Financial Crime,Low,53,Female,Rainy,No,1,Medium
INC-2024-1114,2024-03-18,2024,March,Monday,Afternoon,Delhi (NCT),Delhi,South Delhi,Parking Complex,Theft,Property Crime,Low,21,Female,Rainy,No,2,Low
INC-2024-0079,2024-03-18,2024,March,Monday,Morning,Telangana,Hyderabad,Hitec City,Transit Station,Vehicle Theft,Property Crime,Medium,30,Female,Cloudy,No,4,Low
INC-2024-2070,2024-03-18,2024,March,Monday,Afternoon,Telangana,Hyderabad,Madhapur,Street,Burglary,Property Crime,Medium,46,Female,Cloudy,No,4,Low
INC-2024-0041,2024-03-16,2024,March,Saturday,Evening,Maharashtra,Mumbai,Bandra,Public Park,Cyber Fraud,Financial Crime,Low,22,Female,Clear,No,2,Low
INC-2024-1635,2024-03-16,2024,March,Saturday,Afternoon,Delhi (NCT),Delhi,Dwarka,Public Park,Theft,Property Crime,Low,25,Male,Rainy,No,5,Low
INC-2024-0827,2024-03-15,2024,March,Friday,Afternoon,Maharashtra,Pune,Kothrud,Residential,Vandalism,Public Order,Low,29,Other,Clear,No,3,Low
INC-2024-0411,2024-03-15,2024,March,Friday,Afternoon,Maharashtra,Pune,Viman Nagar,Street,Cyber Fraud,Financial Crime,Low,34,Male,Cloudy,No,2,Low
INC-2024-1979,2024-03-15,2024,March,Friday,Evening,Gujarat,Ahmedabad,SG Highway,Street,Theft,Property Crime,Low,18,Male,Rainy,No,6,Medium
INC-2024-1130,2024-03-15,2024,March,Friday,Evening,Maharashtra,Pune,Kothrud,Street,Vandalism,Public Order,Low,28,Other,Clear,No,1,Low
INC-2024-2089,2024-03-13,2024,March,Wednesday,Night,Delhi (NCT),Delhi,South Delhi,Commercial Market,Theft,Property Crime,Low,28,Male,Clear,No,4,Medium
INC-2024-1685,2024-03-13,2024,March,Wednesday,Night,Gujarat,Ahmedabad,Sabarmati,Transit Station,Vehicle Theft,Property Crime,Medium,48,Male,Clear,No,1,Medium
INC-2024-1249,2024-03-11,2024,March,Monday,Evening,Karnataka,Bengaluru,MG Road Central,Residential,Cyber Fraud,Financial Crime,Low,63,Male,Clear,No,6,Medium
INC-2024-0557,2024-03-11,2024,March,Monday,Morning,Delhi (NCT),Delhi,Dwarka,Commercial Market,Cyber Fraud,Financial Crime,Low,18,Male,Cloudy,No,4,Medium
INC-2024-2019,2024-03-11,2024,March,Monday,Night,Delhi (NCT),Delhi,Dwarka,Commercial Market,Theft,Property Crime,Low,32,Female,Rainy,No,4,Medium
INC-2024-0789,2024-03-10,2024,March,Sunday,Evening,Telangana,Hyderabad,Secunderabad,Parking Complex,Robbery,Violent Crime,Medium,45,Female,Clear,No,6,High
INC-2024-1678,2024-03-10,2024,March,Sunday,Afternoon,Maharashtra,Mumbai,Bandra,Commercial Market,Vehicle Theft,Property Crime,Medium,31,Male,Clear,No,2,Low
INC-2024-0813,2024-03-09,2024,March,Saturday,Morning,Karnataka,Bengaluru,Jayanagar,Residential,Theft,Property Crime,Low,41,Other,Rainy,No,4,Low
INC-2024-0173,2024-03-09,2024,March,Saturday,Afternoon,Gujarat,Ahmedabad,Maninagar,Residential,Vandalism,Public Order,Low,27,Female,Rainy,No,2,Low
INC-2024-1687,2024-03-08,2024,March,Friday,Night,Maharashtra,Mumbai,Harbor Docklands,Commercial Market,Vehicle Theft,Property Crime,Medium,19,Female,Rainy,No,7,High
INC-2024-1067,2024-03-08,2024,March,Friday,Evening,West Bengal,Kolkata,Park Street,Residential,Theft,Property Crime,Low,58,Female,Rainy,No,3,Medium
INC-2024-1450,2024-03-08,2024,March,Friday,Morning,Tamil Nadu,Chennai,Anna Nagar,Commercial Market,Theft,Property Crime,Low,37,Male,Clear,Yes,2,Low
INC-2024-1797,2024-03-08,2024,March,Friday,Morning,Delhi (NCT),Delhi,South Delhi,Street,Burglary,Property Crime,Medium,35,Female,Clear,No,1,Low
INC-2024-1869,2024-03-07,2024,March,Thursday,Evening,Telangana,Hyderabad,Hitec City,Street,Theft,Property Crime,Low,35,Male,Clear,No,4,Low
INC-2024-0856,2024-03-05,2024,March,Tuesday,Afternoon,Tamil Nadu,Chennai,Guindy,Transit Station,Theft,Property Crime,Low,33,Female,Foggy,No,4,Low
INC-2024-0762,2024-03-05,2024,March,Tuesday,Night,West Bengal,Kolkata,Park Street,Public Park,Theft,Property Crime,Low,45,Male,Clear,No,6,Medium
INC-2024-1092,2024-03-03,2024,March,Sunday,Afternoon,Delhi (NCT),Delhi,Connaught Place,Public Park,Burglary,Property Crime,Medium,50,Male,Foggy,No,5,Medium
INC-2024-1144,2024-03-02,2024,March,Saturday,Afternoon,Gujarat,Ahmedabad,Maninagar,Street,Vehicle Theft,Property Crime,Medium,23,Female,Clear,No,4,Low
INC-2024-1063,2024-03-02,2024,March,Saturday,Night,Tamil Nadu,Chennai,Anna Nagar,Public Park,Vehicle Theft,Property Crime,Medium,28,Female,Cloudy,No,1,Low
INC-2024-1223,2024-03-02,2024,March,Saturday,Morning,Tamil Nadu,Chennai,Marina Beachfront,Residential,Theft,Property Crime,Low,32,Female,Clear,No,4,Low
INC-2024-1406,2024-03-02,2024,March,Saturday,Night,Karnataka,Bengaluru,Whitefield,Public Park,Theft,Property Crime,Low,33,Female,Clear,No,1,Low
INC-2024-1710,2024-03-01,2024,March,Friday,Evening,West Bengal,Kolkata,Esplanade,Transit Station,Theft,Property Crime,Low,30,Female,Clear,No,10,High
INC-2024-1732,2024-03-01,2024,March,Friday,Evening,Gujarat,Ahmedabad,Satellite,Public Park,Theft,Property Crime,Low,43,Female,Clear,No,0,Low
INC-2024-0064,2024-03-01,2024,March,Friday,Afternoon,West Bengal,Kolkata,Ballygunge,Transit Station,Vandalism,Public Order,Low,27,Male,Clear,No,1,Low
INC-2024-0831,2024-03-01,2024,March,Friday,Night,Tamil Nadu,Chennai,Marina Beachfront,Parking Complex,Theft,Property Crime,Low,25,Female,Clear,No,1,Low
INC-2024-0378,2024-03-01,2024,March,Friday,Morning,Tamil Nadu,Chennai,Marina Beachfront,Parking Complex,Assault,Violent Crime,High,33,Female,Clear,No,4,Low
INC-2024-1978,2024-03-01,2024,March,Friday,Evening,West Bengal,Kolkata,Ballygunge,Parking Complex,Vandalism,Public Order,Low,30,Male,Foggy,No,4,Medium
INC-2024-1599,2024-02-29,2024,February,Thursday,Morning,Maharashtra,Pune,Viman Nagar,Public Park,Theft,Property Crime,Low,55,Female,Cloudy,No,7,Medium
INC-2024-0322,2024-02-27,2024,February,Tuesday,Evening,Delhi (NCT),Delhi,South Delhi,Street,Vehicle Theft,Property Crime,Medium,34,Male,Cloudy,No,4,Medium
INC-2024-1935,2024-02-27,2024,February,Tuesday,Evening,Telangana,Hyderabad,Secunderabad,Street,Vehicle Theft,Property Crime,Medium,18,Male,Rainy,No,3,Medium
INC-2024-2242,2024-02-26,2024,February,Monday,Afternoon,Karnataka,Bengaluru,Jayanagar,Residential,Burglary,Property Crime,Medium,24,Female,Clear,No,3,Low
INC-2024-0019,2024-02-25,2024,February,Sunday,Afternoon,Delhi (NCT),Delhi,South Delhi,Transit Station,Vehicle Theft,Property Crime,Medium,25,Female,Clear,No,3,Low
INC-2024-0053,2024-02-25,2024,February,Sunday,Night,West Bengal,Kolkata,Howrah,Transit Station,Burglary,Property Crime,Medium,25,Male,Clear,No,2,High
INC-2024-1843,2024-02-24,2024,February,Saturday,Evening,Telangana,Hyderabad,Secunderabad,Parking Complex,Vandalism,Public Order,Low,26,Male,Cloudy,No,1,Medium
INC-2024-0521,2024-02-24,2024,February,Saturday,Night,Maharashtra,Pune,Camp Cantonment,Transit Station,Theft,Property Crime,Low,35,Other,Clear,No,6,High
INC-2024-1102,2024-02-23,2024,February,Friday,Afternoon,Delhi (NCT),Delhi,Old Delhi,Residential,Burglary,Property Crime,Medium,27,Female,Rainy,No,6,High
INC-2024-0477,2024-02-22,2024,February,Thursday,Evening,West Bengal,Kolkata,Park Street,Transit Station,Burglary,Property Crime,Medium,43,Male,Clear,No,2,Medium
INC-2024-1392,2024-02-21,2024,February,Wednesday,Night,Delhi (NCT),Delhi,Old Delhi,Commercial Market,Vehicle Theft,Property Crime,Medium,44,Female,Clear,No,6,High
INC-2024-2303,2024-02-21,2024,February,Wednesday,Evening,Tamil Nadu,Chennai,Anna Nagar,Commercial Market,Theft,Property Crime,Low,31,Male,Rainy,No,4,Medium
INC-2024-0962,2024-02-21,2024,February,Wednesday,Night,Delhi (NCT),Delhi,Dwarka,Street,Burglary,Property Crime,Medium,33,Female,Clear,No,0,Low
INC-2024-2017,2024-02-21,2024,February,Wednesday,Evening,Delhi (NCT),Delhi,South Delhi,Parking Complex,Cyber Fraud,Financial Crime,Low,29,Male,Cloudy,No,2,Medium
INC-2024-0860,2024-02-20,2024,February,Tuesday,Night,Maharashtra,Mumbai,Colaba,Parking Complex,Theft,Property Crime,Low,50,Female,Clear,No,4,Medium
INC-2024-0425,2024-02-19,2024,February,Monday,Evening,Maharashtra,Mumbai,Harbor Docklands,Public Park,Theft,Property Crime,Low,26,Male,Clear,No,10,High
INC-2024-0320,2024-02-18,2024,February,Sunday,Morning,Gujarat,Ahmedabad,Navrangpura,Residential,Burglary,Property Crime,Medium,51,Female,Clear,No,9,Medium
INC-2024-2136,2024-02-18,2024,February,Sunday,Night,Tamil Nadu,Chennai,Anna Nagar,Public Park,Cyber Fraud,Financial Crime,Low,31,Male,Clear,No,6,Medium
INC-2024-2095,2024-02-17,2024,February,Saturday,Night,Karnataka,Bengaluru,MG Road Central,Public Park,Vehicle Theft,Property Crime,Medium,51,Male,Clear,No,2,Low
INC-2024-0788,2024-02-17,2024,February,Saturday,Night,Delhi (NCT),Delhi,Connaught Place,Parking Complex,Vehicle Theft,Property Crime,Medium,34,Female,Cloudy,Yes,7,High
INC-2024-2077,2024-02-17,2024,February,Saturday,Night,Karnataka,Bengaluru,Koramangala,Residential,Assault,Violent Crime,High,18,Male,Clear,Yes,5,Medium
INC-2024-1455,2024-02-16,2024,February,Friday,Afternoon,West Bengal,Kolkata,New Town,Commercial Market,Cyber Fraud,Financial Crime,Low,18,Female,Rainy,No,5,Low
INC-2024-1486,2024-02-16,2024,February,Friday,Morning,Telangana,Hyderabad,Gachibowli,Transit Station,Cyber Fraud,Financial Crime,Low,24,Male,Clear,No,1,Low
INC-2024-1771,2024-02-16,2024,February,Friday,Evening,Karnataka,Bengaluru,MG Road Central,Parking Complex,Cyber Fraud,Financial Crime,Low,45,Male,Cloudy,No,0,Low
INC-2024-0982,2024-02-16,2024,February,Friday,Morning,Gujarat,Ahmedabad,Maninagar,Transit Station,Theft,Property Crime,Low,38,Other,Clear,No,3,Low
INC-2024-0497,2024-02-15,2024,February,Thursday,Evening,Delhi (NCT),Delhi,Karol Bagh,Parking Complex,Burglary,Property Crime,Medium,18,Female,Rainy,No,2,Medium
INC-2024-1507,2024-02-15,2024,February,Thursday,Evening,Gujarat,Ahmedabad,Navrangpura,Commercial Market,Vehicle Theft,Property Crime,Medium,26,Male,Rainy,No,7,High
INC-2024-0746,2024-02-15,2024,February,Thursday,Night,Maharashtra,Pune,Kothrud,Commercial Market,Burglary,Property Crime,Medium,25,Other,Clear,No,1,Medium
INC-2024-1986,2024-02-14,2024,February,Wednesday,Evening,Tamil Nadu,Chennai,Anna Nagar,Street,Burglary,Property Crime,Medium,21,Male,Clear,No,3,Low
INC-2024-1321,2024-02-14,2024,February,Wednesday,Night,Maharashtra,Mumbai,Bandra,Commercial Market,Theft,Property Crime,Low,45,Female,Clear,No,1,Medium
INC-2024-0844,2024-02-14,2024,February,Wednesday,Afternoon,Telangana,Hyderabad,Gachibowli,Commercial Market,Cyber Fraud,Financial Crime,Low,40,Male,Clear,No,3,Low
INC-2024-0893,2024-02-13,2024,February,Tuesday,Afternoon,Karnataka,Bengaluru,Indiranagar,Residential,Vehicle Theft,Property Crime,Medium,35,Male,Clear,No,2,Low
INC-2024-1179,2024-02-12,2024,February,Monday,Morning,Karnataka,Bengaluru,Koramangala,Transit Station,Vehicle Theft,Property Crime,Medium,28,Male,Cloudy,No,3,Low
INC-2024-0595,2024-02-12,2024,February,Monday,Night,Karnataka,Bengaluru,Koramangala,Public Park,Burglary,Property Crime,Medium,28,Female,Clear,No,5,Low
INC-2024-0168,2024-02-10,2024,February,Saturday,Night,Karnataka,Bengaluru,Jayanagar,Commercial Market,Theft,Property Crime,Low,40,Male,Clear,No,2,Low
INC-2024-1207,2024-02-10,2024,February,Saturday,Evening,Karnataka,Bengaluru,Indiranagar,Public Park,Cyber Fraud,Financial Crime,Low,23,Male,Rainy,No,1,Low
INC-2024-2291,2024-02-09,2024,February,Friday,Night,Telangana,Hyderabad,Charminar Heritage,Transit Station,Cyber Fraud,Financial Crime,Low,31,Male,Clear,No,8,High
INC-2024-1537,2024-02-09,2024,February,Friday,Night,Maharashtra,Mumbai,Bandra,Residential,Robbery,Violent Crime,Medium,41,Female,Clear,No,6,Medium
INC-2024-0720,2024-02-09,2024,February,Friday,Morning,Gujarat,Ahmedabad,Sabarmati,Commercial Market,Vehicle Theft,Property Crime,Medium,34,Male,Clear,No,1,Low
INC-2024-1222,2024-02-08,2024,February,Thursday,Morning,Karnataka,Bengaluru,Jayanagar,Street,Theft,Property Crime,Low,39,Female,Clear,No,4,Low
INC-2024-0880,2024-02-08,2024,February,Thursday,Afternoon,West Bengal,Kolkata,Esplanade,Public Park,Vehicle Theft,Property Crime,Medium,26,Female,Clear,No,4,Medium
INC-2024-0387,2024-02-08,2024,February,Thursday,Night,West Bengal,Kolkata,New Town,Commercial Market,Vehicle Theft,Property Crime,Medium,47,Female,Clear,No,5,Medium
INC-2024-1185,2024-02-08,2024,February,Thursday,Evening,Maharashtra,Mumbai,Dadar,Commercial Market,Robbery,Violent Crime,Medium,25,Female,Clear,No,2,Medium
INC-2024-0247,2024-02-07,2024,February,Wednesday,Night,Maharashtra,Mumbai,Colaba,Commercial Market,Theft,Property Crime,Low,27,Male,Cloudy,No,3,Medium
INC-2024-1563,2024-02-07,2024,February,Wednesday,Night,Gujarat,Ahmedabad,Maninagar,Commercial Market,Cyber Fraud,Financial Crime,Low,33,Male,Clear,No,4,Medium
INC-2024-0514,2024-02-05,2024,February,Monday,Night,West Bengal,Kolkata,Park Street,Public Park,Assault,Violent Crime,High,30,Female,Clear,No,4,Low
INC-2024-1792,2024-02-05,2024,February,Monday,Evening,West Bengal,Kolkata,Salt Lake,Public Park,Assault,Violent Crime,High,37,Female,Clear,No,2,Low
INC-2024-0692,2024-02-05,2024,February,Monday,Evening,Karnataka,Bengaluru,Jayanagar,Public Park,Assault,Violent Crime,High,26,Female,Clear,No,3,Medium
INC-2024-1796,2024-02-05,2024,February,Monday,Night,Telangana,Hyderabad,Gachibowli,Commercial Market,Vehicle Theft,Property Crime,Medium,18,Male,Clear,No,2,Medium
INC-2024-1920,2024-02-04,2024,February,Sunday,Evening,Karnataka,Bengaluru,Jayanagar,Street,Vandalism,Public Order,Low,44,Male,Rainy,No,4,Low
INC-2024-1413,2024-02-04,2024,February,Sunday,Evening,Gujarat,Ahmedabad,Navrangpura,Public Park,Robbery,Violent Crime,Medium,52,Male,Clear,No,5,Medium
INC-2024-0759,2024-02-03,2024,February,Saturday,Evening,Tamil Nadu,Chennai,Marina Beachfront,Parking Complex,Burglary,Property Crime,Medium,40,Female,Rainy,No,2,Low
INC-2024-0100,2024-02-01,2024,February,Thursday,Evening,Telangana,Hyderabad,Gachibowli,Parking Complex,Cyber Fraud,Financial Crime,Low,18,Male,Clear,No,1,Low
INC-2024-0830,2024-01-31,2024,January,Wednesday,Evening,Karnataka,Bengaluru,Indiranagar,Commercial Market,Vandalism,Public Order,Low,48,Male,Cloudy,No,3,Medium
INC-2024-1204,2024-01-31,2024,January,Wednesday,Afternoon,Telangana,Hyderabad,Hitec City,Parking Complex,Cyber Fraud,Financial Crime,Low,41,Female,Rainy,No,1,Low
INC-2024-0197,2024-01-31,2024,January,Wednesday,Morning,West Bengal,Kolkata,Park Street,Parking Complex,Theft,Property Crime,Low,18,Male,Clear,No,1,Low
INC-2024-1055,2024-01-31,2024,January,Wednesday,Evening,Karnataka,Bengaluru,Jayanagar,Street,Burglary,Property Crime,Medium,47,Male,Rainy,No,1,Low
INC-2024-0786,2024-01-28,2024,January,Sunday,Afternoon,Tamil Nadu,Chennai,Guindy,Residential,Burglary,Property Crime,Medium,25,Male,Clear,No,1,Low
INC-2024-2399,2024-01-28,2024,January,Sunday,Afternoon,Telangana,Hyderabad,Madhapur,Residential,Theft,Property Crime,Low,25,Other,Rainy,No,1,Low
INC-2024-0667,2024-01-27,2024,January,Saturday,Evening,Delhi (NCT),Delhi,Rohini,Transit Station,Theft,Property Crime,Low,52,Male,Clear,No,1,Medium
INC-2024-1630,2024-01-27,2024,January,Saturday,Afternoon,Tamil Nadu,Chennai,Guindy,Transit Station,Cyber Fraud,Financial Crime,Low,26,Female,Cloudy,No,4,Low
INC-2024-0463,2024-01-26,2024,January,Friday,Evening,Maharashtra,Pune,Kothrud,Residential,Burglary,Property Crime,Medium,42,Female,Rainy,Yes,2,Medium
INC-2024-0480,2024-01-26,2024,January,Friday,Morning,Maharashtra,Pune,Shivaji Nagar,Street,Vehicle Theft,Property Crime,Medium,40,Female,Rainy,Yes,7,Medium
INC-2024-2328,2024-01-25,2024,January,Thursday,Night,Delhi (NCT),Delhi,Old Delhi,Public Park,Theft,Property Crime,Low,40,Male,Rainy,No,5,High
INC-2024-2276,2024-01-24,2024,January,Wednesday,Evening,Delhi (NCT),Delhi,South Delhi,Parking Complex,Burglary,Property Crime,Medium,34,Female,Foggy,No,3,Medium
INC-2024-0364,2024-01-24,2024,January,Wednesday,Evening,Maharashtra,Pune,Shivaji Nagar,Parking Complex,Assault,Violent Crime,High,42,Female,Clear,No,2,Medium
INC-2024-2298,2024-01-24,2024,January,Wednesday,Night,Tamil Nadu,Chennai,Guindy,Parking Complex,Vehicle Theft,Property Crime,Medium,38,Female,Rainy,No,3,Medium
INC-2024-2353,2024-01-22,2024,January,Monday,Afternoon,Tamil Nadu,Chennai,Adyar,Transit Station,Theft,Property Crime,Low,21,Female,Clear,No,2,Low
INC-2024-1426,2024-01-21,2024,January,Sunday,Evening,West Bengal,Kolkata,Salt Lake,Public Park,Burglary,Property Crime,Medium,50,Female,Rainy,No,3,Low
INC-2024-1974,2024-01-21,2024,January,Sunday,Night,Delhi (NCT),Delhi,Rohini,Transit Station,Vehicle Theft,Property Crime,Medium,38,Male,Rainy,No,2,Medium
INC-2024-1242,2024-01-21,2024,January,Sunday,Morning,Karnataka,Bengaluru,MG Road Central,Street,Assault,Violent Crime,High,55,Male,Clear,No,4,Low
INC-2024-1116,2024-01-21,2024,January,Sunday,Night,Telangana,Hyderabad,Banjara Hills,Parking Complex,Cyber Fraud,Financial Crime,Low,34,Female,Rainy,No,2,Low
INC-2024-0182,2024-01-17,2024,January,Wednesday,Evening,Karnataka,Bengaluru,Indiranagar,Residential,Assault,Violent Crime,High,18,Male,Clear,No,5,Medium
INC-2024-0640,2024-01-17,2024,January,Wednesday,Afternoon,Gujarat,Ahmedabad,Maninagar,Public Park,Theft,Property Crime,Low,22,Other,Rainy,No,7,Low
INC-2024-1007,2024-01-16,2024,January,Tuesday,Morning,Gujarat,Ahmedabad,Sabarmati,Parking Complex,Vehicle Theft,Property Crime,Medium,44,Female,Rainy,No,4,Low
INC-2024-1788,2024-01-15,2024,January,Monday,Afternoon,West Bengal,Kolkata,Salt Lake,Parking Complex,Vehicle Theft,Property Crime,Medium,20,Male,Cloudy,No,5,Low
INC-2024-0500,2024-01-14,2024,January,Sunday,Afternoon,Karnataka,Bengaluru,Koramangala,Residential,Vandalism,Public Order,Low,28,Female,Clear,No,0,Low
INC-2024-0147,2024-01-14,2024,January,Sunday,Night,Karnataka,Bengaluru,MG Road Central,Transit Station,Cyber Fraud,Financial Crime,Low,62,Female,Clear,No,3,Medium
INC-2024-2135,2024-01-13,2024,January,Saturday,Afternoon,Karnataka,Bengaluru,Electronic City,Commercial Market,Burglary,Property Crime,Medium,18,Female,Clear,No,2,Low
INC-2024-1034,2024-01-13,2024,January,Saturday,Morning,West Bengal,Kolkata,Salt Lake,Commercial Market,Vehicle Theft,Property Crime,Medium,38,Female,Clear,No,5,Low
INC-2024-1377,2024-01-12,2024,January,Friday,Night,Tamil Nadu,Chennai,Marina Beachfront,Public Park,Vehicle Theft,Property Crime,Medium,28,Female,Cloudy,No,2,Low
INC-2024-0680,2024-01-12,2024,January,Friday,Morning,Tamil Nadu,Chennai,Guindy,Transit Station,Robbery,Violent Crime,Medium,29,Female,Clear,No,1,Low
INC-2024-1378,2024-01-12,2024,January,Friday,Evening,Gujarat,Ahmedabad,Paldi,Street,Vehicle Theft,Property Crime,Medium,32,Other,Clear,No,3,Low
INC-2024-1698,2024-01-10,2024,January,Wednesday,Afternoon,Karnataka,Bengaluru,Electronic City,Transit Station,Vehicle Theft,Property Crime,Medium,18,Female,Clear,No,3,Low
INC-2024-2087,2024-01-10,2024,January,Wednesday,Morning,Tamil Nadu,Chennai,Adyar,Residential,Vehicle Theft,Property Crime,Medium,32,Male,Clear,No,2,Low
INC-2024-0518,2024-01-09,2024,January,Tuesday,Morning,Maharashtra,Pune,Shivaji Nagar,Commercial Market,Vandalism,Public Order,Low,18,Female,Clear,No,3,Low
INC-2024-0204,2024-01-09,2024,January,Tuesday,Afternoon,Delhi (NCT),Delhi,Karol Bagh,Public Park,Robbery,Violent Crime,Medium,18,Female,Rainy,No,5,Low
INC-2024-2049,2024-01-09,2024,January,Tuesday,Evening,Tamil Nadu,Chennai,Marina Beachfront,Street,Theft,Property Crime,Low,18,Female,Rainy,No,3,Medium
INC-2024-1371,2024-01-09,2024,January,Tuesday,Night,Gujarat,Ahmedabad,Satellite,Street,Theft,Property Crime,Low,18,Male,Cloudy,No,3,Medium
INC-2024-1929,2024-01-08,2024,January,Monday,Night,Telangana,Hyderabad,Secunderabad,Transit Station,Cyber Fraud,Financial Crime,Low,18,Other,Cloudy,No,4,Medium
INC-2024-0819,2024-01-07,2024,January,Sunday,Night,West Bengal,Kolkata,New Town,Public Park,Theft,Property Crime,Low,39,Male,Rainy,No,2,Low
INC-2024-1610,2024-01-07,2024,January,Sunday,Afternoon,Delhi (NCT),Delhi,Karol Bagh,Residential,Assault,Violent Crime,High,18,Female,Rainy,No,2,Low
INC-2024-1586,2024-01-06,2024,January,Saturday,Morning,Delhi (NCT),Delhi,Karol Bagh,Street,Theft,Property Crime,Low,49,Male,Clear,No,0,Low
INC-2024-0750,2024-01-05,2024,January,Friday,Night,Maharashtra,Pune,Shivaji Nagar,Parking Complex,Cyber Fraud,Financial Crime,Low,25,Male,Clear,No,4,Medium
INC-2024-1476,2024-01-05,2024,January,Friday,Afternoon,West Bengal,Kolkata,Salt Lake,Residential,Cyber Fraud,Financial Crime,Low,42,Male,Clear,No,1,Low
INC-2024-1931,2024-01-04,2024,January,Thursday,Afternoon,West Bengal,Kolkata,Howrah,Transit Station,Theft,Property Crime,Low,50,Female,Clear,Yes,6,High
INC-2024-0618,2024-01-03,2024,January,Wednesday,Evening,West Bengal,Kolkata,New Town,Street,Theft,Property Crime,Low,33,Male,Clear,No,0,Low
INC-2024-1100,2024-01-01,2024,January,Monday,Evening,Karnataka,Bengaluru,MG Road Central,Commercial Market,Cyber Fraud,Financial Crime,Low,30,Female,Clear,No,0,Low
INC-2024-2035,2024-01-01,2024,January,Monday,Night,Delhi (NCT),Delhi,Old Delhi,Residential,Burglary,Property Crime,Medium,23,Male,Clear,No,6,High
INC-2023-1973,2023-12-31,2023,December,Sunday,Morning,West Bengal,Kolkata,Salt Lake,Street,Vandalism,Public Order,Low,27,Female,Clear,No,5,Low
INC-2023-0444,2023-12-31,2023,December,Sunday,Evening,Maharashtra,Mumbai,Bandra,Transit Station,Vehicle Theft,Property Crime,Medium,34,Female,Rainy,Yes,3,Medium
INC-2023-0336,2023-12-30,2023,December,Saturday,Afternoon,Tamil Nadu,Chennai,Velachery,Transit Station,Burglary,Property Crime,Medium,18,Male,Clear,No,1,Low
INC-2023-2193,2023-12-30,2023,December,Saturday,Afternoon,Maharashtra,Mumbai,Andheri,Residential,Robbery,Violent Crime,Medium,22,Male,Clear,No,4,Low
INC-2023-0113,2023-12-30,2023,December,Saturday,Night,Tamil Nadu,Chennai,Anna Nagar,Street,Vehicle Theft,Property Crime,Medium,52,Male,Clear,No,2,Low
INC-2023-1396,2023-12-29,2023,December,Friday,Morning,Maharashtra,Pune,Hinjewadi IT Park,Transit Station,Theft,Property Crime,Low,23,Female,Foggy,No,2,Low
INC-2023-1494,2023-12-29,2023,December,Friday,Evening,Tamil Nadu,Chennai,Velachery,Street,Vehicle Theft,Property Crime,Medium,26,Male,Rainy,No,2,Low
INC-2023-0005,2023-12-27,2023,December,Wednesday,Night,Maharashtra,Mumbai,Dadar,Residential,Vandalism,Public Order,Low,26,Male,Cloudy,No,1,Low
INC-2023-1304,2023-12-27,2023,December,Wednesday,Morning,Delhi (NCT),Delhi,Connaught Place,Street,Cyber Fraud,Financial Crime,Low,40,Male,Clear,No,7,Medium
INC-2023-1422,2023-12-26,2023,December,Tuesday,Morning,West Bengal,Kolkata,New Town,Parking Complex,Robbery,Violent Crime,Medium,36,Female,Clear,No,3,Low
INC-2023-1385,2023-12-26,2023,December,Tuesday,Night,Telangana,Hyderabad,Madhapur,Commercial Market,Cyber Fraud,Financial Crime,Low,40,Female,Cloudy,No,3,Medium
INC-2023-2108,2023-12-26,2023,December,Tuesday,Afternoon,Telangana,Hyderabad,Secunderabad,Public Park,Cyber Fraud,Financial Crime,Low,23,Female,Foggy,Yes,1,Low
INC-2023-0790,2023-12-26,2023,December,Tuesday,Night,West Bengal,Kolkata,Salt Lake,Parking Complex,Burglary,Property Crime,Medium,43,Female,Foggy,No,3,Medium
INC-2023-0600,2023-12-25,2023,December,Monday,Night,Karnataka,Bengaluru,Electronic City,Residential,Vehicle Theft,Property Crime,Medium,25,Male,Clear,No,1,Low
INC-2023-0919,2023-12-25,2023,December,Monday,Evening,West Bengal,Kolkata,New Town,Public Park,Vehicle Theft,Property Crime,Medium,55,Female,Foggy,No,4,Low
INC-2023-2098,2023-12-25,2023,December,Monday,Afternoon,Telangana,Hyderabad,Madhapur,Transit Station,Vehicle Theft,Property Crime,Medium,43,Female,Clear,No,4,Low
INC-2023-0897,2023-12-25,2023,December,Monday,Evening,West Bengal,Kolkata,Esplanade,Commercial Market,Vandalism,Public Order,Low,46,Male,Clear,No,8,High
INC-2023-0436,2023-12-24,2023,December,Sunday,Afternoon,Delhi (NCT),Delhi,Dwarka,Transit Station,Theft,Property Crime,Low,33,Other,Rainy,No,2,Low
INC-2023-0047,2023-12-23,2023,December,Saturday,Afternoon,Maharashtra,Pune,Viman Nagar,Street,Assault,Violent Crime,High,59,Female,Clear,No,1,Low
INC-2023-1338,2023-12-23,2023,December,Saturday,Morning,Maharashtra,Pune,Shivaji Nagar,Commercial Market,Theft,Property Crime,Low,45,Female,Rainy,No,3,Low
INC-2023-0561,2023-12-21,2023,December,Thursday,Afternoon,Delhi (NCT),Delhi,South Delhi,Street,Theft,Property Crime,Low,62,Male,Cloudy,No,0,Low
INC-2023-0563,2023-12-19,2023,December,Tuesday,Morning,Karnataka,Bengaluru,Electronic City,Transit Station,Theft,Property Crime,Low,19,Male,Clear,No,6,Medium
INC-2023-1356,2023-12-17,2023,December,Sunday,Afternoon,Gujarat,Ahmedabad,Navrangpura,Street,Vandalism,Public Order,Low,25,Male,Clear,No,2,Low
INC-2023-0582,2023-12-17,2023,December,Sunday,Evening,West Bengal,Kolkata,New Town,Transit Station,Vandalism,Public Order,Low,25,Other,Clear,No,4,Medium
INC-2023-0782,2023-12-17,2023,December,Sunday,Afternoon,West Bengal,Kolkata,Park Street,Commercial Market,Burglary,Property Crime,Medium,42,Female,Clear,No,3,Low
INC-2023-0799,2023-12-17,2023,December,Sunday,Evening,Delhi (NCT),Delhi,Karol Bagh,Commercial Market,Vehicle Theft,Property Crime,Medium,36,Male,Clear,No,5,Medium
INC-2023-0413,2023-12-15,2023,December,Friday,Evening,Karnataka,Bengaluru,Indiranagar,Parking Complex,Burglary,Property Crime,Medium,54,Male,Clear,No,4,Medium
INC-2023-1800,2023-12-13,2023,December,Wednesday,Evening,Delhi (NCT),Delhi,Old Delhi,Parking Complex,Vehicle Theft,Property Crime,Medium,38,Male,Clear,Yes,6,High
INC-2023-0242,2023-12-13,2023,December,Wednesday,Evening,Delhi (NCT),Delhi,Rohini,Transit Station,Theft,Property Crime,Low,33,Female,Clear,No,3,Medium
INC-2023-2351,2023-12-13,2023,December,Wednesday,Afternoon,Gujarat,Ahmedabad,Satellite,Transit Station,Assault,Violent Crime,High,26,Other,Cloudy,No,2,Low
INC-2023-1895,2023-12-12,2023,December,Tuesday,Afternoon,Karnataka,Bengaluru,Electronic City,Residential,Assault,Violent Crime,High,32,Male,Clear,No,5,Low
INC-2023-0629,2023-12-11,2023,December,Monday,Morning,Maharashtra,Pune,Camp Cantonment,Street,Theft,Property Crime,Low,44,Female,Clear,No,12,High
INC-2023-1857,2023-12-10,2023,December,Sunday,Morning,Gujarat,Ahmedabad,Satellite,Residential,Burglary,Property Crime,Medium,51,Female,Clear,No,1,Low
INC-2023-2338,2023-12-10,2023,December,Sunday,Night,Gujarat,Ahmedabad,Navrangpura,Commercial Market,Cyber Fraud,Financial Crime,Low,33,Male,Rainy,No,12,High
INC-2023-0112,2023-12-09,2023,December,Saturday,Morning,Gujarat,Ahmedabad,Navrangpura,Public Park,Robbery,Violent Crime,Medium,23,Female,Clear,No,4,Medium
INC-2023-0731,2023-12-08,2023,December,Friday,Afternoon,Telangana,Hyderabad,Charminar Heritage,Street,Cyber Fraud,Financial Crime,Low,24,Female,Rainy,No,7,Medium
INC-2023-2317,2023-12-08,2023,December,Friday,Afternoon,Telangana,Hyderabad,Gachibowli,Public Park,Cyber Fraud,Financial Crime,Low,18,Male,Clear,No,1,Low
INC-2023-0038,2023-12-08,2023,December,Friday,Afternoon,Telangana,Hyderabad,Gachibowli,Parking Complex,Theft,Property Crime,Low,21,Female,Cloudy,No,5,Low
INC-2023-0587,2023-12-08,2023,December,Friday,Evening,Karnataka,Bengaluru,Electronic City,Commercial Market,Vehicle Theft,Property Crime,Medium,27,Female,Cloudy,No,6,High
INC-2023-1047,2023-12-07,2023,December,Thursday,Afternoon,Tamil Nadu,Chennai,Velachery,Transit Station,Cyber Fraud,Financial Crime,Low,67,Male,Clear,No,1,Low
INC-2023-0758,2023-12-07,2023,December,Thursday,Evening,Telangana,Hyderabad,Madhapur,Residential,Burglary,Property Crime,Medium,28,Male,Rainy,No,3,Medium
INC-2023-1932,2023-12-07,2023,December,Thursday,Afternoon,Delhi (NCT),Delhi,Karol Bagh,Residential,Assault,Violent Crime,High,41,Male,Foggy,No,4,Low
INC-2023-1119,2023-12-07,2023,December,Thursday,Afternoon,Karnataka,Bengaluru,Jayanagar,Public Park,Vandalism,Public Order,Low,45,Male,Clear,No,3,Low
INC-2023-1899,2023-12-04,2023,December,Monday,Night,West Bengal,Kolkata,Howrah,Commercial Market,Robbery,Violent Crime,Medium,53,Male,Rainy,No,5,High
INC-2023-1670,2023-12-03,2023,December,Sunday,Afternoon,Tamil Nadu,Chennai,Adyar,Residential,Theft,Property Crime,Low,18,Male,Clear,No,2,Low
INC-2023-2051,2023-12-02,2023,December,Saturday,Morning,Gujarat,Ahmedabad,Sabarmati,Residential,Vandalism,Public Order,Low,27,Male,Cloudy,Yes,3,Low
INC-2023-0228,2023-12-01,2023,December,Friday,Evening,Telangana,Hyderabad,Madhapur,Public Park,Vandalism,Public Order,Low,44,Female,Clear,Yes,0,Low
INC-2023-0541,2023-11-29,2023,November,Wednesday,Evening,Telangana,Hyderabad,Madhapur,Residential,Robbery,Violent Crime,Medium,42,Male,Clear,No,4,Low
INC-2023-2238,2023-11-29,2023,November,Wednesday,Afternoon,Karnataka,Bengaluru,Indiranagar,Parking Complex,Cyber Fraud,Financial Crime,Low,18,Female,Clear,No,5,Low
INC-2023-1657,2023-11-28,2023,November,Tuesday,Morning,Telangana,Hyderabad,Banjara Hills,Transit Station,Cyber Fraud,Financial Crime,Low,51,Male,Clear,No,4,Low
INC-2023-0268,2023-11-28,2023,November,Tuesday,Afternoon,Karnataka,Bengaluru,MG Road Central,Transit Station,Theft,Property Crime,Low,38,Female,Clear,No,4,Low
INC-2023-0353,2023-11-28,2023,November,Tuesday,Morning,Karnataka,Bengaluru,Electronic City,Transit Station,Cyber Fraud,Financial Crime,Low,38,Female,Rainy,No,2,Low
INC-2023-0407,2023-11-27,2023,November,Monday,Evening,Telangana,Hyderabad,Hitec City,Commercial Market,Cyber Fraud,Financial Crime,Low,43,Female,Clear,No,2,Medium
INC-2023-0636,2023-11-27,2023,November,Monday,Afternoon,Karnataka,Bengaluru,Jayanagar,Public Park,Cyber Fraud,Financial Crime,Low,21,Male,Clear,No,5,Low
INC-2023-1120,2023-11-26,2023,November,Sunday,Evening,Maharashtra,Mumbai,Colaba,Residential,Vehicle Theft,Property Crime,Medium,30,Male,Cloudy,No,2,Low
INC-2023-1160,2023-11-26,2023,November,Sunday,Evening,Maharashtra,Pune,Viman Nagar,Residential,Assault,Violent Crime,High,38,Male,Clear,No,3,Medium
INC-2023-1943,2023-11-25,2023,November,Saturday,Morning,Karnataka,Bengaluru,Electronic City,Parking Complex,Cyber Fraud,Financial Crime,Low,46,Male,Clear,No,4,Low
INC-2023-0325,2023-11-25,2023,November,Saturday,Evening,Telangana,Hyderabad,Secunderabad,Transit Station,Cyber Fraud,Financial Crime,Low,33,Female,Clear,No,3,Medium
INC-2023-0999,2023-11-25,2023,November,Saturday,Evening,Tamil Nadu,Chennai,T. Nagar,Transit Station,Theft,Property Crime,Low,34,Male,Clear,No,10,High
INC-2023-0884,2023-11-25,2023,November,Saturday,Morning,Maharashtra,Pune,Camp Cantonment,Street,Theft,Property Crime,Low,31,Male,Clear,No,10,High
INC-2023-2375,2023-11-24,2023,November,Friday,Evening,Maharashtra,Pune,Baner,Residential,Theft,Property Crime,Low,42,Male,Clear,No,1,Low
INC-2023-1745,2023-11-24,2023,November,Friday,Afternoon,Delhi (NCT),Delhi,Dwarka,Residential,Vehicle Theft,Property Crime,Medium,21,Female,Rainy,No,3,Low
INC-2023-1784,2023-11-23,2023,November,Thursday,Afternoon,Gujarat,Ahmedabad,Navrangpura,Residential,Cyber Fraud,Financial Crime,Low,42,Female,Clear,No,5,Medium
INC-2023-2350,2023-11-23,2023,November,Thursday,Afternoon,Delhi (NCT),Delhi,Dwarka,Transit Station,Cyber Fraud,Financial Crime,Low,30,Female,Rainy,No,4,Medium
INC-2023-0591,2023-11-23,2023,November,Thursday,Evening,West Bengal,Kolkata,Ballygunge,Parking Complex,Burglary,Property Crime,Medium,36,Male,Clear,No,6,High
INC-2023-0976,2023-11-23,2023,November,Thursday,Night,Karnataka,Bengaluru,Electronic City,Parking Complex,Robbery,Violent Crime,Medium,32,Female,Cloudy,No,5,Medium
INC-2023-1542,2023-11-21,2023,November,Tuesday,Afternoon,Tamil Nadu,Chennai,Velachery,Street,Burglary,Property Crime,Medium,55,Female,Clear,No,1,Low
INC-2023-1016,2023-11-20,2023,November,Monday,Evening,Tamil Nadu,Chennai,T. Nagar,Transit Station,Vehicle Theft,Property Crime,Medium,55,Male,Clear,No,7,High
INC-2023-2050,2023-11-20,2023,November,Monday,Night,Gujarat,Ahmedabad,Paldi,Street,Cyber Fraud,Financial Crime,Low,45,Female,Clear,No,5,Medium
INC-2023-1999,2023-11-18,2023,November,Saturday,Afternoon,Tamil Nadu,Chennai,Marina Beachfront,Transit Station,Assault,Violent Crime,High,30,Other,Clear,No,4,Low
INC-2023-0471,2023-11-18,2023,November,Saturday,Evening,Telangana,Hyderabad,Gachibowli,Public Park,Theft,Property Crime,Low,20,Female,Rainy,No,6,Medium
INC-2023-1639,2023-11-18,2023,November,Saturday,Afternoon,Tamil Nadu,Chennai,Marina Beachfront,Residential,Robbery,Violent Crime,Medium,21,Male,Clear,No,4,Low
INC-2023-0578,2023-11-18,2023,November,Saturday,Morning,Delhi (NCT),Delhi,Connaught Place,Parking Complex,Theft,Property Crime,Low,39,Male,Rainy,No,7,High
INC-2023-2094,2023-11-17,2023,November,Friday,Evening,Gujarat,Ahmedabad,Maninagar,Parking Complex,Cyber Fraud,Financial Crime,Low,26,Female,Clear,No,3,Medium
INC-2023-2376,2023-11-17,2023,November,Friday,Morning,West Bengal,Kolkata,Howrah,Public Park,Burglary,Property Crime,Medium,29,Female,Cloudy,No,8,Medium
INC-2023-0661,2023-11-16,2023,November,Thursday,Evening,Telangana,Hyderabad,Hitec City,Public Park,Theft,Property Crime,Low,36,Male,Clear,No,7,Medium
INC-2023-0467,2023-11-16,2023,November,Thursday,Evening,Karnataka,Bengaluru,Electronic City,Transit Station,Burglary,Property Crime,Medium,44,Male,Cloudy,No,3,Medium
INC-2023-0749,2023-11-16,2023,November,Thursday,Morning,Maharashtra,Mumbai,Colaba,Commercial Market,Theft,Property Crime,Low,35,Male,Clear,Yes,1,Low
INC-2023-1790,2023-11-15,2023,November,Wednesday,Afternoon,Maharashtra,Mumbai,Bandra,Commercial Market,Vehicle Theft,Property Crime,Medium,36,Male,Rainy,No,6,Medium
INC-2023-2306,2023-11-14,2023,November,Tuesday,Afternoon,Tamil Nadu,Chennai,Adyar,Public Park,Theft,Property Crime,Low,33,Male,Rainy,No,1,Low
INC-2023-1538,2023-11-14,2023,November,Tuesday,Afternoon,Tamil Nadu,Chennai,Marina Beachfront,Public Park,Robbery,Violent Crime,Medium,18,Female,Clear,No,3,Low
INC-2023-0307,2023-11-14,2023,November,Tuesday,Evening,Maharashtra,Pune,Kothrud,Transit Station,Theft,Property Crime,Low,33,Female,Clear,No,5,Medium
INC-2023-0163,2023-11-14,2023,November,Tuesday,Evening,Gujarat,Ahmedabad,Satellite,Parking Complex,Theft,Property Crime,Low,18,Male,Rainy,No,0,Low
INC-2023-2352,2023-11-14,2023,November,Tuesday,Morning,Delhi (NCT),Delhi,Rohini,Residential,Assault,Violent Crime,High,36,Female,Clear,No,2,Low
INC-2023-0891,2023-11-14,2023,November,Tuesday,Afternoon,West Bengal,Kolkata,New Town,Residential,Theft,Property Crime,Low,52,Female,Rainy,No,1,Low
INC-2023-1110,2023-11-13,2023,November,Monday,Afternoon,Delhi (NCT),Delhi,Rohini,Transit Station,Vehicle Theft,Property Crime,Medium,31,Male,Clear,No,4,Low
INC-2023-0351,2023-11-13,2023,November,Monday,Evening,Maharashtra,Mumbai,Dadar,Street,Vehicle Theft,Property Crime,Medium,40,Female,Clear,No,1,Low
INC-2023-0481,2023-11-12,2023,November,Sunday,Evening,Karnataka,Bengaluru,Whitefield,Residential,Burglary,Property Crime,Medium,35,Male,Foggy,No,2,Low
INC-2023-0372,2023-11-11,2023,November,Saturday,Morning,West Bengal,Kolkata,Ballygunge,Transit Station,Burglary,Property Crime,Medium,30,Female,Rainy,No,6,Medium
INC-2023-0206,2023-11-11,2023,November,Saturday,Night,West Bengal,Kolkata,Howrah,Street,Burglary,Property Crime,Medium,37,Female,Clear,No,6,High
INC-2023-2121,2023-11-11,2023,November,Saturday,Morning,Maharashtra,Pune,Shivaji Nagar,Transit Station,Assault,Violent Crime,High,26,Male,Rainy,No,4,Low
INC-2023-1311,2023-11-10,2023,November,Friday,Evening,Delhi (NCT),Delhi,Karol Bagh,Street,Vehicle Theft,Property Crime,Medium,41,Female,Clear,No,3,Medium
INC-2023-1431,2023-11-09,2023,November,Thursday,Evening,West Bengal,Kolkata,New Town,Transit Station,Theft,Property Crime,Low,20,Female,Cloudy,No,2,Low
INC-2023-0842,2023-11-08,2023,November,Wednesday,Afternoon,Tamil Nadu,Chennai,Marina Beachfront,Residential,Vehicle Theft,Property Crime,Medium,18,Female,Cloudy,No,4,Low
INC-2023-2048,2023-11-08,2023,November,Wednesday,Afternoon,Gujarat,Ahmedabad,Satellite,Public Park,Vandalism,Public Order,Low,42,Male,Clear,No,3,Low
INC-2023-1642,2023-11-08,2023,November,Wednesday,Evening,Delhi (NCT),Delhi,Old Delhi,Commercial Market,Vandalism,Public Order,Low,27,Male,Cloudy,No,10,High
INC-2023-1669,2023-11-08,2023,November,Wednesday,Afternoon,Delhi (NCT),Delhi,Old Delhi,Transit Station,Vehicle Theft,Property Crime,Medium,35,Male,Cloudy,No,2,Medium
INC-2023-0834,2023-11-06,2023,November,Monday,Night,Gujarat,Ahmedabad,Sabarmati,Residential,Theft,Property Crime,Low,42,Female,Rainy,No,1,Low
INC-2023-1445,2023-11-06,2023,November,Monday,Morning,Tamil Nadu,Chennai,Marina Beachfront,Street,Theft,Property Crime,Low,48,Female,Cloudy,No,3,Low
INC-2023-1877,2023-11-06,2023,November,Monday,Evening,Delhi (NCT),Delhi,Dwarka,Parking Complex,Theft,Property Crime,Low,18,Male,Clear,No,5,Medium
INC-2023-0366,2023-11-06,2023,November,Monday,Evening,Maharashtra,Mumbai,Fort Downtown,Residential,Theft,Property Crime,Low,38,Male,Clear,No,7,High
INC-2023-1952,2023-11-04,2023,November,Saturday,Night,Tamil Nadu,Chennai,Velachery,Parking Complex,Cyber Fraud,Financial Crime,Low,21,Female,Clear,No,6,High
INC-2023-0864,2023-11-04,2023,November,Saturday,Night,Karnataka,Bengaluru,Indiranagar,Transit Station,Theft,Property Crime,Low,30,Female,Clear,No,1,Medium
INC-2023-2213,2023-11-04,2023,November,Saturday,Evening,Gujarat,Ahmedabad,Sabarmati,Parking Complex,Theft,Property Crime,Low,46,Male,Clear,No,1,Low
INC-2023-1690,2023-11-04,2023,November,Saturday,Evening,Gujarat,Ahmedabad,Maninagar,Street,Vehicle Theft,Property Crime,Medium,27,Male,Clear,No,2,Low
INC-2023-1721,2023-11-04,2023,November,Saturday,Night,Tamil Nadu,Chennai,Velachery,Public Park,Vehicle Theft,Property Crime,Medium,35,Male,Rainy,No,5,Medium
INC-2023-1411,2023-11-03,2023,November,Friday,Morning,Karnataka,Bengaluru,Indiranagar,Street,Vehicle Theft,Property Crime,Medium,18,Female,Clear,No,0,Low
INC-2023-0010,2023-11-02,2023,November,Thursday,Evening,Maharashtra,Pune,Viman Nagar,Transit Station,Assault,Violent Crime,High,20,Male,Foggy,No,3,Medium
INC-2023-1744,2023-11-02,2023,November,Thursday,Evening,Maharashtra,Mumbai,Dadar,Residential,Vehicle Theft,Property Crime,Medium,27,Male,Cloudy,No,2,Low
INC-2023-0246,2023-11-01,2023,November,Wednesday,Night,Maharashtra,Mumbai,Andheri,Commercial Market,Theft,Property Crime,Low,26,Female,Rainy,No,1,Medium
INC-2023-2003,2023-10-31,2023,October,Tuesday,Night,Tamil Nadu,Chennai,Anna Nagar,Residential,Vehicle Theft,Property Crime,Medium,19,Male,Rainy,No,7,Medium
INC-2023-2099,2023-10-31,2023,October,Tuesday,Morning,Delhi (NCT),Delhi,Connaught Place,Commercial Market,Cyber Fraud,Financial Crime,Low,32,Female,Clear,No,8,High
INC-2023-0151,2023-10-31,2023,October,Tuesday,Night,West Bengal,Kolkata,Salt Lake,Parking Complex,Burglary,Property Crime,Medium,39,Male,Clear,No,0,Medium
INC-2023-1237,2023-10-31,2023,October,Tuesday,Morning,Maharashtra,Pune,Shivaji Nagar,Public Park,Vehicle Theft,Property Crime,Medium,18,Male,Rainy,No,2,Low
INC-2023-1020,2023-10-31,2023,October,Tuesday,Afternoon,West Bengal,Kolkata,Esplanade,Public Park,Cyber Fraud,Financial Crime,Low,31,Male,Rainy,No,5,Medium
INC-2023-0257,2023-10-30,2023,October,Monday,Morning,Telangana,Hyderabad,Madhapur,Transit Station,Theft,Property Crime,Low,52,Male,Clear,No,1,Low
INC-2023-1579,2023-10-29,2023,October,Sunday,Night,West Bengal,Kolkata,Esplanade,Commercial Market,Robbery,Violent Crime,Medium,25,Female,Clear,No,11,High
INC-2023-0104,2023-10-28,2023,October,Saturday,Night,West Bengal,Kolkata,Esplanade,Street,Vehicle Theft,Property Crime,Medium,25,Female,Cloudy,No,3,Medium
INC-2023-2293,2023-10-28,2023,October,Saturday,Night,West Bengal,Kolkata,Salt Lake,Public Park,Vandalism,Public Order,Low,37,Male,Clear,No,5,Low
INC-2023-0877,2023-10-28,2023,October,Saturday,Afternoon,Telangana,Hyderabad,Secunderabad,Parking Complex,Cyber Fraud,Financial Crime,Low,37,Male,Clear,No,3,Low
INC-2023-2161,2023-10-27,2023,October,Friday,Evening,Delhi (NCT),Delhi,South Delhi,Public Park,Vandalism,Public Order,Low,36,Male,Clear,No,1,Low
INC-2023-0009,2023-10-27,2023,October,Friday,Evening,Telangana,Hyderabad,Charminar Heritage,Residential,Theft,Property Crime,Low,43,Male,Rainy,No,5,Medium
INC-2023-2124,2023-10-26,2023,October,Thursday,Afternoon,West Bengal,Kolkata,Ballygunge,Transit Station,Robbery,Violent Crime,Medium,35,Female,Clear,No,4,Low
INC-2023-1520,2023-10-25,2023,October,Wednesday,Night,Telangana,Hyderabad,Charminar Heritage,Transit Station,Vehicle Theft,Property Crime,Medium,43,Male,Clear,No,11,High
INC-2023-0664,2023-10-24,2023,October,Tuesday,Evening,Telangana,Hyderabad,Secunderabad,Transit Station,Cyber Fraud,Financial Crime,Low,47,Male,Cloudy,No,3,Medium
INC-2023-1679,2023-10-24,2023,October,Tuesday,Night,Telangana,Hyderabad,Secunderabad,Street,Cyber Fraud,Financial Crime,Low,33,Female,Foggy,No,2,Low
INC-2023-0324,2023-10-23,2023,October,Monday,Evening,Tamil Nadu,Chennai,Guindy,Commercial Market,Cyber Fraud,Financial Crime,Low,33,Female,Rainy,No,3,Medium
INC-2023-1562,2023-10-23,2023,October,Monday,Morning,West Bengal,Kolkata,New Town,Street,Vehicle Theft,Property Crime,Medium,43,Other,Cloudy,No,2,Low
INC-2023-1330,2023-10-23,2023,October,Monday,Night,Gujarat,Ahmedabad,Sabarmati,Parking Complex,Vehicle Theft,Property Crime,Medium,23,Female,Rainy,No,2,Low
INC-2023-1921,2023-10-23,2023,October,Monday,Morning,Gujarat,Ahmedabad,Navrangpura,Transit Station,Vehicle Theft,Property Crime,Medium,18,Female,Clear,No,4,Medium
INC-2023-2022,2023-10-22,2023,October,Sunday,Afternoon,West Bengal,Kolkata,New Town,Street,Burglary,Property Crime,Medium,38,Male,Clear,No,1,Low
INC-2023-1513,2023-10-22,2023,October,Sunday,Morning,Maharashtra,Pune,Shivaji Nagar,Transit Station,Vandalism,Public Order,Low,25,Male,Clear,No,1,Low
INC-2023-1436,2023-10-22,2023,October,Sunday,Afternoon,Gujarat,Ahmedabad,SG Highway,Residential,Robbery,Violent Crime,Medium,18,Female,Foggy,No,1,Low
INC-2023-1767,2023-10-21,2023,October,Saturday,Afternoon,Telangana,Hyderabad,Hitec City,Parking Complex,Vehicle Theft,Property Crime,Medium,35,Female,Clear,No,1,Low
INC-2023-1177,2023-10-20,2023,October,Friday,Evening,Delhi (NCT),Delhi,Connaught Place,Public Park,Assault,Violent Crime,High,38,Female,Cloudy,No,9,High
INC-2023-1059,2023-10-18,2023,October,Wednesday,Afternoon,Tamil Nadu,Chennai,Marina Beachfront,Parking Complex,Vehicle Theft,Property Crime,Medium,43,Male,Rainy,No,4,Low
INC-2023-2110,2023-10-18,2023,October,Wednesday,Evening,West Bengal,Kolkata,Esplanade,Transit Station,Theft,Property Crime,Low,40,Other,Clear,No,9,High
INC-2023-1648,2023-10-17,2023,October,Tuesday,Afternoon,Delhi (NCT),Delhi,South Delhi,Parking Complex,Assault,Violent Crime,High,28,Female,Clear,No,5,Medium
INC-2023-0357,2023-10-17,2023,October,Tuesday,Afternoon,West Bengal,Kolkata,Howrah,Public Park,Theft,Property Crime,Low,37,Female,Rainy,No,6,Medium
INC-2023-0913,2023-10-17,2023,October,Tuesday,Night,Karnataka,Bengaluru,MG Road Central,Residential,Theft,Property Crime,Low,18,Male,Cloudy,No,4,Low
INC-2023-0273,2023-10-16,2023,October,Monday,Morning,Delhi (NCT),Delhi,Rohini,Commercial Market,Theft,Property Crime,Low,47,Male,Clear,No,1,Low
INC-2023-0052,2023-10-16,2023,October,Monday,Morning,Delhi (NCT),Delhi,Karol Bagh,Commercial Market,Vandalism,Public Order,Low,40,Male,Rainy,No,5,Medium
INC-2023-0383,2023-10-14,2023,October,Saturday,Night,West Bengal,Kolkata,Howrah,Commercial Market,Theft,Property Crime,Low,42,Male,Clear,No,7,High
INC-2023-0329,2023-10-14,2023,October,Saturday,Evening,Gujarat,Ahmedabad,Paldi,Parking Complex,Vehicle Theft,Property Crime,Medium,40,Male,Clear,No,4,Medium
INC-2023-0384,2023-10-14,2023,October,Saturday,Night,Maharashtra,Pune,Hinjewadi IT Park,Street,Vandalism,Public Order,Low,26,Female,Cloudy,No,0,Low
INC-2023-1345,2023-10-12,2023,October,Thursday,Morning,Gujarat,Ahmedabad,Paldi,Public Park,Assault,Violent Crime,High,28,Female,Foggy,No,1,Low
INC-2023-0209,2023-10-12,2023,October,Thursday,Evening,West Bengal,Kolkata,Park Street,Street,Theft,Property Crime,Low,32,Female,Rainy,No,0,Low
INC-2023-0523,2023-10-11,2023,October,Wednesday,Morning,Delhi (NCT),Delhi,South Delhi,Transit Station,Theft,Property Crime,Low,19,Female,Cloudy,No,3,Low
INC-2023-1108,2023-10-11,2023,October,Wednesday,Night,Maharashtra,Mumbai,Fort Downtown,Transit Station,Theft,Property Crime,Low,26,Female,Clear,Yes,4,High
INC-2023-0102,2023-10-10,2023,October,Tuesday,Afternoon,Tamil Nadu,Chennai,Marina Beachfront,Public Park,Robbery,Violent Crime,Medium,39,Female,Cloudy,No,4,Low
INC-2023-1593,2023-10-08,2023,October,Sunday,Evening,Maharashtra,Mumbai,Harbor Docklands,Public Park,Burglary,Property Crime,Medium,45,Male,Clear,No,10,High
INC-2023-0994,2023-10-08,2023,October,Sunday,Night,Telangana,Hyderabad,Banjara Hills,Commercial Market,Cyber Fraud,Financial Crime,Low,59,Male,Rainy,No,1,Low
INC-2023-2040,2023-10-08,2023,October,Sunday,Night,Telangana,Hyderabad,Hitec City,Public Park,Cyber Fraud,Financial Crime,Low,45,Male,Clear,No,4,Medium
INC-2023-1429,2023-10-07,2023,October,Saturday,Morning,West Bengal,Kolkata,Park Street,Parking Complex,Burglary,Property Crime,Medium,26,Female,Cloudy,No,1,Low
INC-2023-1880,2023-10-07,2023,October,Saturday,Evening,Telangana,Hyderabad,Banjara Hills,Public Park,Assault,Violent Crime,High,18,Male,Cloudy,Yes,3,Medium
INC-2023-1659,2023-10-06,2023,October,Friday,Evening,Telangana,Hyderabad,Hitec City,Parking Complex,Assault,Violent Crime,High,35,Male,Cloudy,No,2,Low
INC-2023-0977,2023-10-06,2023,October,Friday,Night,Telangana,Hyderabad,Banjara Hills,Residential,Cyber Fraud,Financial Crime,Low,35,Female,Rainy,No,5,Low
INC-2023-0418,2023-10-05,2023,October,Thursday,Afternoon,Tamil Nadu,Chennai,Adyar,Transit Station,Theft,Property Crime,Low,36,Female,Rainy,No,6,Medium
INC-2023-1229,2023-10-05,2023,October,Thursday,Afternoon,Telangana,Hyderabad,Gachibowli,Street,Robbery,Violent Crime,Medium,29,Female,Clear,No,0,Low
INC-2023-1430,2023-10-04,2023,October,Wednesday,Afternoon,Gujarat,Ahmedabad,Navrangpura,Transit Station,Vehicle Theft,Property Crime,Medium,35,Female,Clear,No,6,High
INC-2023-0011,2023-10-02,2023,October,Monday,Afternoon,Gujarat,Ahmedabad,Paldi,Commercial Market,Theft,Property Crime,Low,22,Female,Clear,Yes,6,Medium
INC-2023-0519,2023-10-02,2023,October,Monday,Evening,Delhi (NCT),Delhi,Connaught Place,Street,Burglary,Property Crime,Medium,18,Female,Clear,Yes,5,High
INC-2023-0427,2023-10-01,2023,October,Sunday,Night,West Bengal,Kolkata,Howrah,Commercial Market,Cyber Fraud,Financial Crime,Low,45,Female,Cloudy,No,8,High
INC-2023-1349,2023-10-01,2023,October,Sunday,Evening,Tamil Nadu,Chennai,T. Nagar,Parking Complex,Assault,Violent Crime,High,27,Male,Rainy,No,6,High
INC-2023-0013,2023-09-29,2023,September,Friday,Afternoon,Maharashtra,Pune,Viman Nagar,Street,Theft,Property Crime,Low,40,Male,Foggy,No,3,Low
INC-2023-1394,2023-09-28,2023,September,Thursday,Night,Telangana,Hyderabad,Charminar Heritage,Commercial Market,Cyber Fraud,Financial Crime,Low,30,Female,Cloudy,No,3,High
INC-2023-0829,2023-09-27,2023,September,Wednesday,Morning,West Bengal,Kolkata,Esplanade,Street,Theft,Property Crime,Low,18,Female,Foggy,Yes,8,High
INC-2023-0448,2023-09-26,2023,September,Tuesday,Night,Delhi (NCT),Delhi,South Delhi,Parking Complex,Robbery,Violent Crime,Medium,22,Female,Clear,No,2,Medium
INC-2023-0812,2023-09-26,2023,September,Tuesday,Morning,Karnataka,Bengaluru,Indiranagar,Commercial Market,Cyber Fraud,Financial Crime,Low,50,Male,Clear,No,5,Low
INC-2023-2263,2023-09-24,2023,September,Sunday,Afternoon,Delhi (NCT),Delhi,Rohini,Transit Station,Theft,Property Crime,Low,34,Female,Cloudy,No,2,Low
INC-2023-0312,2023-09-24,2023,September,Sunday,Afternoon,West Bengal,Kolkata,New Town,Parking Complex,Assault,Violent Crime,High,26,Male,Cloudy,No,2,Low
INC-2023-2215,2023-09-24,2023,September,Sunday,Night,Maharashtra,Pune,Camp Cantonment,Commercial Market,Vandalism,Public Order,Low,36,Female,Foggy,No,4,High
INC-2023-2054,2023-09-23,2023,September,Saturday,Afternoon,Gujarat,Ahmedabad,Satellite,Commercial Market,Vehicle Theft,Property Crime,Medium,38,Female,Cloudy,No,3,Low
INC-2023-1272,2023-09-22,2023,September,Friday,Evening,West Bengal,Kolkata,Park Street,Public Park,Vehicle Theft,Property Crime,Medium,39,Male,Clear,No,2,Low
INC-2023-0690,2023-09-20,2023,September,Wednesday,Evening,Tamil Nadu,Chennai,Anna Nagar,Transit Station,Robbery,Violent Crime,Medium,18,Male,Clear,No,6,Medium
INC-2023-0781,2023-09-19,2023,September,Tuesday,Night,West Bengal,Kolkata,New Town,Residential,Vehicle Theft,Property Crime,Medium,41,Male,Clear,No,5,Low
INC-2023-1210,2023-09-19,2023,September,Tuesday,Morning,Maharashtra,Mumbai,Fort Downtown,Street,Robbery,Violent Crime,Medium,43,Female,Clear,No,10,Medium
INC-2023-1829,2023-09-19,2023,September,Tuesday,Night,Gujarat,Ahmedabad,Sabarmati,Commercial Market,Cyber Fraud,Financial Crime,Low,54,Female,Rainy,No,4,Medium
INC-2023-0965,2023-09-18,2023,September,Monday,Evening,Maharashtra,Mumbai,Colaba,Transit Station,Cyber Fraud,Financial Crime,Low,27,Male,Clear,No,4,Medium
INC-2023-0956,2023-09-18,2023,September,Monday,Morning,Gujarat,Ahmedabad,Satellite,Public Park,Vandalism,Public Order,Low,37,Other,Rainy,No,3,Low
INC-2023-1303,2023-09-18,2023,September,Monday,Night,Karnataka,Bengaluru,Jayanagar,Parking Complex,Vehicle Theft,Property Crime,Medium,59,Female,Rainy,No,4,Medium
INC-2023-2190,2023-09-18,2023,September,Monday,Morning,Delhi (NCT),Delhi,South Delhi,Public Park,Vehicle Theft,Property Crime,Medium,30,Male,Clear,No,4,Low
INC-2023-0772,2023-09-18,2023,September,Monday,Evening,Delhi (NCT),Delhi,Rohini,Transit Station,Assault,Violent Crime,High,35,Female,Rainy,No,2,Medium
INC-2023-0643,2023-09-17,2023,September,Sunday,Morning,Telangana,Hyderabad,Hitec City,Parking Complex,Vandalism,Public Order,Low,35,Female,Clear,No,2,Low
INC-2023-0026,2023-09-17,2023,September,Sunday,Morning,Karnataka,Bengaluru,Whitefield,Street,Vehicle Theft,Property Crime,Medium,33,Female,Cloudy,No,3,Low
INC-2023-1692,2023-09-17,2023,September,Sunday,Afternoon,Tamil Nadu,Chennai,Adyar,Public Park,Theft,Property Crime,Low,28,Female,Rainy,No,3,Low
INC-2023-1366,2023-09-16,2023,September,Saturday,Evening,Tamil Nadu,Chennai,Anna Nagar,Commercial Market,Theft,Property Crime,Low,58,Female,Clear,No,5,Medium
INC-2023-1926,2023-09-15,2023,September,Friday,Afternoon,Gujarat,Ahmedabad,SG Highway,Street,Burglary,Property Crime,Medium,18,Male,Foggy,No,3,Low
INC-2023-0023,2023-09-15,2023,September,Friday,Afternoon,Gujarat,Ahmedabad,Navrangpura,Transit Station,Theft,Property Crime,Low,34,Male,Rainy,No,10,High
INC-2023-1071,2023-09-15,2023,September,Friday,Night,Karnataka,Bengaluru,Koramangala,Residential,Vehicle Theft,Property Crime,Medium,27,Male,Clear,No,4,Low
INC-2023-0861,2023-09-15,2023,September,Friday,Afternoon,West Bengal,Kolkata,Esplanade,Commercial Market,Vandalism,Public Order,Low,18,Male,Rainy,No,5,Medium
INC-2023-0984,2023-09-14,2023,September,Thursday,Evening,Telangana,Hyderabad,Banjara Hills,Residential,Theft,Property Crime,Low,24,Female,Rainy,Yes,1,Low
INC-2023-0596,2023-09-14,2023,September,Thursday,Morning,Maharashtra,Pune,Viman Nagar,Street,Theft,Property Crime,Low,31,Female,Cloudy,No,5,Low
INC-2023-1310,2023-09-14,2023,September,Thursday,Night,Delhi (NCT),Delhi,South Delhi,Commercial Market,Burglary,Property Crime,Medium,33,Male,Rainy,No,2,Medium
INC-2023-0992,2023-09-13,2023,September,Wednesday,Night,Karnataka,Bengaluru,Whitefield,Public Park,Cyber Fraud,Financial Crime,Low,45,Male,Foggy,No,2,Low
INC-2023-2034,2023-09-13,2023,September,Wednesday,Night,Tamil Nadu,Chennai,Velachery,Commercial Market,Burglary,Property Crime,Medium,32,Female,Rainy,No,5,Medium
INC-2023-2363,2023-09-12,2023,September,Tuesday,Evening,West Bengal,Kolkata,Esplanade,Street,Theft,Property Crime,Low,21,Female,Clear,No,4,High
INC-2023-1253,2023-09-12,2023,September,Tuesday,Morning,Gujarat,Ahmedabad,SG Highway,Transit Station,Theft,Property Crime,Low,27,Male,Clear,No,4,Low
INC-2023-2332,2023-09-11,2023,September,Monday,Afternoon,Karnataka,Bengaluru,Whitefield,Transit Station,Vehicle Theft,Property Crime,Medium,36,Male,Clear,No,6,Medium
INC-2023-2364,2023-09-10,2023,September,Sunday,Evening,Delhi (NCT),Delhi,Rohini,Parking Complex,Vehicle Theft,Property Crime,Medium,50,Female,Clear,Yes,5,High
INC-2023-2370,2023-09-09,2023,September,Saturday,Evening,West Bengal,Kolkata,Esplanade,Public Park,Vehicle Theft,Property Crime,Medium,26,Female,Cloudy,No,5,Medium
INC-2023-2153,2023-09-08,2023,September,Friday,Morning,West Bengal,Kolkata,Park Street,Transit Station,Theft,Property Crime,Low,27,Female,Clear,No,4,Low
INC-2023-2381,2023-09-08,2023,September,Friday,Evening,Karnataka,Bengaluru,Whitefield,Street,Theft,Property Crime,Low,62,Female,Foggy,No,4,Medium
INC-2023-1340,2023-09-08,2023,September,Friday,Morning,Telangana,Hyderabad,Gachibowli,Street,Vehicle Theft,Property Crime,Medium,54,Female,Rainy,No,3,Low
INC-2023-0635,2023-09-07,2023,September,Thursday,Afternoon,Delhi (NCT),Delhi,Rohini,Street,Vehicle Theft,Property Crime,Medium,40,Male,Clear,No,0,Low
INC-2023-1950,2023-09-06,2023,September,Wednesday,Afternoon,Gujarat,Ahmedabad,Satellite,Parking Complex,Theft,Property Crime,Low,45,Male,Rainy,No,3,Low
INC-2023-0633,2023-09-06,2023,September,Wednesday,Afternoon,Telangana,Hyderabad,Gachibowli,Transit Station,Cyber Fraud,Financial Crime,Low,18,Male,Cloudy,No,3,Low
INC-2023-2032,2023-09-06,2023,September,Wednesday,Morning,Gujarat,Ahmedabad,Satellite,Commercial Market,Vehicle Theft,Property Crime,Medium,18,Male,Clear,No,4,Low
INC-2023-0740,2023-09-04,2023,September,Monday,Morning,Maharashtra,Pune,Kothrud,Parking Complex,Cyber Fraud,Financial Crime,Low,32,Female,Clear,Yes,3,Medium
INC-2023-0406,2023-09-02,2023,September,Saturday,Evening,Karnataka,Bengaluru,MG Road Central,Commercial Market,Vandalism,Public Order,Low,26,Male,Clear,No,2,Low
INC-2023-1093,2023-09-02,2023,September,Saturday,Night,Karnataka,Bengaluru,MG Road Central,Street,Cyber Fraud,Financial Crime,Low,44,Male,Clear,No,1,Low
INC-2023-0492,2023-09-01,2023,September,Friday,Afternoon,Delhi (NCT),Delhi,Rohini,Public Park,Vandalism,Public Order,Low,27,Female,Clear,No,2,Low
INC-2023-1200,2023-08-31,2023,August,Thursday,Afternoon,Maharashtra,Mumbai,Fort Downtown,Commercial Market,Vehicle Theft,Property Crime,Medium,34,Female,Clear,No,9,High
INC-2023-2000,2023-08-31,2023,August,Thursday,Morning,Gujarat,Ahmedabad,Sabarmati,Commercial Market,Theft,Property Crime,Low,29,Male,Rainy,No,3,Low
INC-2023-0178,2023-08-30,2023,August,Wednesday,Night,Gujarat,Ahmedabad,Satellite,Parking Complex,Burglary,Property Crime,Medium,35,Female,Clear,No,0,Low
INC-2023-1270,2023-08-29,2023,August,Tuesday,Evening,Maharashtra,Mumbai,Dadar,Parking Complex,Theft,Property Crime,Low,45,Male,Clear,No,1,Medium
INC-2023-0955,2023-08-29,2023,August,Tuesday,Night,Karnataka,Bengaluru,Indiranagar,Commercial Market,Cyber Fraud,Financial Crime,Low,47,Female,Cloudy,Yes,0,Medium
INC-2023-2198,2023-08-29,2023,August,Tuesday,Evening,Maharashtra,Pune,Shivaji Nagar,Parking Complex,Cyber Fraud,Financial Crime,Low,18,Female,Clear,No,1,Medium
INC-2023-1968,2023-08-29,2023,August,Tuesday,Evening,Telangana,Hyderabad,Banjara Hills,Transit Station,Cyber Fraud,Financial Crime,Low,21,Female,Clear,No,1,Medium
INC-2023-1575,2023-08-28,2023,August,Monday,Afternoon,Telangana,Hyderabad,Gachibowli,Commercial Market,Cyber Fraud,Financial Crime,Low,29,Male,Foggy,No,4,Low
INC-2023-1605,2023-08-26,2023,August,Saturday,Afternoon,Tamil Nadu,Chennai,Adyar,Parking Complex,Burglary,Property Crime,Medium,29,Female,Clear,No,2,Low
INC-2023-1665,2023-08-26,2023,August,Saturday,Evening,Telangana,Hyderabad,Banjara Hills,Parking Complex,Vehicle Theft,Property Crime,Medium,26,Male,Clear,No,6,Medium
INC-2023-0222,2023-08-25,2023,August,Friday,Evening,Delhi (NCT),Delhi,Karol Bagh,Residential,Theft,Property Crime,Low,28,Female,Clear,No,4,Medium
INC-2023-0721,2023-08-25,2023,August,Friday,Morning,Telangana,Hyderabad,Madhapur,Public Park,Vehicle Theft,Property Crime,Medium,55,Male,Clear,No,3,Low
INC-2023-2265,2023-08-24,2023,August,Thursday,Evening,Tamil Nadu,Chennai,Anna Nagar,Parking Complex,Theft,Property Crime,Low,49,Female,Clear,No,3,Medium
INC-2023-1435,2023-08-24,2023,August,Thursday,Night,West Bengal,Kolkata,Salt Lake,Residential,Vehicle Theft,Property Crime,Medium,43,Female,Clear,No,7,Medium
INC-2023-0845,2023-08-24,2023,August,Thursday,Morning,Karnataka,Bengaluru,Whitefield,Public Park,Theft,Property Crime,Low,52,Female,Rainy,Yes,7,Low
INC-2023-1401,2023-08-23,2023,August,Wednesday,Evening,Gujarat,Ahmedabad,Navrangpura,Parking Complex,Vehicle Theft,Property Crime,Medium,20,Female,Clear,No,8,High
INC-2023-0716,2023-08-23,2023,August,Wednesday,Evening,Karnataka,Bengaluru,Koramangala,Residential,Vandalism,Public Order,Low,45,Female,Clear,No,5,Low
INC-2023-0319,2023-08-22,2023,August,Tuesday,Morning,Karnataka,Bengaluru,MG Road Central,Street,Cyber Fraud,Financial Crime,Low,31,Female,Clear,No,5,Low
INC-2023-1208,2023-08-21,2023,August,Monday,Morning,Karnataka,Bengaluru,Electronic City,Residential,Theft,Property Crime,Low,20,Male,Clear,No,4,Low
INC-2023-1381,2023-08-21,2023,August,Monday,Evening,West Bengal,Kolkata,Esplanade,Street,Cyber Fraud,Financial Crime,Low,29,Female,Clear,No,1,Medium
INC-2023-0608,2023-08-21,2023,August,Monday,Afternoon,Gujarat,Ahmedabad,Navrangpura,Residential,Burglary,Property Crime,Medium,18,Male,Cloudy,No,12,Medium
INC-2023-0072,2023-08-21,2023,August,Monday,Evening,Maharashtra,Pune,Hinjewadi IT Park,Commercial Market,Theft,Property Crime,Low,45,Male,Cloudy,No,2,Medium
INC-2023-0590,2023-08-21,2023,August,Monday,Night,Tamil Nadu,Chennai,T. Nagar,Parking Complex,Burglary,Property Crime,Medium,54,Female,Rainy,No,5,High
INC-2023-1919,2023-08-20,2023,August,Sunday,Night,Gujarat,Ahmedabad,SG Highway,Commercial Market,Robbery,Violent Crime,Medium,31,Female,Clear,No,2,Low
INC-2023-1217,2023-08-17,2023,August,Thursday,Afternoon,West Bengal,Kolkata,Salt Lake,Residential,Theft,Property Crime,Low,23,Male,Clear,No,3,Low
INC-2023-0655,2023-08-17,2023,August,Thursday,Evening,Maharashtra,Pune,Baner,Transit Station,Vehicle Theft,Property Crime,Medium,41,Female,Rainy,No,2,Medium
INC-2023-1247,2023-08-17,2023,August,Thursday,Night,Tamil Nadu,Chennai,Velachery,Commercial Market,Cyber Fraud,Financial Crime,Low,32,Male,Rainy,No,3,Medium
INC-2023-0487,2023-08-16,2023,August,Wednesday,Evening,Delhi (NCT),Delhi,Dwarka,Street,Cyber Fraud,Financial Crime,Low,29,Male,Rainy,No,3,Medium
INC-2023-2046,2023-08-16,2023,August,Wednesday,Evening,Telangana,Hyderabad,Charminar Heritage,Commercial Market,Cyber Fraud,Financial Crime,Low,34,Female,Foggy,No,7,High
INC-2023-0796,2023-08-13,2023,August,Sunday,Afternoon,Delhi (NCT),Delhi,Old Delhi,Parking Complex,Vehicle Theft,Property Crime,Medium,31,Male,Cloudy,No,7,High
INC-2023-0685,2023-08-13,2023,August,Sunday,Morning,Gujarat,Ahmedabad,Paldi,Public Park,Cyber Fraud,Financial Crime,Low,39,Male,Clear,Yes,3,Low
INC-2023-2120,2023-08-12,2023,August,Saturday,Evening,Telangana,Hyderabad,Gachibowli,Public Park,Vehicle Theft,Property Crime,Medium,18,Male,Clear,No,3,Medium
INC-2023-1556,2023-08-12,2023,August,Saturday,Morning,Telangana,Hyderabad,Gachibowli,Commercial Market,Cyber Fraud,Financial Crime,Low,25,Male,Rainy,No,3,Low
INC-2023-0531,2023-08-12,2023,August,Saturday,Afternoon,Delhi (NCT),Delhi,Rohini,Public Park,Theft,Property Crime,Low,18,Male,Clear,No,2,Low
INC-2023-2318,2023-08-10,2023,August,Thursday,Night,West Bengal,Kolkata,Park Street,Commercial Market,Burglary,Property Crime,Medium,25,Male,Clear,No,3,Medium
INC-2023-0971,2023-08-10,2023,August,Thursday,Morning,Telangana,Hyderabad,Banjara Hills,Residential,Burglary,Property Crime,Medium,32,Female,Clear,No,1,Low
INC-2023-1676,2023-08-09,2023,August,Wednesday,Morning,Gujarat,Ahmedabad,Sabarmati,Transit Station,Theft,Property Crime,Low,29,Male,Rainy,No,4,Low
INC-2023-0232,2023-08-08,2023,August,Tuesday,Evening,Delhi (NCT),Delhi,South Delhi,Residential,Vandalism,Public Order,Low,28,Male,Clear,No,4,Medium
INC-2023-1546,2023-08-06,2023,August,Sunday,Night,West Bengal,Kolkata,Esplanade,Transit Station,Theft,Property Crime,Low,41,Male,Clear,No,15,High
INC-2023-2341,2023-08-06,2023,August,Sunday,Afternoon,Maharashtra,Pune,Camp Cantonment,Public Park,Burglary,Property Crime,Medium,31,Male,Clear,No,6,High
INC-2023-2104,2023-08-05,2023,August,Saturday,Night,Gujarat,Ahmedabad,Sabarmati,Parking Complex,Theft,Property Crime,Low,31,Male,Clear,No,5,Medium
INC-2023-1275,2023-08-05,2023,August,Saturday,Morning,Delhi (NCT),Delhi,Connaught Place,Residential,Cyber Fraud,Financial Crime,Low,36,Female,Rainy,No,8,High
INC-2023-1111,2023-08-04,2023,August,Friday,Morning,Telangana,Hyderabad,Charminar Heritage,Residential,Vehicle Theft,Property Crime,Medium,18,Male,Rainy,No,7,Medium
INC-2023-1504,2023-08-03,2023,August,Thursday,Night,Telangana,Hyderabad,Gachibowli,Parking Complex,Cyber Fraud,Financial Crime,Low,35,Male,Cloudy,No,2,Medium
INC-2023-0226,2023-08-03,2023,August,Thursday,Evening,West Bengal,Kolkata,Ballygunge,Public Park,Vehicle Theft,Property Crime,Medium,33,Female,Clear,No,1,Low
INC-2023-1528,2023-08-03,2023,August,Thursday,Evening,Karnataka,Bengaluru,Koramangala,Street,Vehicle Theft,Property Crime,Medium,50,Female,Clear,No,4,Medium
INC-2023-0337,2023-08-02,2023,August,Wednesday,Morning,Tamil Nadu,Chennai,Marina Beachfront,Street,Cyber Fraud,Financial Crime,Low,46,Male,Clear,No,8,Low
INC-2023-0195,2023-08-02,2023,August,Wednesday,Evening,Karnataka,Bengaluru,Indiranagar,Commercial Market,Cyber Fraud,Financial Crime,Low,30,Female,Clear,No,3,Medium
INC-2023-0741,2023-08-01,2023,August,Tuesday,Morning,Telangana,Hyderabad,Gachibowli,Public Park,Assault,Violent Crime,High,38,Male,Cloudy,No,1,Low
INC-2023-1738,2023-08-01,2023,August,Tuesday,Afternoon,Tamil Nadu,Chennai,T. Nagar,Street,Burglary,Property Crime,Medium,31,Male,Clear,No,4,Medium
INC-2023-1802,2023-07-31,2023,July,Monday,Evening,Karnataka,Bengaluru,Electronic City,Public Park,Robbery,Violent Crime,Medium,34,Male,Clear,No,3,Low
INC-2023-2129,2023-07-30,2023,July,Sunday,Morning,Telangana,Hyderabad,Madhapur,Commercial Market,Vandalism,Public Order,Low,30,Male,Clear,No,4,Low
INC-2023-0980,2023-07-30,2023,July,Sunday,Evening,Telangana,Hyderabad,Gachibowli,Public Park,Theft,Property Crime,Low,18,Male,Clear,No,2,Low
INC-2023-0979,2023-07-30,2023,July,Sunday,Afternoon,Tamil Nadu,Chennai,T. Nagar,Commercial Market,Theft,Property Crime,Low,49,Female,Cloudy,No,7,High
INC-2023-0605,2023-07-30,2023,July,Sunday,Morning,Gujarat,Ahmedabad,SG Highway,Public Park,Robbery,Violent Crime,Medium,32,Male,Clear,No,2,Low
INC-2023-1194,2023-07-29,2023,July,Saturday,Evening,Telangana,Hyderabad,Charminar Heritage,Public Park,Robbery,Violent Crime,Medium,18,Male,Clear,No,10,High
INC-2023-0399,2023-07-27,2023,July,Thursday,Afternoon,Gujarat,Ahmedabad,Navrangpura,Residential,Vehicle Theft,Property Crime,Medium,51,Female,Rainy,No,3,Medium
INC-2023-0360,2023-07-27,2023,July,Thursday,Night,Gujarat,Ahmedabad,Navrangpura,Transit Station,Theft,Property Crime,Low,39,Male,Clear,No,10,High
INC-2023-0770,2023-07-26,2023,July,Wednesday,Afternoon,Delhi (NCT),Delhi,Connaught Place,Residential,Vehicle Theft,Property Crime,Medium,18,Female,Rainy,No,3,Medium
INC-2023-1853,2023-07-26,2023,July,Wednesday,Evening,Tamil Nadu,Chennai,Adyar,Parking Complex,Robbery,Violent Crime,Medium,39,Male,Clear,No,5,Medium
INC-2023-0515,2023-07-25,2023,July,Tuesday,Afternoon,Maharashtra,Mumbai,Andheri,Transit Station,Vandalism,Public Order,Low,18,Male,Cloudy,No,4,Low
INC-2023-1314,2023-07-23,2023,July,Sunday,Afternoon,Maharashtra,Pune,Shivaji Nagar,Street,Vandalism,Public Order,Low,36,Male,Cloudy,No,2,Low
INC-2023-1128,2023-07-23,2023,July,Sunday,Night,Delhi (NCT),Delhi,Connaught Place,Parking Complex,Vandalism,Public Order,Low,24,Male,Clear,No,12,High
INC-2023-1876,2023-07-23,2023,July,Sunday,Afternoon,Gujarat,Ahmedabad,Maninagar,Street,Theft,Property Crime,Low,30,Female,Rainy,No,6,Low
INC-2023-1821,2023-07-23,2023,July,Sunday,Afternoon,Maharashtra,Mumbai,Colaba,Public Park,Cyber Fraud,Financial Crime,Low,18,Male,Clear,No,2,Low
INC-2023-0267,2023-07-22,2023,July,Saturday,Night,Telangana,Hyderabad,Gachibowli,Parking Complex,Vehicle Theft,Property Crime,Medium,18,Male,Clear,No,2,Medium
INC-2023-1532,2023-07-22,2023,July,Saturday,Morning,Telangana,Hyderabad,Secunderabad,Residential,Cyber Fraud,Financial Crime,Low,63,Male,Rainy,No,3,Low
INC-2023-1523,2023-07-22,2023,July,Saturday,Evening,Delhi (NCT),Delhi,Old Delhi,Residential,Vehicle Theft,Property Crime,Medium,39,Male,Clear,No,5,High
INC-2023-0260,2023-07-21,2023,July,Friday,Afternoon,Maharashtra,Mumbai,Fort Downtown,Parking Complex,Assault,Violent Crime,High,18,Female,Clear,No,8,High
INC-2023-2389,2023-07-21,2023,July,Friday,Night,Maharashtra,Pune,Viman Nagar,Commercial Market,Robbery,Violent Crime,Medium,21,Female,Clear,No,4,Medium
INC-2023-1762,2023-07-20,2023,July,Thursday,Evening,West Bengal,Kolkata,Park Street,Residential,Burglary,Property Crime,Medium,50,Female,Clear,No,9,Medium
INC-2023-2160,2023-07-20,2023,July,Thursday,Afternoon,Telangana,Hyderabad,Banjara Hills,Public Park,Cyber Fraud,Financial Crime,Low,40,Male,Clear,No,2,Low
INC-2023-2065,2023-07-19,2023,July,Wednesday,Afternoon,Maharashtra,Pune,Kothrud,Commercial Market,Vehicle Theft,Property Crime,Medium,19,Male,Clear,No,3,Low
INC-2023-0811,2023-07-19,2023,July,Wednesday,Evening,Telangana,Hyderabad,Hitec City,Residential,Cyber Fraud,Financial Crime,Low,31,Female,Rainy,Yes,1,Low
INC-2023-2196,2023-07-19,2023,July,Wednesday,Night,Delhi (NCT),Delhi,Rohini,Street,Theft,Property Crime,Low,31,Male,Clear,No,2,Low
INC-2023-2187,2023-07-19,2023,July,Wednesday,Night,Telangana,Hyderabad,Banjara Hills,Street,Cyber Fraud,Financial Crime,Low,27,Female,Clear,No,0,Low
INC-2023-0504,2023-07-19,2023,July,Wednesday,Night,Telangana,Hyderabad,Hitec City,Transit Station,Theft,Property Crime,Low,20,Female,Clear,No,3,Medium
INC-2023-1625,2023-07-19,2023,July,Wednesday,Afternoon,Tamil Nadu,Chennai,Marina Beachfront,Commercial Market,Vandalism,Public Order,Low,18,Other,Rainy,No,3,Low
INC-2023-0190,2023-07-18,2023,July,Tuesday,Night,Delhi (NCT),Delhi,South Delhi,Commercial Market,Burglary,Property Crime,Medium,26,Female,Cloudy,No,2,Medium
INC-2023-1054,2023-07-17,2023,July,Monday,Evening,Maharashtra,Pune,Hinjewadi IT Park,Parking Complex,Cyber Fraud,Financial Crime,Low,18,Female,Rainy,No,1,Medium
INC-2023-1551,2023-07-17,2023,July,Monday,Morning,Telangana,Hyderabad,Gachibowli,Street,Cyber Fraud,Financial Crime,Low,19,Female,Cloudy,No,4,Low
INC-2023-1552,2023-07-17,2023,July,Monday,Afternoon,Maharashtra,Mumbai,Harbor Docklands,Street,Vandalism,Public Order,Low,33,Male,Clear,No,12,High
INC-2023-0254,2023-07-16,2023,July,Sunday,Evening,Delhi (NCT),Delhi,Connaught Place,Transit Station,Vandalism,Public Order,Low,20,Male,Rainy,No,7,High
INC-2023-1000,2023-07-16,2023,July,Sunday,Morning,Karnataka,Bengaluru,Jayanagar,Transit Station,Cyber Fraud,Financial Crime,Low,40,Male,Rainy,No,2,Low
INC-2023-0516,2023-07-16,2023,July,Sunday,Morning,Tamil Nadu,Chennai,Anna Nagar,Parking Complex,Vehicle Theft,Property Crime,Medium,46,Female,Rainy,No,2,Low
INC-2023-0205,2023-07-16,2023,July,Sunday,Evening,Gujarat,Ahmedabad,Paldi,Parking Complex,Theft,Property Crime,Low,32,Male,Clear,No,2,Low
INC-2023-0665,2023-07-15,2023,July,Saturday,Afternoon,Karnataka,Bengaluru,Koramangala,Street,Vehicle Theft,Property Crime,Medium,50,Female,Rainy,No,0,Low
INC-2023-2179,2023-07-15,2023,July,Saturday,Night,Maharashtra,Pune,Baner,Parking Complex,Theft,Property Crime,Low,35,Female,Cloudy,No,3,Medium
INC-2023-0988,2023-07-15,2023,July,Saturday,Evening,Maharashtra,Pune,Baner,Public Park,Assault,Violent Crime,High,18,Female,Rainy,No,1,Low
INC-2023-1457,2023-07-14,2023,July,Friday,Evening,Delhi (NCT),Delhi,Old Delhi,Residential,Cyber Fraud,Financial Crime,Low,38,Male,Rainy,No,4,High
INC-2023-1561,2023-07-13,2023,July,Thursday,Morning,Maharashtra,Mumbai,Bandra,Street,Assault,Violent Crime,High,31,Male,Cloudy,No,5,Low
INC-2023-0859,2023-07-11,2023,July,Tuesday,Night,Delhi (NCT),Delhi,Rohini,Public Park,Vehicle Theft,Property Crime,Medium,46,Male,Rainy,No,6,Medium
INC-2023-2082,2023-07-11,2023,July,Tuesday,Evening,West Bengal,Kolkata,Park Street,Street,Burglary,Property Crime,Medium,38,Male,Foggy,No,3,Low
INC-2023-1286,2023-07-10,2023,July,Monday,Evening,Maharashtra,Pune,Viman Nagar,Commercial Market,Vandalism,Public Order,Low,18,Male,Rainy,No,2,Medium
INC-2023-1283,2023-07-10,2023,July,Monday,Afternoon,Delhi (NCT),Delhi,South Delhi,Public Park,Assault,Violent Crime,High,29,Male,Clear,No,5,Low
INC-2023-2097,2023-07-09,2023,July,Sunday,Afternoon,Delhi (NCT),Delhi,Dwarka,Commercial Market,Robbery,Violent Crime,Medium,29,Male,Rainy,No,2,Low
INC-2023-0143,2023-07-09,2023,July,Sunday,Afternoon,Karnataka,Bengaluru,Koramangala,Transit Station,Cyber Fraud,Financial Crime,Low,31,Female,Clear,No,2,Low
INC-2023-1814,2023-07-09,2023,July,Sunday,Evening,Tamil Nadu,Chennai,Anna Nagar,Transit Station,Theft,Property Crime,Low,27,Male,Cloudy,No,2,Medium
INC-2023-1439,2023-07-09,2023,July,Sunday,Night,Karnataka,Bengaluru,Jayanagar,Public Park,Assault,Violent Crime,High,35,Male,Rainy,Yes,2,Low
INC-2023-0714,2023-07-08,2023,July,Saturday,Afternoon,West Bengal,Kolkata,Salt Lake,Commercial Market,Vandalism,Public Order,Low,37,Female,Clear,No,2,Low
INC-2023-0949,2023-07-05,2023,July,Wednesday,Afternoon,Karnataka,Bengaluru,Jayanagar,Transit Station,Cyber Fraud,Financial Crime,Low,45,Female,Rainy,No,1,Low
INC-2023-1295,2023-07-05,2023,July,Wednesday,Morning,Telangana,Hyderabad,Gachibowli,Transit Station,Theft,Property Crime,Low,32,Male,Clear,No,6,Medium
INC-2023-0451,2023-07-03,2023,July,Monday,Evening,Maharashtra,Pune,Kothrud,Transit Station,Vandalism,Public Order,Low,51,Male,Rainy,No,3,Medium
INC-2023-2148,2023-07-03,2023,July,Monday,Night,Delhi (NCT),Delhi,Connaught Place,Commercial Market,Burglary,Property Crime,Medium,41,Male,Clear,No,3,High
INC-2023-2220,2023-07-03,2023,July,Monday,Evening,Maharashtra,Mumbai,Dadar,Parking Complex,Vehicle Theft,Property Crime,Medium,31,Male,Rainy,No,0,Medium
INC-2023-1832,2023-07-02,2023,July,Sunday,Morning,Delhi (NCT),Delhi,Old Delhi,Transit Station,Vandalism,Public Order,Low,61,Female,Clear,No,4,High
INC-2023-0909,2023-07-01,2023,July,Saturday,Morning,Delhi (NCT),Delhi,Dwarka,Public Park,Assault,Violent Crime,High,34,Male,Clear,No,2,Low
INC-2023-0953,2023-06-30,2023,June,Friday,Morning,West Bengal,Kolkata,Ballygunge,Residential,Vehicle Theft,Property Crime,Medium,46,Male,Clear,No,3,Low
INC-2023-1135,2023-06-27,2023,June,Tuesday,Afternoon,Telangana,Hyderabad,Banjara Hills,Parking Complex,Assault,Violent Crime,High,26,Male,Clear,No,3,Low
INC-2023-0417,2023-06-27,2023,June,Tuesday,Afternoon,Gujarat,Ahmedabad,Paldi,Residential,Theft,Property Crime,Low,32,Male,Rainy,No,4,Low
INC-2023-0150,2023-06-27,2023,June,Tuesday,Night,West Bengal,Kolkata,Park Street,Commercial Market,Theft,Property Crime,Low,31,Female,Clear,No,4,Medium
INC-2023-1868,2023-06-26,2023,June,Monday,Afternoon,Karnataka,Bengaluru,MG Road Central,Street,Robbery,Violent Crime,Medium,18,Female,Rainy,No,5,Low
INC-2023-0028,2023-06-25,2023,June,Sunday,Night,Delhi (NCT),Delhi,Rohini,Public Park,Theft,Property Crime,Low,44,Female,Clear,No,1,Low
INC-2023-0905,2023-06-25,2023,June,Sunday,Night,Gujarat,Ahmedabad,SG Highway,Public Park,Cyber Fraud,Financial Crime,Low,36,Male,Clear,No,7,Medium
INC-2023-2359,2023-06-24,2023,June,Saturday,Night,Delhi (NCT),Delhi,Dwarka,Commercial Market,Burglary,Property Crime,Medium,38,Male,Cloudy,No,6,High
INC-2023-2165,2023-06-24,2023,June,Saturday,Afternoon,Delhi (NCT),Delhi,Connaught Place,Street,Theft,Property Crime,Low,18,Female,Cloudy,No,10,Medium
INC-2023-1940,2023-06-23,2023,June,Friday,Afternoon,West Bengal,Kolkata,Esplanade,Parking Complex,Cyber Fraud,Financial Crime,Low,25,Male,Clear,No,8,High
INC-2023-1582,2023-06-20,2023,June,Tuesday,Evening,Gujarat,Ahmedabad,Navrangpura,Street,Cyber Fraud,Financial Crime,Low,30,Female,Rainy,No,7,High
INC-2023-1449,2023-06-20,2023,June,Tuesday,Night,Maharashtra,Mumbai,Colaba,Street,Theft,Property Crime,Low,49,Female,Clear,No,5,Medium
INC-2023-1490,2023-06-20,2023,June,Tuesday,Night,Delhi (NCT),Delhi,Rohini,Public Park,Theft,Property Crime,Low,37,Female,Cloudy,No,2,Low
INC-2023-0840,2023-06-19,2023,June,Monday,Night,Telangana,Hyderabad,Secunderabad,Residential,Cyber Fraud,Financial Crime,Low,35,Male,Clear,No,3,Low
INC-2023-0472,2023-06-19,2023,June,Monday,Morning,Gujarat,Ahmedabad,Navrangpura,Residential,Vehicle Theft,Property Crime,Medium,27,Female,Foggy,No,7,Medium
INC-2023-1820,2023-06-19,2023,June,Monday,Evening,Maharashtra,Mumbai,Dadar,Public Park,Robbery,Violent Crime,Medium,18,Male,Rainy,No,2,Low
INC-2023-0996,2023-06-19,2023,June,Monday,Evening,Tamil Nadu,Chennai,Adyar,Transit Station,Burglary,Property Crime,Medium,47,Male,Clear,No,2,Medium
INC-2023-1607,2023-06-19,2023,June,Monday,Evening,Karnataka,Bengaluru,Jayanagar,Street,Theft,Property Crime,Low,18,Male,Clear,Yes,5,Medium
INC-2023-0934,2023-06-18,2023,June,Sunday,Night,Gujarat,Ahmedabad,Satellite,Public Park,Theft,Property Crime,Low,18,Female,Cloudy,No,2,Low
INC-2023-1780,2023-06-18,2023,June,Sunday,Afternoon,West Bengal,Kolkata,Salt Lake,Public Park,Theft,Property Crime,Low,32,Male,Clear,No,6,Low
INC-2023-0620,2023-06-18,2023,June,Sunday,Night,Maharashtra,Pune,Hinjewadi IT Park,Parking Complex,Assault,Violent Crime,High,28,Female,Rainy,No,5,Medium
INC-2023-1383,2023-06-17,2023,June,Saturday,Evening,Telangana,Hyderabad,Gachibowli,Transit Station,Vandalism,Public Order,Low,44,Female,Clear,Yes,4,Medium
INC-2023-0530,2023-06-16,2023,June,Friday,Evening,Delhi (NCT),Delhi,Old Delhi,Residential,Theft,Property Crime,Low,18,Male,Cloudy,No,9,High
INC-2023-0816,2023-06-16,2023,June,Friday,Morning,Karnataka,Bengaluru,Electronic City,Parking Complex,Burglary,Property Crime,Medium,39,Male,Clear,No,5,Low
INC-2023-1095,2023-06-15,2023,June,Thursday,Morning,Maharashtra,Mumbai,Bandra,Residential,Cyber Fraud,Financial Crime,Low,18,Female,Clear,No,6,Low
INC-2023-0910,2023-06-15,2023,June,Thursday,Afternoon,Gujarat,Ahmedabad,Paldi,Residential,Theft,Property Crime,Low,40,Male,Clear,No,0,Low
INC-2023-1775,2023-06-15,2023,June,Thursday,Evening,Tamil Nadu,Chennai,Anna Nagar,Transit Station,Robbery,Violent Crime,Medium,49,Male,Clear,No,2,Low
INC-2023-1746,2023-06-14,2023,June,Wednesday,Afternoon,West Bengal,Kolkata,Salt Lake,Residential,Cyber Fraud,Financial Crime,Low,36,Female,Rainy,No,6,Low
INC-2023-0701,2023-06-14,2023,June,Wednesday,Night,Tamil Nadu,Chennai,Velachery,Parking Complex,Cyber Fraud,Financial Crime,Low,36,Female,Clear,No,2,Medium
INC-2023-1124,2023-06-14,2023,June,Wednesday,Night,Tamil Nadu,Chennai,Anna Nagar,Residential,Vandalism,Public Order,Low,41,Female,Clear,No,3,Medium
INC-2023-0187,2023-06-14,2023,June,Wednesday,Afternoon,Delhi (NCT),Delhi,South Delhi,Parking Complex,Cyber Fraud,Financial Crime,Low,33,Female,Clear,No,0,Low
INC-2023-1184,2023-06-13,2023,June,Tuesday,Morning,Gujarat,Ahmedabad,Navrangpura,Residential,Vandalism,Public Order,Low,51,Male,Clear,No,9,Medium
INC-2023-1997,2023-06-13,2023,June,Tuesday,Morning,Tamil Nadu,Chennai,T. Nagar,Transit Station,Robbery,Violent Crime,Medium,49,Female,Rainy,No,5,Medium
INC-2023-1009,2023-06-10,2023,June,Saturday,Morning,Maharashtra,Pune,Kothrud,Parking Complex,Cyber Fraud,Financial Crime,Low,18,Male,Cloudy,No,2,Low
INC-2023-1205,2023-06-10,2023,June,Saturday,Evening,West Bengal,Kolkata,Esplanade,Residential,Assault,Violent Crime,High,41,Female,Clear,No,10,High
INC-2023-0890,2023-06-10,2023,June,Saturday,Night,Gujarat,Ahmedabad,Paldi,Public Park,Burglary,Property Crime,Medium,18,Female,Clear,No,2,Low
INC-2023-1344,2023-06-08,2023,June,Thursday,Night,Tamil Nadu,Chennai,T. Nagar,Street,Cyber Fraud,Financial Crime,Low,34,Female,Clear,No,9,High
INC-2023-1219,2023-06-08,2023,June,Thursday,Night,Maharashtra,Mumbai,Bandra,Commercial Market,Theft,Property Crime,Low,31,Other,Clear,No,2,Medium
INC-2023-0118,2023-06-08,2023,June,Thursday,Evening,Telangana,Hyderabad,Banjara Hills,Street,Vehicle Theft,Property Crime,Medium,28,Female,Foggy,No,2,Low
INC-2023-0838,2023-06-08,2023,June,Thursday,Morning,Delhi (NCT),Delhi,Karol Bagh,Street,Theft,Property Crime,Low,33,Other,Rainy,No,2,Low
INC-2023-1726,2023-06-07,2023,June,Wednesday,Afternoon,West Bengal,Kolkata,Howrah,Commercial Market,Theft,Property Crime,Low,35,Female,Clear,No,9,High
INC-2023-0546,2023-06-05,2023,June,Monday,Afternoon,West Bengal,Kolkata,Howrah,Residential,Vandalism,Public Order,Low,22,Female,Clear,No,7,Medium
INC-2023-2060,2023-06-04,2023,June,Sunday,Afternoon,Gujarat,Ahmedabad,Maninagar,Public Park,Cyber Fraud,Financial Crime,Low,51,Male,Foggy,No,3,Low
INC-2023-0526,2023-06-04,2023,June,Sunday,Morning,Karnataka,Bengaluru,Koramangala,Transit Station,Cyber Fraud,Financial Crime,Low,26,Male,Clear,No,2,Low
INC-2023-1313,2023-06-03,2023,June,Saturday,Afternoon,Tamil Nadu,Chennai,Adyar,Parking Complex,Robbery,Violent Crime,Medium,41,Male,Clear,No,0,Low
INC-2023-1862,2023-06-03,2023,June,Saturday,Morning,Maharashtra,Pune,Viman Nagar,Public Park,Theft,Property Crime,Low,37,Male,Rainy,No,0,Low
INC-2023-0161,2023-06-03,2023,June,Saturday,Evening,West Bengal,Kolkata,Ballygunge,Transit Station,Cyber Fraud,Financial Crime,Low,35,Male,Clear,No,3,Medium
INC-2023-1944,2023-06-02,2023,June,Friday,Evening,Delhi (NCT),Delhi,South Delhi,Public Park,Cyber Fraud,Financial Crime,Low,36,Male,Cloudy,No,3,Medium
INC-2023-0305,2023-05-31,2023,May,Wednesday,Night,Maharashtra,Pune,Kothrud,Parking Complex,Theft,Property Crime,Low,32,Female,Rainy,No,1,Medium
INC-2023-0330,2023-05-30,2023,May,Tuesday,Morning,West Bengal,Kolkata,Esplanade,Street,Theft,Property Crime,Low,37,Female,Clear,No,4,Medium
INC-2023-1428,2023-05-30,2023,May,Tuesday,Evening,Tamil Nadu,Chennai,Anna Nagar,Transit Station,Vehicle Theft,Property Crime,Medium,25,Female,Clear,No,2,Low
INC-2023-1152,2023-05-29,2023,May,Monday,Night,Maharashtra,Mumbai,Dadar,Commercial Market,Assault,Violent Crime,High,34,Female,Cloudy,No,1,Medium
INC-2023-0146,2023-05-29,2023,May,Monday,Night,Karnataka,Bengaluru,Jayanagar,Parking Complex,Burglary,Property Crime,Medium,35,Male,Clear,No,1,Low
INC-2023-1730,2023-05-28,2023,May,Sunday,Afternoon,Gujarat,Ahmedabad,Sabarmati,Parking Complex,Vehicle Theft,Property Crime,Medium,31,Male,Rainy,No,2,Low
INC-2023-2285,2023-05-26,2023,May,Friday,Morning,West Bengal,Kolkata,Ballygunge,Transit Station,Theft,Property Crime,Low,32,Male,Cloudy,No,1,Low
INC-2023-2206,2023-05-26,2023,May,Friday,Morning,Tamil Nadu,Chennai,Adyar,Street,Robbery,Violent Crime,Medium,32,Male,Foggy,No,3,Low
INC-2023-1904,2023-05-26,2023,May,Friday,Morning,Tamil Nadu,Chennai,T. Nagar,Parking Complex,Theft,Property Crime,Low,25,Male,Rainy,No,7,High
INC-2023-0784,2023-05-25,2023,May,Thursday,Morning,West Bengal,Kolkata,Ballygunge,Street,Robbery,Violent Crime,Medium,27,Male,Cloudy,No,4,Low
INC-2023-1682,2023-05-24,2023,May,Wednesday,Night,Telangana,Hyderabad,Charminar Heritage,Residential,Vehicle Theft,Property Crime,Medium,23,Male,Cloudy,No,5,High
INC-2023-1680,2023-05-24,2023,May,Wednesday,Evening,Telangana,Hyderabad,Hitec City,Parking Complex,Cyber Fraud,Financial Crime,Low,29,Male,Clear,No,4,Medium
INC-2023-0017,2023-05-23,2023,May,Tuesday,Night,Tamil Nadu,Chennai,Adyar,Transit Station,Theft,Property Crime,Low,34,Female,Rainy,No,6,High
INC-2023-1309,2023-05-23,2023,May,Tuesday,Evening,Delhi (NCT),Delhi,Dwarka,Street,Vandalism,Public Order,Low,36,Male,Rainy,No,2,Low
INC-2023-2015,2023-05-23,2023,May,Tuesday,Evening,Gujarat,Ahmedabad,Maninagar,Transit Station,Robbery,Violent Crime,Medium,18,Female,Clear,No,2,Medium
INC-2023-0058,2023-05-22,2023,May,Monday,Evening,West Bengal,Kolkata,Ballygunge,Residential,Theft,Property Crime,Low,54,Female,Clear,No,1,Low
INC-2023-2074,2023-05-22,2023,May,Monday,Evening,Gujarat,Ahmedabad,Navrangpura,Commercial Market,Vehicle Theft,Property Crime,Medium,31,Male,Clear,No,5,High
INC-2023-1334,2023-05-20,2023,May,Saturday,Afternoon,West Bengal,Kolkata,New Town,Transit Station,Theft,Property Crime,Low,23,Female,Rainy,No,5,Low
INC-2023-1934,2023-05-20,2023,May,Saturday,Evening,Delhi (NCT),Delhi,Karol Bagh,Residential,Vandalism,Public Order,Low,18,Female,Rainy,No,4,Medium
INC-2023-1971,2023-05-19,2023,May,Friday,Evening,Tamil Nadu,Chennai,Guindy,Commercial Market,Theft,Property Crime,Low,22,Female,Cloudy,No,2,Low
INC-2023-1331,2023-05-18,2023,May,Thursday,Night,Tamil Nadu,Chennai,Adyar,Street,Theft,Property Crime,Low,30,Male,Clear,No,5,Medium
INC-2023-2171,2023-05-18,2023,May,Thursday,Afternoon,Gujarat,Ahmedabad,Navrangpura,Residential,Cyber Fraud,Financial Crime,Low,29,Female,Cloudy,No,10,Medium
INC-2023-1011,2023-05-17,2023,May,Wednesday,Afternoon,Maharashtra,Mumbai,Fort Downtown,Street,Theft,Property Crime,Low,35,Female,Clear,No,11,High
INC-2023-0067,2023-05-16,2023,May,Tuesday,Evening,Gujarat,Ahmedabad,SG Highway,Street,Cyber Fraud,Financial Crime,Low,42,Male,Cloudy,No,3,Low
INC-2023-1996,2023-05-16,2023,May,Tuesday,Afternoon,Maharashtra,Pune,Hinjewadi IT Park,Parking Complex,Burglary,Property Crime,Medium,42,Female,Rainy,No,1,Low
INC-2023-1516,2023-05-15,2023,May,Monday,Night,Maharashtra,Mumbai,Fort Downtown,Commercial Market,Burglary,Property Crime,Medium,24,Female,Rainy,No,8,High
INC-2023-1440,2023-05-14,2023,May,Sunday,Morning,Delhi (NCT),Delhi,South Delhi,Commercial Market,Burglary,Property Crime,Medium,33,Female,Rainy,No,3,Medium
INC-2023-0651,2023-05-13,2023,May,Saturday,Morning,Delhi (NCT),Delhi,Karol Bagh,Public Park,Assault,Violent Crime,High,36,Female,Clear,No,4,Low
INC-2023-2329,2023-05-13,2023,May,Saturday,Evening,Telangana,Hyderabad,Madhapur,Parking Complex,Theft,Property Crime,Low,42,Male,Rainy,No,4,Medium
INC-2023-1646,2023-05-13,2023,May,Saturday,Evening,Gujarat,Ahmedabad,SG Highway,Residential,Vehicle Theft,Property Crime,Medium,26,Female,Clear,No,3,Low
INC-2023-0924,2023-05-13,2023,May,Saturday,Evening,Delhi (NCT),Delhi,Rohini,Transit Station,Vehicle Theft,Property Crime,Medium,36,Female,Clear,No,4,Medium
INC-2023-1043,2023-05-11,2023,May,Thursday,Evening,Telangana,Hyderabad,Madhapur,Transit Station,Burglary,Property Crime,Medium,26,Other,Clear,No,1,Low
INC-2023-0084,2023-05-11,2023,May,Thursday,Afternoon,Telangana,Hyderabad,Madhapur,Street,Cyber Fraud,Financial Crime,Low,44,Female,Clear,No,2,Low
INC-2023-1816,2023-05-09,2023,May,Tuesday,Morning,Karnataka,Bengaluru,MG Road Central,Public Park,Burglary,Property Crime,Medium,26,Female,Rainy,No,1,Low
INC-2023-0610,2023-05-08,2023,May,Monday,Night,Karnataka,Bengaluru,Koramangala,Street,Robbery,Violent Crime,Medium,20,Male,Clear,No,3,Low
INC-2023-1808,2023-05-08,2023,May,Monday,Evening,Gujarat,Ahmedabad,Paldi,Parking Complex,Assault,Violent Crime,High,34,Male,Rainy,No,4,Medium
INC-2023-0990,2023-05-08,2023,May,Monday,Evening,Maharashtra,Mumbai,Fort Downtown,Transit Station,Vandalism,Public Order,Low,44,Male,Cloudy,No,5,High
INC-2023-0234,2023-05-07,2023,May,Sunday,Afternoon,Gujarat,Ahmedabad,SG Highway,Residential,Cyber Fraud,Financial Crime,Low,40,Female,Clear,No,1,Low
INC-2023-1709,2023-05-06,2023,May,Saturday,Night,Gujarat,Ahmedabad,Sabarmati,Commercial Market,Vandalism,Public Order,Low,39,Female,Rainy,No,2,Medium
INC-2023-1326,2023-05-06,2023,May,Saturday,Afternoon,Karnataka,Bengaluru,Whitefield,Street,Theft,Property Crime,Low,24,Male,Foggy,No,0,Low
INC-2023-0940,2023-05-06,2023,May,Saturday,Morning,Karnataka,Bengaluru,Electronic City,Public Park,Theft,Property Crime,Low,56,Female,Clear,No,4,Low
INC-2023-1168,2023-05-06,2023,May,Saturday,Evening,Delhi (NCT),Delhi,Rohini,Residential,Assault,Violent Crime,High,18,Male,Rainy,No,4,Medium
INC-2023-1066,2023-05-06,2023,May,Saturday,Afternoon,Delhi (NCT),Delhi,South Delhi,Street,Assault,Violent Crime,High,34,Female,Clear,No,1,Low
INC-2023-2202,2023-05-05,2023,May,Friday,Morning,Telangana,Hyderabad,Banjara Hills,Commercial Market,Burglary,Property Crime,Medium,39,Female,Cloudy,No,5,Low
INC-2023-1511,2023-05-05,2023,May,Friday,Morning,Gujarat,Ahmedabad,Maninagar,Transit Station,Cyber Fraud,Financial Crime,Low,30,Female,Foggy,No,5,Low
INC-2023-1036,2023-05-05,2023,May,Friday,Morning,Gujarat,Ahmedabad,Navrangpura,Street,Vehicle Theft,Property Crime,Medium,42,Female,Rainy,No,7,Medium
INC-2023-0536,2023-05-04,2023,May,Thursday,Afternoon,Maharashtra,Mumbai,Dadar,Parking Complex,Vehicle Theft,Property Crime,Medium,36,Other,Clear,No,3,Low
INC-2023-0806,2023-05-02,2023,May,Tuesday,Night,Tamil Nadu,Chennai,Adyar,Transit Station,Vehicle Theft,Property Crime,Medium,30,Male,Clear,No,2,Medium
INC-2023-1433,2023-05-02,2023,May,Tuesday,Night,Karnataka,Bengaluru,Jayanagar,Commercial Market,Burglary,Property Crime,Medium,41,Female,Rainy,No,3,Medium
INC-2023-1369,2023-05-01,2023,May,Monday,Afternoon,Telangana,Hyderabad,Charminar Heritage,Transit Station,Cyber Fraud,Financial Crime,Low,32,Female,Rainy,No,5,Medium
INC-2023-2280,2023-04-29,2023,April,Saturday,Evening,Maharashtra,Mumbai,Andheri,Transit Station,Theft,Property Crime,Low,18,Female,Cloudy,No,5,Medium
INC-2023-1267,2023-04-29,2023,April,Saturday,Morning,Maharashtra,Mumbai,Fort Downtown,Parking Complex,Vehicle Theft,Property Crime,Medium,45,Female,Cloudy,No,9,High
INC-2023-1274,2023-04-29,2023,April,Saturday,Night,Gujarat,Ahmedabad,Sabarmati,Street,Cyber Fraud,Financial Crime,Low,21,Female,Cloudy,No,3,Low
INC-2023-1115,2023-04-29,2023,April,Saturday,Evening,Tamil Nadu,Chennai,Anna Nagar,Street,Cyber Fraud,Financial Crime,Low,32,Female,Clear,No,4,Medium
INC-2023-0241,2023-04-28,2023,April,Friday,Afternoon,Telangana,Hyderabad,Madhapur,Street,Cyber Fraud,Financial Crime,Low,38,Female,Clear,No,2,Low
INC-2023-1323,2023-04-27,2023,April,Thursday,Evening,Gujarat,Ahmedabad,Sabarmati,Public Park,Vehicle Theft,Property Crime,Medium,48,Male,Clear,No,4,Low
INC-2023-1064,2023-04-27,2023,April,Thursday,Evening,Tamil Nadu,Chennai,Anna Nagar,Parking Complex,Theft,Property Crime,Low,22,Male,Clear,No,0,Medium
INC-2023-0998,2023-04-26,2023,April,Wednesday,Afternoon,Karnataka,Bengaluru,Indiranagar,Commercial Market,Robbery,Violent Crime,Medium,33,Female,Rainy,No,5,Low
INC-2023-2301,2023-04-26,2023,April,Wednesday,Afternoon,Tamil Nadu,Chennai,T. Nagar,Parking Complex,Robbery,Violent Crime,Medium,29,Female,Rainy,No,11,High
INC-2023-0286,2023-04-26,2023,April,Wednesday,Evening,Gujarat,Ahmedabad,Sabarmati,Street,Theft,Property Crime,Low,41,Female,Clear,No,3,Low
INC-2023-1884,2023-04-26,2023,April,Wednesday,Night,Karnataka,Bengaluru,Whitefield,Parking Complex,Theft,Property Crime,Low,28,Female,Rainy,No,3,Medium
INC-2023-0435,2023-04-24,2023,April,Monday,Morning,Telangana,Hyderabad,Gachibowli,Residential,Cyber Fraud,Financial Crime,Low,24,Male,Rainy,No,3,Low
INC-2023-0868,2023-04-24,2023,April,Monday,Afternoon,Karnataka,Bengaluru,Electronic City,Residential,Vandalism,Public Order,Low,34,Male,Clear,No,1,Low
INC-2023-0527,2023-04-23,2023,April,Sunday,Night,Telangana,Hyderabad,Charminar Heritage,Street,Cyber Fraud,Financial Crime,Low,36,Male,Rainy,No,6,High
INC-2023-1459,2023-04-22,2023,April,Saturday,Morning,West Bengal,Kolkata,Park Street,Commercial Market,Theft,Property Crime,Low,43,Male,Foggy,No,5,Low
INC-2023-0461,2023-04-22,2023,April,Saturday,Evening,West Bengal,Kolkata,New Town,Public Park,Vehicle Theft,Property Crime,Medium,18,Male,Clear,No,1,Low
INC-2023-1405,2023-04-21,2023,April,Friday,Evening,Maharashtra,Pune,Viman Nagar,Street,Burglary,Property Crime,Medium,30,Female,Clear,No,5,Medium
INC-2023-0263,2023-04-21,2023,April,Friday,Night,Gujarat,Ahmedabad,Satellite,Street,Burglary,Property Crime,Medium,18,Male,Clear,No,2,Low
INC-2023-1039,2023-04-21,2023,April,Friday,Afternoon,Gujarat,Ahmedabad,Maninagar,Parking Complex,Burglary,Property Crime,Medium,31,Male,Clear,No,3,Low
INC-2023-1375,2023-04-20,2023,April,Thursday,Morning,Maharashtra,Pune,Hinjewadi IT Park,Street,Cyber Fraud,Financial Crime,Low,46,Female,Clear,No,1,Low
INC-2023-0309,2023-04-18,2023,April,Tuesday,Evening,Gujarat,Ahmedabad,Sabarmati,Residential,Cyber Fraud,Financial Crime,Low,31,Female,Clear,No,3,Low
INC-2023-1966,2023-04-18,2023,April,Tuesday,Night,Telangana,Hyderabad,Hitec City,Commercial Market,Vandalism,Public Order,Low,47,Male,Clear,No,5,Medium
INC-2023-0778,2023-04-18,2023,April,Tuesday,Afternoon,Tamil Nadu,Chennai,Guindy,Street,Theft,Property Crime,Low,18,Female,Clear,No,7,Low
INC-2023-0539,2023-04-17,2023,April,Monday,Morning,Gujarat,Ahmedabad,Sabarmati,Commercial Market,Burglary,Property Crime,Medium,43,Female,Cloudy,No,7,Medium
INC-2023-0702,2023-04-17,2023,April,Monday,Afternoon,Delhi (NCT),Delhi,Dwarka,Residential,Vehicle Theft,Property Crime,Medium,44,Female,Cloudy,No,2,Low
INC-2023-2335,2023-04-17,2023,April,Monday,Night,Tamil Nadu,Chennai,T. Nagar,Transit Station,Cyber Fraud,Financial Crime,Low,34,Female,Rainy,No,5,High
INC-2023-2327,2023-04-17,2023,April,Monday,Morning,Maharashtra,Pune,Baner,Transit Station,Vandalism,Public Order,Low,36,Male,Cloudy,No,2,Low
INC-2023-0489,2023-04-16,2023,April,Sunday,Evening,Tamil Nadu,Chennai,Anna Nagar,Transit Station,Vandalism,Public Order,Low,26,Female,Cloudy,No,4,Medium
INC-2023-1718,2023-04-15,2023,April,Saturday,Afternoon,Delhi (NCT),Delhi,Dwarka,Parking Complex,Theft,Property Crime,Low,21,Female,Clear,No,4,Medium
INC-2023-1391,2023-04-15,2023,April,Saturday,Night,Karnataka,Bengaluru,MG Road Central,Transit Station,Cyber Fraud,Financial Crime,Low,20,Male,Clear,No,2,Low
INC-2023-2217,2023-04-14,2023,April,Friday,Morning,West Bengal,Kolkata,Ballygunge,Transit Station,Vehicle Theft,Property Crime,Medium,18,Female,Rainy,No,2,Low
INC-2023-0388,2023-04-13,2023,April,Thursday,Night,Delhi (NCT),Delhi,Old Delhi,Residential,Theft,Property Crime,Low,53,Female,Cloudy,No,8,High
INC-2023-1077,2023-04-13,2023,April,Thursday,Afternoon,Gujarat,Ahmedabad,Sabarmati,Transit Station,Vehicle Theft,Property Crime,Medium,26,Female,Clear,No,3,Low
INC-2023-1147,2023-04-13,2023,April,Thursday,Evening,Karnataka,Bengaluru,Indiranagar,Public Park,Vehicle Theft,Property Crime,Medium,44,Female,Clear,No,1,Low
INC-2023-0511,2023-04-13,2023,April,Thursday,Morning,West Bengal,Kolkata,Salt Lake,Parking Complex,Cyber Fraud,Financial Crime,Low,40,Female,Rainy,No,5,Low
INC-2023-1496,2023-04-12,2023,April,Wednesday,Evening,Telangana,Hyderabad,Madhapur,Street,Vehicle Theft,Property Crime,Medium,43,Male,Clear,No,6,Medium
INC-2023-1104,2023-04-12,2023,April,Wednesday,Night,Delhi (NCT),Delhi,South Delhi,Parking Complex,Theft,Property Crime,Low,26,Female,Clear,No,1,Medium
INC-2023-1410,2023-04-11,2023,April,Tuesday,Morning,Gujarat,Ahmedabad,Paldi,Public Park,Burglary,Property Crime,Medium,22,Male,Clear,No,3,Low
INC-2023-1638,2023-04-10,2023,April,Monday,Night,Maharashtra,Pune,Shivaji Nagar,Transit Station,Vehicle Theft,Property Crime,Medium,24,Female,Rainy,No,0,Medium
INC-2023-2310,2023-04-09,2023,April,Sunday,Afternoon,West Bengal,Kolkata,Ballygunge,Residential,Vandalism,Public Order,Low,24,Male,Clear,No,2,Low
INC-2023-0475,2023-04-08,2023,April,Saturday,Evening,Karnataka,Bengaluru,Jayanagar,Transit Station,Vehicle Theft,Property Crime,Medium,24,Female,Clear,No,1,Medium
INC-2023-0304,2023-04-08,2023,April,Saturday,Night,Karnataka,Bengaluru,Jayanagar,Transit Station,Cyber Fraud,Financial Crime,Low,56,Male,Clear,No,2,Medium
INC-2023-1258,2023-04-08,2023,April,Saturday,Afternoon,Tamil Nadu,Chennai,Guindy,Transit Station,Cyber Fraud,Financial Crime,Low,30,Male,Clear,No,4,Low
INC-2023-2194,2023-04-08,2023,April,Saturday,Evening,Maharashtra,Pune,Kothrud,Parking Complex,Vandalism,Public Order,Low,28,Female,Rainy,No,3,Medium
INC-2023-1235,2023-04-08,2023,April,Saturday,Afternoon,Maharashtra,Mumbai,Colaba,Commercial Market,Theft,Property Crime,Low,37,Male,Rainy,No,3,Medium
INC-2023-1588,2023-04-08,2023,April,Saturday,Night,Gujarat,Ahmedabad,SG Highway,Transit Station,Cyber Fraud,Financial Crime,Low,18,Male,Rainy,No,0,Low
INC-2023-0663,2023-04-07,2023,April,Friday,Night,Gujarat,Ahmedabad,Sabarmati,Street,Theft,Property Crime,Low,33,Female,Clear,Yes,6,Medium
INC-2023-1226,2023-04-07,2023,April,Friday,Evening,Delhi (NCT),Delhi,Connaught Place,Parking Complex,Theft,Property Crime,Low,40,Female,Cloudy,No,10,High
INC-2023-0331,2023-04-07,2023,April,Friday,Afternoon,Maharashtra,Pune,Kothrud,Public Park,Vandalism,Public Order,Low,27,Male,Clear,No,3,Low
INC-2023-0409,2023-04-07,2023,April,Friday,Night,Karnataka,Bengaluru,Indiranagar,Street,Theft,Property Crime,Low,42,Male,Clear,No,7,Medium
INC-2023-0745,2023-04-07,2023,April,Friday,Evening,Telangana,Hyderabad,Gachibowli,Commercial Market,Cyber Fraud,Financial Crime,Low,32,Female,Cloudy,No,4,Medium
INC-2023-0699,2023-04-07,2023,April,Friday,Evening,Gujarat,Ahmedabad,Satellite,Commercial Market,Theft,Property Crime,Low,22,Female,Clear,No,0,Medium
INC-2023-1188,2023-04-06,2023,April,Thursday,Afternoon,Telangana,Hyderabad,Madhapur,Parking Complex,Robbery,Violent Crime,Medium,47,Other,Clear,No,2,Low
INC-2023-0952,2023-04-05,2023,April,Wednesday,Evening,Tamil Nadu,Chennai,Velachery,Commercial Market,Theft,Property Crime,Low,46,Male,Clear,No,2,Low
INC-2023-0509,2023-04-05,2023,April,Wednesday,Night,Maharashtra,Mumbai,Andheri,Commercial Market,Cyber Fraud,Financial Crime,Low,41,Male,Rainy,No,7,High
INC-2023-1451,2023-04-04,2023,April,Tuesday,Evening,Tamil Nadu,Chennai,Anna Nagar,Commercial Market,Vehicle Theft,Property Crime,Medium,49,Female,Rainy,No,7,High
INC-2023-0149,2023-04-04,2023,April,Tuesday,Morning,Gujarat,Ahmedabad,SG Highway,Transit Station,Robbery,Violent Crime,Medium,37,Male,Clear,No,4,Low
INC-2023-1509,2023-04-04,2023,April,Tuesday,Evening,Karnataka,Bengaluru,Electronic City,Public Park,Vehicle Theft,Property Crime,Medium,21,Male,Clear,No,2,Low
INC-2023-0278,2023-04-04,2023,April,Tuesday,Morning,West Bengal,Kolkata,Ballygunge,Residential,Burglary,Property Crime,Medium,41,Male,Clear,No,5,Low
INC-2023-0911,2023-04-04,2023,April,Tuesday,Evening,Telangana,Hyderabad,Banjara Hills,Residential,Burglary,Property Crime,Medium,55,Male,Rainy,No,5,Low
INC-2023-1127,2023-04-02,2023,April,Sunday,Evening,Telangana,Hyderabad,Hitec City,Street,Cyber Fraud,Financial Crime,Low,32,Male,Cloudy,No,5,Medium
INC-2023-2396,2023-04-02,2023,April,Sunday,Evening,West Bengal,Kolkata,Ballygunge,Parking Complex,Vehicle Theft,Property Crime,Medium,18,Male,Clear,No,4,Medium
INC-2023-1569,2023-04-01,2023,April,Saturday,Evening,West Bengal,Kolkata,Ballygunge,Transit Station,Vehicle Theft,Property Crime,Medium,22,Male,Rainy,Yes,2,Medium
INC-2023-1243,2023-04-01,2023,April,Saturday,Afternoon,Gujarat,Ahmedabad,Navrangpura,Commercial Market,Theft,Property Crime,Low,18,Male,Rainy,No,4,Medium
INC-2023-0277,2023-03-31,2023,March,Friday,Morning,Telangana,Hyderabad,Madhapur,Parking Complex,Theft,Property Crime,Low,27,Female,Rainy,No,1,Low
INC-2023-1225,2023-03-31,2023,March,Friday,Night,Maharashtra,Mumbai,Dadar,Street,Assault,Violent Crime,High,18,Male,Rainy,No,1,Low
INC-2023-1548,2023-03-31,2023,March,Friday,Morning,Karnataka,Bengaluru,Indiranagar,Transit Station,Cyber Fraud,Financial Crime,Low,52,Male,Clear,No,4,Low
INC-2023-0120,2023-03-30,2023,March,Thursday,Evening,Maharashtra,Mumbai,Dadar,Public Park,Assault,Violent Crime,High,42,Female,Rainy,No,4,Medium
INC-2023-2283,2023-03-29,2023,March,Wednesday,Afternoon,Delhi (NCT),Delhi,Old Delhi,Public Park,Theft,Property Crime,Low,33,Female,Clear,No,5,Medium
INC-2023-0791,2023-03-28,2023,March,Tuesday,Morning,Tamil Nadu,Chennai,Adyar,Street,Vehicle Theft,Property Crime,Medium,47,Female,Clear,No,1,Low
INC-2023-0769,2023-03-28,2023,March,Tuesday,Morning,Maharashtra,Mumbai,Andheri,Public Park,Theft,Property Crime,Low,28,Female,Foggy,No,3,Low
INC-2023-0040,2023-03-28,2023,March,Tuesday,Evening,Tamil Nadu,Chennai,Anna Nagar,Transit Station,Burglary,Property Crime,Medium,37,Male,Clear,No,6,Medium
INC-2023-1879,2023-03-27,2023,March,Monday,Afternoon,West Bengal,Kolkata,Howrah,Residential,Cyber Fraud,Financial Crime,Low,33,Male,Rainy,No,8,Medium
INC-2023-1842,2023-03-27,2023,March,Monday,Morning,West Bengal,Kolkata,Ballygunge,Parking Complex,Theft,Property Crime,Low,31,Female,Clear,No,3,Low
INC-2023-1156,2023-03-27,2023,March,Monday,Afternoon,Tamil Nadu,Chennai,Guindy,Parking Complex,Robbery,Violent Crime,Medium,42,Female,Clear,No,5,Low
INC-2023-0126,2023-03-26,2023,March,Sunday,Evening,Tamil Nadu,Chennai,T. Nagar,Public Park,Vehicle Theft,Property Crime,Medium,34,Female,Foggy,No,5,High
INC-2023-0549,2023-03-25,2023,March,Saturday,Evening,West Bengal,Kolkata,Park Street,Street,Vehicle Theft,Property Crime,Medium,23,Male,Clear,No,6,Medium
INC-2023-0537,2023-03-24,2023,March,Friday,Night,Tamil Nadu,Chennai,Velachery,Parking Complex,Cyber Fraud,Financial Crime,Low,52,Female,Clear,No,2,Low
INC-2023-0871,2023-03-24,2023,March,Friday,Evening,Delhi (NCT),Delhi,Connaught Place,Residential,Burglary,Property Crime,Medium,36,Male,Cloudy,No,6,High
INC-2023-0638,2023-03-24,2023,March,Friday,Evening,West Bengal,Kolkata,Howrah,Parking Complex,Burglary,Property Crime,Medium,22,Female,Clear,No,7,High
INC-2023-1794,2023-03-24,2023,March,Friday,Evening,Maharashtra,Mumbai,Bandra,Transit Station,Vandalism,Public Order,Low,37,Male,Rainy,No,2,Medium
INC-2023-2377,2023-03-23,2023,March,Thursday,Evening,West Bengal,Kolkata,Esplanade,Transit Station,Robbery,Violent Crime,Medium,42,Male,Clear,No,4,High
INC-2023-2267,2023-03-23,2023,March,Thursday,Evening,Delhi (NCT),Delhi,Connaught Place,Residential,Cyber Fraud,Financial Crime,Low,41,Male,Clear,No,6,High
INC-2023-0295,2023-03-23,2023,March,Thursday,Night,Maharashtra,Pune,Baner,Transit Station,Vehicle Theft,Property Crime,Medium,29,Male,Clear,No,3,Medium
INC-2023-1559,2023-03-23,2023,March,Thursday,Afternoon,Telangana,Hyderabad,Banjara Hills,Transit Station,Cyber Fraud,Financial Crime,Low,38,Female,Rainy,No,1,Low
INC-2023-0066,2023-03-22,2023,March,Wednesday,Afternoon,Maharashtra,Pune,Viman Nagar,Parking Complex,Cyber Fraud,Financial Crime,Low,43,Female,Clear,No,3,Low
INC-2023-0382,2023-03-22,2023,March,Wednesday,Afternoon,Maharashtra,Pune,Viman Nagar,Commercial Market,Burglary,Property Crime,Medium,30,Female,Clear,Yes,3,Medium
INC-2023-1720,2023-03-22,2023,March,Wednesday,Evening,Delhi (NCT),Delhi,Karol Bagh,Transit Station,Theft,Property Crime,Low,23,Male,Cloudy,No,1,Medium
INC-2023-0343,2023-03-21,2023,March,Tuesday,Night,Maharashtra,Mumbai,Andheri,Transit Station,Theft,Property Crime,Low,32,Female,Rainy,No,3,Medium
INC-2023-1647,2023-03-20,2023,March,Monday,Morning,Delhi (NCT),Delhi,Karol Bagh,Transit Station,Theft,Property Crime,Low,25,Male,Rainy,No,3,Medium
INC-2023-1975,2023-03-19,2023,March,Sunday,Night,Telangana,Hyderabad,Hitec City,Transit Station,Theft,Property Crime,Low,50,Female,Clear,No,3,Medium
INC-2023-1086,2023-03-19,2023,March,Sunday,Afternoon,Tamil Nadu,Chennai,T. Nagar,Residential,Burglary,Property Crime,Medium,44,Female,Clear,No,8,Medium
INC-2023-0986,2023-03-19,2023,March,Sunday,Night,Maharashtra,Pune,Kothrud,Transit Station,Vandalism,Public Order,Low,32,Male,Clear,No,1,Medium
INC-2023-1109,2023-03-19,2023,March,Sunday,Evening,West Bengal,Kolkata,Ballygunge,Commercial Market,Cyber Fraud,Financial Crime,Low,32,Male,Foggy,No,6,High
INC-2023-1597,2023-03-18,2023,March,Saturday,Morning,Delhi (NCT),Delhi,Old Delhi,Commercial Market,Vandalism,Public Order,Low,29,Male,Rainy,Yes,7,High
INC-2023-1691,2023-03-17,2023,March,Friday,Night,Karnataka,Bengaluru,Indiranagar,Residential,Theft,Property Crime,Low,23,Male,Rainy,No,5,Medium
INC-2023-0900,2023-03-17,2023,March,Friday,Afternoon,Gujarat,Ahmedabad,Navrangpura,Commercial Market,Vandalism,Public Order,Low,23,Female,Clear,No,9,High
INC-2023-1176,2023-03-17,2023,March,Friday,Evening,Telangana,Hyderabad,Banjara Hills,Residential,Cyber Fraud,Financial Crime,Low,24,Other,Rainy,No,3,Low
INC-2023-0763,2023-03-17,2023,March,Friday,Night,West Bengal,Kolkata,Salt Lake,Parking Complex,Burglary,Property Crime,Medium,18,Male,Rainy,No,2,Medium
INC-2023-1592,2023-03-17,2023,March,Friday,Afternoon,Maharashtra,Pune,Viman Nagar,Street,Theft,Property Crime,Low,40,Male,Clear,No,5,Low
INC-2023-0131,2023-03-16,2023,March,Thursday,Morning,Delhi (NCT),Delhi,Old Delhi,Public Park,Burglary,Property Crime,Medium,50,Male,Rainy,No,8,Medium
INC-2023-2174,2023-03-15,2023,March,Wednesday,Night,Gujarat,Ahmedabad,Satellite,Public Park,Burglary,Property Crime,Medium,40,Female,Rainy,No,1,Low
INC-2023-2024,2023-03-14,2023,March,Tuesday,Morning,Telangana,Hyderabad,Gachibowli,Public Park,Cyber Fraud,Financial Crime,Low,51,Female,Clear,No,3,Low
INC-2023-0456,2023-03-14,2023,March,Tuesday,Evening,Telangana,Hyderabad,Banjara Hills,Parking Complex,Theft,Property Crime,Low,20,Male,Cloudy,No,1,Low
INC-2023-2143,2023-03-13,2023,March,Monday,Evening,Karnataka,Bengaluru,Jayanagar,Street,Theft,Property Crime,Low,33,Female,Rainy,No,2,Low
INC-2023-2036,2023-03-13,2023,March,Monday,Morning,Karnataka,Bengaluru,Electronic City,Street,Vandalism,Public Order,Low,44,Male,Clear,No,3,Low
INC-2023-1081,2023-03-13,2023,March,Monday,Night,Gujarat,Ahmedabad,Paldi,Parking Complex,Burglary,Property Crime,Medium,42,Female,Clear,No,1,Low
INC-2023-0828,2023-03-12,2023,March,Sunday,Evening,Gujarat,Ahmedabad,SG Highway,Public Park,Cyber Fraud,Financial Crime,Low,36,Male,Clear,No,5,Low
INC-2023-2173,2023-03-12,2023,March,Sunday,Morning,Karnataka,Bengaluru,Electronic City,Commercial Market,Theft,Property Crime,Low,25,Male,Clear,No,3,Low
INC-2023-1565,2023-03-12,2023,March,Sunday,Night,Telangana,Hyderabad,Hitec City,Residential,Cyber Fraud,Financial Crime,Low,32,Male,Clear,No,3,Medium
INC-2023-1903,2023-03-10,2023,March,Friday,Night,Telangana,Hyderabad,Banjara Hills,Commercial Market,Robbery,Violent Crime,Medium,38,Male,Clear,No,2,Low
INC-2023-0703,2023-03-10,2023,March,Friday,Afternoon,Gujarat,Ahmedabad,Maninagar,Public Park,Cyber Fraud,Financial Crime,Low,32,Male,Clear,No,2,Low
INC-2023-0623,2023-03-09,2023,March,Thursday,Afternoon,Karnataka,Bengaluru,Whitefield,Transit Station,Cyber Fraud,Financial Crime,Low,33,Female,Clear,No,3,Low
INC-2023-0237,2023-03-08,2023,March,Wednesday,Morning,West Bengal,Kolkata,Howrah,Parking Complex,Vandalism,Public Order,Low,49,Male,Rainy,No,11,High
INC-2023-1465,2023-03-08,2023,March,Wednesday,Afternoon,Delhi (NCT),Delhi,Karol Bagh,Street,Theft,Property Crime,Low,46,Male,Rainy,No,3,Low
INC-2023-0049,2023-03-07,2023,March,Tuesday,Morning,West Bengal,Kolkata,New Town,Transit Station,Cyber Fraud,Financial Crime,Low,28,Male,Rainy,No,0,Low
INC-2023-0756,2023-03-07,2023,March,Tuesday,Evening,Telangana,Hyderabad,Charminar Heritage,Parking Complex,Assault,Violent Crime,High,18,Male,Cloudy,No,1,High
INC-2023-0865,2023-03-07,2023,March,Tuesday,Afternoon,Tamil Nadu,Chennai,Guindy,Residential,Vehicle Theft,Property Crime,Medium,34,Female,Clear,No,3,Low
INC-2023-0798,2023-03-07,2023,March,Tuesday,Afternoon,Karnataka,Bengaluru,Electronic City,Parking Complex,Vandalism,Public Order,Low,31,Male,Clear,No,3,Low
INC-2023-0159,2023-03-07,2023,March,Tuesday,Afternoon,Maharashtra,Pune,Hinjewadi IT Park,Commercial Market,Cyber Fraud,Financial Crime,Low,33,Male,Clear,No,5,Low
INC-2023-1133,2023-03-07,2023,March,Tuesday,Night,Maharashtra,Pune,Camp Cantonment,Commercial Market,Theft,Property Crime,Low,29,Female,Clear,No,7,High
INC-2023-2201,2023-03-07,2023,March,Tuesday,Afternoon,Gujarat,Ahmedabad,Sabarmati,Street,Vandalism,Public Order,Low,22,Male,Rainy,Yes,3,Low
INC-2023-0960,2023-03-06,2023,March,Monday,Morning,West Bengal,Kolkata,New Town,Parking Complex,Cyber Fraud,Financial Crime,Low,38,Male,Clear,No,3,Low
INC-2023-0669,2023-03-06,2023,March,Monday,Night,Karnataka,Bengaluru,MG Road Central,Street,Cyber Fraud,Financial Crime,Low,18,Male,Clear,No,2,Low
INC-2023-2259,2023-03-06,2023,March,Monday,Morning,Telangana,Hyderabad,Banjara Hills,Public Park,Cyber Fraud,Financial Crime,Low,25,Female,Clear,No,2,Low
INC-2023-0129,2023-03-05,2023,March,Sunday,Night,Karnataka,Bengaluru,Indiranagar,Commercial Market,Cyber Fraud,Financial Crime,Low,34,Female,Clear,No,4,Medium
INC-2023-2071,2023-03-05,2023,March,Sunday,Morning,West Bengal,Kolkata,New Town,Public Park,Vehicle Theft,Property Crime,Medium,44,Male,Clear,No,2,Low
INC-2023-0332,2023-03-05,2023,March,Sunday,Evening,Gujarat,Ahmedabad,SG Highway,Parking Complex,Cyber Fraud,Financial Crime,Low,62,Female,Foggy,Yes,1,Medium
INC-2023-0542,2023-03-04,2023,March,Saturday,Evening,Telangana,Hyderabad,Gachibowli,Transit Station,Burglary,Property Crime,Medium,31,Male,Foggy,No,4,Medium
INC-2023-0074,2023-03-04,2023,March,Saturday,Morning,Maharashtra,Mumbai,Dadar,Residential,Vehicle Theft,Property Crime,Medium,33,Female,Clear,No,4,Low
INC-2023-0575,2023-03-03,2023,March,Friday,Morning,Delhi (NCT),Delhi,Dwarka,Parking Complex,Cyber Fraud,Financial Crime,Low,24,Male,Cloudy,No,1,Low
INC-2023-1781,2023-03-03,2023,March,Friday,Evening,Gujarat,Ahmedabad,SG Highway,Commercial Market,Vandalism,Public Order,Low,30,Male,Clear,No,5,Medium
INC-2023-0658,2023-03-02,2023,March,Thursday,Morning,Karnataka,Bengaluru,Whitefield,Commercial Market,Theft,Property Crime,Low,24,Female,Rainy,No,1,Low
INC-2023-2062,2023-03-02,2023,March,Thursday,Night,Karnataka,Bengaluru,Whitefield,Public Park,Theft,Property Crime,Low,31,Male,Rainy,No,3,Medium
INC-2023-0775,2023-03-02,2023,March,Thursday,Afternoon,Delhi (NCT),Delhi,Connaught Place,Transit Station,Vehicle Theft,Property Crime,Medium,18,Female,Clear,No,6,High
INC-2023-1485,2023-03-02,2023,March,Thursday,Night,Gujarat,Ahmedabad,Navrangpura,Residential,Theft,Property Crime,Low,36,Male,Rainy,No,4,Medium
INC-2023-1002,2023-03-02,2023,March,Thursday,Afternoon,Delhi (NCT),Delhi,Dwarka,Public Park,Burglary,Property Crime,Medium,32,Male,Cloudy,No,3,Low
INC-2023-0460,2023-03-02,2023,March,Thursday,Morning,Delhi (NCT),Delhi,Connaught Place,Transit Station,Vandalism,Public Order,Low,40,Female,Clear,No,4,High
INC-2023-1463,2023-03-01,2023,March,Wednesday,Afternoon,Delhi (NCT),Delhi,Rohini,Transit Station,Vehicle Theft,Property Crime,Medium,34,Male,Clear,No,3,Low
INC-2023-1244,2023-03-01,2023,March,Wednesday,Night,Maharashtra,Mumbai,Bandra,Residential,Burglary,Property Crime,Medium,38,Male,Rainy,No,4,Medium
INC-2023-1325,2023-03-01,2023,March,Wednesday,Evening,West Bengal,Kolkata,New Town,Public Park,Cyber Fraud,Financial Crime,Low,25,Female,Rainy,No,0,Low
INC-2023-0978,2023-03-01,2023,March,Wednesday,Evening,Delhi (NCT),Delhi,Old Delhi,Parking Complex,Theft,Property Crime,Low,34,Male,Rainy,No,11,High
INC-2023-1875,2023-02-27,2023,February,Monday,Afternoon,Gujarat,Ahmedabad,Satellite,Transit Station,Theft,Property Crime,Low,40,Male,Foggy,No,3,Low
INC-2023-0933,2023-02-26,2023,February,Sunday,Afternoon,West Bengal,Kolkata,Howrah,Parking Complex,Theft,Property Crime,Low,33,Female,Clear,No,7,High
INC-2023-1521,2023-02-26,2023,February,Sunday,Morning,Maharashtra,Mumbai,Dadar,Transit Station,Burglary,Property Crime,Medium,18,Male,Rainy,No,1,Low
INC-2023-2130,2023-02-26,2023,February,Sunday,Morning,Maharashtra,Pune,Baner,Residential,Theft,Property Crime,Low,30,Male,Clear,No,2,Low
INC-2023-0440,2023-02-26,2023,February,Sunday,Afternoon,Karnataka,Bengaluru,MG Road Central,Street,Burglary,Property Crime,Medium,25,Female,Clear,No,5,Low
INC-2023-1487,2023-02-25,2023,February,Saturday,Morning,Karnataka,Bengaluru,MG Road Central,Street,Cyber Fraud,Financial Crime,Low,22,Male,Clear,No,3,Low
INC-2023-0892,2023-02-24,2023,February,Friday,Afternoon,Tamil Nadu,Chennai,Adyar,Street,Robbery,Violent Crime,Medium,45,Male,Clear,No,4,Low
INC-2023-0920,2023-02-24,2023,February,Friday,Evening,Telangana,Hyderabad,Gachibowli,Residential,Cyber Fraud,Financial Crime,Low,36,Male,Rainy,Yes,2,Low
INC-2023-1458,2023-02-22,2023,February,Wednesday,Evening,Telangana,Hyderabad,Secunderabad,Residential,Assault,Violent Crime,High,37,Male,Clear,No,2,Low
INC-2023-2184,2023-02-22,2023,February,Wednesday,Morning,Karnataka,Bengaluru,MG Road Central,Commercial Market,Vehicle Theft,Property Crime,Medium,31,Male,Clear,No,5,Low
INC-2023-1777,2023-02-22,2023,February,Wednesday,Evening,Karnataka,Bengaluru,Jayanagar,Commercial Market,Cyber Fraud,Financial Crime,Low,23,Female,Rainy,No,4,Medium
INC-2023-0054,2023-02-22,2023,February,Wednesday,Night,Tamil Nadu,Chennai,Guindy,Transit Station,Vandalism,Public Order,Low,52,Female,Rainy,No,1,Medium
INC-2023-0822,2023-02-22,2023,February,Wednesday,Morning,West Bengal,Kolkata,Salt Lake,Street,Robbery,Violent Crime,Medium,22,Female,Clear,No,3,Low
INC-2023-0512,2023-02-22,2023,February,Wednesday,Evening,Maharashtra,Mumbai,Colaba,Transit Station,Burglary,Property Crime,Medium,34,Female,Clear,No,2,Medium
INC-2023-0801,2023-02-22,2023,February,Wednesday,Morning,Tamil Nadu,Chennai,Adyar,Transit Station,Burglary,Property Crime,Medium,34,Male,Clear,No,4,Low
INC-2023-1881,2023-02-22,2023,February,Wednesday,Evening,West Bengal,Kolkata,Ballygunge,Street,Theft,Property Crime,Low,39,Female,Cloudy,No,6,Medium
INC-2023-1768,2023-02-21,2023,February,Tuesday,Night,Gujarat,Ahmedabad,Navrangpura,Commercial Market,Vehicle Theft,Property Crime,Medium,40,Male,Clear,No,2,Medium
INC-2023-1837,2023-02-21,2023,February,Tuesday,Morning,Tamil Nadu,Chennai,T. Nagar,Street,Theft,Property Crime,Low,61,Male,Rainy,No,5,Medium
INC-2023-0931,2023-02-21,2023,February,Tuesday,Afternoon,Maharashtra,Pune,Kothrud,Street,Cyber Fraud,Financial Crime,Low,42,Female,Clear,No,5,Low
INC-2023-2084,2023-02-19,2023,February,Sunday,Afternoon,Maharashtra,Pune,Baner,Transit Station,Vehicle Theft,Property Crime,Medium,38,Male,Clear,No,3,Medium
INC-2023-1591,2023-02-18,2023,February,Saturday,Night,Delhi (NCT),Delhi,Rohini,Transit Station,Robbery,Violent Crime,Medium,18,Male,Clear,No,2,Medium
INC-2023-1722,2023-02-18,2023,February,Saturday,Night,Tamil Nadu,Chennai,Marina Beachfront,Parking Complex,Burglary,Property Crime,Medium,18,Female,Clear,No,2,Medium
INC-2023-0282,2023-02-17,2023,February,Friday,Evening,Karnataka,Bengaluru,Jayanagar,Street,Burglary,Property Crime,Medium,47,Male,Clear,No,4,Medium
INC-2023-2112,2023-02-15,2023,February,Wednesday,Afternoon,Tamil Nadu,Chennai,T. Nagar,Public Park,Cyber Fraud,Financial Crime,Low,53,Female,Clear,No,12,Medium
INC-2023-2269,2023-02-14,2023,February,Tuesday,Morning,Tamil Nadu,Chennai,Adyar,Parking Complex,Vehicle Theft,Property Crime,Medium,18,Male,Rainy,No,4,Low
INC-2023-0553,2023-02-14,2023,February,Tuesday,Evening,West Bengal,Kolkata,Salt Lake,Public Park,Vehicle Theft,Property Crime,Medium,26,Male,Cloudy,No,0,Low
INC-2023-0123,2023-02-13,2023,February,Monday,Night,Karnataka,Bengaluru,Jayanagar,Commercial Market,Burglary,Property Crime,Medium,24,Female,Rainy,No,2,Medium
INC-2023-2122,2023-02-12,2023,February,Sunday,Night,Karnataka,Bengaluru,Whitefield,Street,Burglary,Property Crime,Medium,55,Female,Clear,No,4,Medium
INC-2023-1585,2023-02-12,2023,February,Sunday,Afternoon,Tamil Nadu,Chennai,T. Nagar,Street,Burglary,Property Crime,Medium,25,Female,Cloudy,No,11,Medium
INC-2023-0700,2023-02-11,2023,February,Saturday,Evening,Gujarat,Ahmedabad,Paldi,Transit Station,Theft,Property Crime,Low,55,Female,Rainy,No,2,Low
INC-2023-1037,2023-02-10,2023,February,Friday,Night,Karnataka,Bengaluru,MG Road Central,Public Park,Cyber Fraud,Financial Crime,Low,34,Female,Clear,No,0,Low
INC-2023-0841,2023-02-10,2023,February,Friday,Night,Tamil Nadu,Chennai,Guindy,Residential,Robbery,Violent Crime,Medium,31,Male,Rainy,No,6,Medium
INC-2023-0014,2023-02-10,2023,February,Friday,Morning,Maharashtra,Pune,Shivaji Nagar,Transit Station,Vandalism,Public Order,Low,43,Male,Clear,No,2,Low
INC-2023-1367,2023-02-09,2023,February,Thursday,Morning,Delhi (NCT),Delhi,Old Delhi,Transit Station,Burglary,Property Crime,Medium,32,Male,Clear,No,8,High
INC-2023-2059,2023-02-08,2023,February,Wednesday,Night,Tamil Nadu,Chennai,Velachery,Parking Complex,Vehicle Theft,Property Crime,Medium,22,Female,Rainy,No,5,Medium
INC-2023-0889,2023-02-08,2023,February,Wednesday,Afternoon,Telangana,Hyderabad,Hitec City,Street,Cyber Fraud,Financial Crime,Low,31,Female,Clear,No,3,Low
INC-2023-0090,2023-02-08,2023,February,Wednesday,Afternoon,Delhi (NCT),Delhi,Karol Bagh,Parking Complex,Burglary,Property Crime,Medium,30,Male,Cloudy,No,4,Low
INC-2023-1694,2023-02-07,2023,February,Tuesday,Night,Telangana,Hyderabad,Gachibowli,Commercial Market,Vandalism,Public Order,Low,28,Female,Rainy,No,1,Medium
INC-2023-1970,2023-02-07,2023,February,Tuesday,Evening,West Bengal,Kolkata,Ballygunge,Street,Vehicle Theft,Property Crime,Medium,37,Male,Clear,No,2,Low
INC-2023-0611,2023-02-07,2023,February,Tuesday,Evening,Maharashtra,Mumbai,Colaba,Commercial Market,Robbery,Violent Crime,Medium,19,Female,Clear,No,3,Medium
INC-2023-1250,2023-02-06,2023,February,Monday,Morning,Delhi (NCT),Delhi,Rohini,Residential,Robbery,Violent Crime,Medium,31,Female,Clear,No,4,Low
INC-2023-0419,2023-02-05,2023,February,Sunday,Evening,West Bengal,Kolkata,New Town,Commercial Market,Vandalism,Public Order,Low,53,Female,Clear,No,3,Medium
INC-2023-2189,2023-02-04,2023,February,Saturday,Morning,West Bengal,Kolkata,New Town,Commercial Market,Vehicle Theft,Property Crime,Medium,45,Male,Clear,No,6,Medium
INC-2023-0722,2023-02-04,2023,February,Saturday,Night,Maharashtra,Mumbai,Dadar,Public Park,Theft,Property Crime,Low,33,Male,Cloudy,No,2,Low
INC-2023-1112,2023-02-04,2023,February,Saturday,Morning,Maharashtra,Pune,Kothrud,Residential,Cyber Fraud,Financial Crime,Low,26,Other,Foggy,No,2,Low
INC-2023-0932,2023-02-04,2023,February,Saturday,Afternoon,Gujarat,Ahmedabad,Maninagar,Street,Cyber Fraud,Financial Crime,Low,36,Male,Clear,No,3,Low
INC-2023-0507,2023-02-04,2023,February,Saturday,Afternoon,Maharashtra,Pune,Shivaji Nagar,Transit Station,Theft,Property Crime,Low,44,Male,Clear,No,2,Low
INC-2023-0679,2023-02-03,2023,February,Friday,Night,West Bengal,Kolkata,Esplanade,Street,Theft,Property Crime,Low,43,Female,Cloudy,No,8,High
INC-2023-0668,2023-02-03,2023,February,Friday,Night,Telangana,Hyderabad,Gachibowli,Parking Complex,Cyber Fraud,Financial Crime,Low,45,Female,Clear,No,3,Medium
INC-2023-1782,2023-02-03,2023,February,Friday,Evening,West Bengal,Kolkata,Salt Lake,Transit Station,Cyber Fraud,Financial Crime,Low,47,Female,Clear,No,4,Medium
INC-2023-2020,2023-02-02,2023,February,Thursday,Evening,Gujarat,Ahmedabad,Satellite,Residential,Vehicle Theft,Property Crime,Medium,45,Female,Rainy,No,5,Medium
INC-2023-0951,2023-02-02,2023,February,Thursday,Afternoon,Telangana,Hyderabad,Charminar Heritage,Commercial Market,Cyber Fraud,Financial Crime,Low,31,Female,Clear,No,9,High
INC-2023-0179,2023-02-01,2023,February,Wednesday,Afternoon,Gujarat,Ahmedabad,Sabarmati,Transit Station,Theft,Property Crime,Low,18,Male,Clear,No,8,Medium
INC-2023-2117,2023-01-31,2023,January,Tuesday,Night,Maharashtra,Pune,Viman Nagar,Street,Vandalism,Public Order,Low,23,Female,Rainy,No,1,Low
INC-2023-2210,2023-01-30,2023,January,Monday,Night,Tamil Nadu,Chennai,Adyar,Commercial Market,Robbery,Violent Crime,Medium,42,Female,Cloudy,No,3,Medium
INC-2023-2307,2023-01-29,2023,January,Sunday,Night,West Bengal,Kolkata,New Town,Street,Burglary,Property Crime,Medium,50,Male,Clear,No,3,Low
INC-2023-1959,2023-01-29,2023,January,Sunday,Morning,West Bengal,Kolkata,Salt Lake,Commercial Market,Vandalism,Public Order,Low,39,Male,Cloudy,No,3,Low
INC-2023-0915,2023-01-28,2023,January,Saturday,Night,Tamil Nadu,Chennai,Velachery,Residential,Cyber Fraud,Financial Crime,Low,35,Female,Clear,No,1,Low
INC-2023-0073,2023-01-28,2023,January,Saturday,Evening,Delhi (NCT),Delhi,Rohini,Public Park,Burglary,Property Crime,Medium,26,Female,Clear,No,4,Medium
INC-2023-1977,2023-01-28,2023,January,Saturday,Night,Gujarat,Ahmedabad,SG Highway,Street,Cyber Fraud,Financial Crime,Low,28,Male,Rainy,No,3,Low
INC-2023-1584,2023-01-28,2023,January,Saturday,Evening,Tamil Nadu,Chennai,Adyar,Parking Complex,Theft,Property Crime,Low,31,Female,Clear,No,4,Medium
INC-2023-0355,2023-01-28,2023,January,Saturday,Evening,Gujarat,Ahmedabad,Paldi,Transit Station,Theft,Property Crime,Low,18,Female,Clear,No,4,Medium
INC-2023-1170,2023-01-27,2023,January,Friday,Evening,Delhi (NCT),Delhi,Old Delhi,Transit Station,Robbery,Violent Crime,Medium,29,Female,Cloudy,No,4,High
INC-2023-1992,2023-01-27,2023,January,Friday,Night,Karnataka,Bengaluru,MG Road Central,Street,Cyber Fraud,Financial Crime,Low,38,Male,Clear,No,1,Low
INC-2023-1936,2023-01-27,2023,January,Friday,Evening,Maharashtra,Pune,Baner,Commercial Market,Robbery,Violent Crime,Medium,26,Female,Rainy,No,5,Medium
INC-2023-0379,2023-01-27,2023,January,Friday,Night,Delhi (NCT),Delhi,Karol Bagh,Street,Vandalism,Public Order,Low,43,Male,Clear,No,3,Medium
INC-2023-2228,2023-01-26,2023,January,Thursday,Evening,Tamil Nadu,Chennai,Guindy,Street,Vandalism,Public Order,Low,21,Male,Clear,Yes,4,Medium
INC-2023-1838,2023-01-26,2023,January,Thursday,Afternoon,Maharashtra,Mumbai,Andheri,Street,Robbery,Violent Crime,Medium,32,Male,Cloudy,Yes,3,Low
INC-2023-1954,2023-01-26,2023,January,Thursday,Afternoon,West Bengal,Kolkata,Ballygunge,Residential,Theft,Property Crime,Low,33,Male,Clear,Yes,3,Low
INC-2023-1227,2023-01-25,2023,January,Wednesday,Evening,Karnataka,Bengaluru,Koramangala,Transit Station,Vandalism,Public Order,Low,30,Female,Clear,No,6,High
INC-2023-2357,2023-01-25,2023,January,Wednesday,Evening,West Bengal,Kolkata,Howrah,Transit Station,Cyber Fraud,Financial Crime,Low,24,Female,Clear,No,7,High
INC-2023-1078,2023-01-24,2023,January,Tuesday,Afternoon,Gujarat,Ahmedabad,Paldi,Parking Complex,Cyber Fraud,Financial Crime,Low,39,Male,Rainy,No,2,Low
INC-2023-2270,2023-01-24,2023,January,Tuesday,Evening,Maharashtra,Mumbai,Andheri,Residential,Theft,Property Crime,Low,28,Male,Clear,No,4,Medium
INC-2023-0612,2023-01-24,2023,January,Tuesday,Night,Maharashtra,Pune,Camp Cantonment,Transit Station,Vehicle Theft,Property Crime,Medium,37,Female,Rainy,No,8,High
INC-2023-0939,2023-01-24,2023,January,Tuesday,Morning,Gujarat,Ahmedabad,Paldi,Residential,Vandalism,Public Order,Low,18,Male,Clear,No,3,Low
INC-2023-1778,2023-01-23,2023,January,Monday,Evening,Telangana,Hyderabad,Gachibowli,Commercial Market,Robbery,Violent Crime,Medium,34,Female,Rainy,No,3,Medium
INC-2023-2227,2023-01-23,2023,January,Monday,Evening,Maharashtra,Mumbai,Andheri,Commercial Market,Cyber Fraud,Financial Crime,Low,37,Female,Clear,No,4,Medium
INC-2023-0004,2023-01-23,2023,January,Monday,Afternoon,Tamil Nadu,Chennai,Velachery,Street,Assault,Violent Crime,High,23,Female,Rainy,No,3,Low
INC-2023-0528,2023-01-23,2023,January,Monday,Afternoon,Maharashtra,Pune,Hinjewadi IT Park,Residential,Vehicle Theft,Property Crime,Medium,25,Male,Cloudy,No,3,Low
INC-2023-0119,2023-01-22,2023,January,Sunday,Morning,Telangana,Hyderabad,Charminar Heritage,Transit Station,Theft,Property Crime,Low,27,Male,Clear,No,6,High
INC-2023-0717,2023-01-21,2023,January,Saturday,Evening,Tamil Nadu,Chennai,Anna Nagar,Parking Complex,Robbery,Violent Crime,Medium,28,Male,Rainy,No,0,Medium
INC-2023-1129,2023-01-21,2023,January,Saturday,Afternoon,Delhi (NCT),Delhi,Karol Bagh,Commercial Market,Theft,Property Crime,Low,18,Female,Rainy,No,1,Low
INC-2023-1495,2023-01-20,2023,January,Friday,Night,Gujarat,Ahmedabad,Paldi,Transit Station,Vandalism,Public Order,Low,25,Other,Clear,No,2,Medium
INC-2023-1434,2023-01-20,2023,January,Friday,Morning,Maharashtra,Mumbai,Bandra,Commercial Market,Robbery,Violent Crime,Medium,33,Male,Rainy,No,2,Low
INC-2023-2397,2023-01-19,2023,January,Thursday,Evening,Telangana,Hyderabad,Charminar Heritage,Commercial Market,Cyber Fraud,Financial Crime,Low,34,Male,Rainy,No,3,High
INC-2023-1750,2023-01-19,2023,January,Thursday,Morning,Karnataka,Bengaluru,MG Road Central,Transit Station,Theft,Property Crime,Low,46,Female,Clear,No,5,Low
INC-2023-0657,2023-01-17,2023,January,Tuesday,Morning,Tamil Nadu,Chennai,Velachery,Commercial Market,Robbery,Violent Crime,Medium,53,Male,Cloudy,No,1,Low
INC-2023-2031,2023-01-16,2023,January,Monday,Evening,West Bengal,Kolkata,Esplanade,Street,Theft,Property Crime,Low,43,Female,Clear,No,4,High
INC-2023-0142,2023-01-16,2023,January,Monday,Evening,Delhi (NCT),Delhi,Connaught Place,Residential,Theft,Property Crime,Low,34,Female,Clear,No,6,High
INC-2023-0558,2023-01-14,2023,January,Saturday,Evening,Gujarat,Ahmedabad,Satellite,Commercial Market,Vehicle Theft,Property Crime,Medium,34,Female,Rainy,No,3,Medium
INC-2023-0001,2023-01-13,2023,January,Friday,Morning,Tamil Nadu,Chennai,Adyar,Residential,Theft,Property Crime,Low,37,Female,Rainy,No,4,Low
INC-2023-0438,2023-01-13,2023,January,Friday,Night,Gujarat,Ahmedabad,Satellite,Commercial Market,Cyber Fraud,Financial Crime,Low,36,Male,Clear,No,1,Medium
INC-2023-0221,2023-01-12,2023,January,Thursday,Morning,Gujarat,Ahmedabad,Paldi,Street,Burglary,Property Crime,Medium,61,Male,Foggy,No,1,Low
INC-2023-0096,2023-01-11,2023,January,Wednesday,Afternoon,Maharashtra,Pune,Kothrud,Residential,Vandalism,Public Order,Low,49,Female,Cloudy,No,2,Low
INC-2023-2320,2023-01-11,2023,January,Wednesday,Afternoon,Tamil Nadu,Chennai,Marina Beachfront,Public Park,Burglary,Property Crime,Medium,35,Male,Cloudy,No,2,Low
INC-2023-1277,2023-01-11,2023,January,Wednesday,Evening,West Bengal,Kolkata,New Town,Residential,Theft,Property Crime,Low,65,Female,Cloudy,No,1,Low
INC-2023-1162,2023-01-09,2023,January,Monday,Morning,West Bengal,Kolkata,Esplanade,Commercial Market,Vehicle Theft,Property Crime,Medium,35,Male,Clear,No,5,Medium
INC-2023-0059,2023-01-09,2023,January,Monday,Afternoon,Maharashtra,Pune,Kothrud,Public Park,Burglary,Property Crime,Medium,51,Female,Rainy,No,2,Low
INC-2023-1006,2023-01-07,2023,January,Saturday,Evening,West Bengal,Kolkata,Park Street,Parking Complex,Theft,Property Crime,Low,18,Male,Clear,No,1,Medium
INC-2023-0898,2023-01-07,2023,January,Saturday,Night,Tamil Nadu,Chennai,Marina Beachfront,Commercial Market,Theft,Property Crime,Low,32,Female,Cloudy,No,2,Low
INC-2023-1192,2023-01-07,2023,January,Saturday,Night,Tamil Nadu,Chennai,Anna Nagar,Transit Station,Vandalism,Public Order,Low,51,Female,Rainy,No,5,Medium
INC-2023-0381,2023-01-06,2023,January,Friday,Evening,Delhi (NCT),Delhi,South Delhi,Street,Vandalism,Public Order,Low,18,Female,Rainy,No,2,Low
INC-2023-1951,2023-01-06,2023,January,Friday,Evening,Telangana,Hyderabad,Gachibowli,Street,Assault,Violent Crime,High,40,Male,Clear,No,3,Medium
INC-2023-1666,2023-01-05,2023,January,Thursday,Morning,Delhi (NCT),Delhi,Old Delhi,Street,Theft,Property Crime,Low,37,Male,Clear,No,8,High
INC-2023-0027,2023-01-05,2023,January,Thursday,Morning,Tamil Nadu,Chennai,Guindy,Street,Robbery,Violent Crime,Medium,28,Female,Clear,No,5,Low
INC-2023-0524,2023-01-04,2023,January,Wednesday,Night,Maharashtra,Mumbai,Colaba,Parking Complex,Burglary,Property Crime,Medium,34,Female,Clear,No,2,Medium
INC-2023-0916,2023-01-04,2023,January,Wednesday,Morning,Gujarat,Ahmedabad,Sabarmati,Parking Complex,Theft,Property Crime,Low,58,Female,Clear,No,4,Low
INC-2023-0301,2023-01-04,2023,January,Wednesday,Afternoon,West Bengal,Kolkata,Ballygunge,Parking Complex,Cyber Fraud,Financial Crime,Low,18,Male,Rainy,No,2,Low
INC-2023-1215,2023-01-04,2023,January,Wednesday,Afternoon,Karnataka,Bengaluru,Electronic City,Commercial Market,Vandalism,Public Order,Low,34,Female,Clear,Yes,5,Medium
INC-2023-2151,2023-01-03,2023,January,Tuesday,Morning,Telangana,Hyderabad,Hitec City,Commercial Market,Assault,Violent Crime,High,24,Male,Clear,No,3,Low
INC-2023-1368,2023-01-02,2023,January,Monday,Afternoon,Tamil Nadu,Chennai,Adyar,Public Park,Vehicle Theft,Property Crime,Medium,34,Female,Clear,No,5,Low
INC-2023-2085,2023-01-02,2023,January,Monday,Night,Delhi (NCT),Delhi,Rohini,Parking Complex,Theft,Property Crime,Low,35,Male,Rainy,No,4,Medium
INC-2023-1590,2023-01-02,2023,January,Monday,Evening,Karnataka,Bengaluru,Indiranagar,Street,Vehicle Theft,Property Crime,Medium,35,Male,Rainy,No,3,Medium
INC-2023-1518,2023-01-02,2023,January,Monday,Afternoon,Gujarat,Ahmedabad,SG Highway,Transit Station,Theft,Property Crime,Low,36,Female,Clear,No,1,Low
INC-2023-1346,2023-01-01,2023,January,Sunday,Afternoon,Telangana,Hyderabad,Hitec City,Street,Burglary,Property Crime,Medium,48,Male,Rainy,No,4,Low
INC-2022-1041,2022-12-30,2022,December,Friday,Evening,Karnataka,Bengaluru,Koramangala,Transit Station,Vehicle Theft,Property Crime,Medium,39,Female,Cloudy,No,4,Medium
INC-2022-0344,2022-12-29,2022,December,Thursday,Evening,Karnataka,Bengaluru,Indiranagar,Transit Station,Theft,Property Crime,Low,31,Male,Clear,No,3,Medium
INC-2022-1456,2022-12-28,2022,December,Wednesday,Evening,Maharashtra,Pune,Kothrud,Residential,Robbery,Violent Crime,Medium,25,Male,Clear,No,2,Low
INC-2022-0922,2022-12-28,2022,December,Wednesday,Morning,West Bengal,Kolkata,Ballygunge,Street,Theft,Property Crime,Low,23,Male,Rainy,No,5,Low
INC-2022-1224,2022-12-26,2022,December,Monday,Afternoon,West Bengal,Kolkata,Park Street,Parking Complex,Burglary,Property Crime,Medium,40,Male,Clear,No,0,Low
INC-2022-0386,2022-12-26,2022,December,Monday,Morning,Delhi (NCT),Delhi,Dwarka,Commercial Market,Cyber Fraud,Financial Crime,Low,41,Male,Cloudy,No,5,Medium
INC-2022-1574,2022-12-25,2022,December,Sunday,Evening,Gujarat,Ahmedabad,Sabarmati,Transit Station,Vandalism,Public Order,Low,41,Female,Clear,No,7,Medium
INC-2022-1155,2022-12-23,2022,December,Friday,Morning,Gujarat,Ahmedabad,Satellite,Parking Complex,Burglary,Property Crime,Medium,38,Female,Clear,No,2,Low
INC-2022-1769,2022-12-23,2022,December,Friday,Morning,Gujarat,Ahmedabad,Satellite,Public Park,Burglary,Property Crime,Medium,21,Male,Clear,No,1,Low
INC-2022-0201,2022-12-23,2022,December,Friday,Night,Delhi (NCT),Delhi,Karol Bagh,Street,Burglary,Property Crime,Medium,45,Male,Rainy,No,8,Medium
INC-2022-1512,2022-12-23,2022,December,Friday,Morning,West Bengal,Kolkata,Ballygunge,Street,Robbery,Violent Crime,Medium,28,Other,Clear,No,3,Low
INC-2022-1522,2022-12-22,2022,December,Thursday,Afternoon,Maharashtra,Pune,Shivaji Nagar,Street,Cyber Fraud,Financial Crime,Low,42,Female,Rainy,No,5,Low
INC-2022-1057,2022-12-22,2022,December,Thursday,Evening,Maharashtra,Pune,Baner,Public Park,Burglary,Property Crime,Medium,24,Male,Clear,No,2,Low
INC-2022-0486,2022-12-22,2022,December,Thursday,Night,Delhi (NCT),Delhi,Karol Bagh,Parking Complex,Theft,Property Crime,Low,31,Female,Rainy,No,2,Medium
INC-2022-1791,2022-12-22,2022,December,Thursday,Morning,Tamil Nadu,Chennai,T. Nagar,Residential,Vandalism,Public Order,Low,27,Male,Clear,No,7,Medium
INC-2022-0046,2022-12-22,2022,December,Thursday,Evening,Delhi (NCT),Delhi,Connaught Place,Public Park,Vehicle Theft,Property Crime,Medium,27,Male,Clear,No,12,High
INC-2022-0854,2022-12-21,2022,December,Wednesday,Evening,West Bengal,Kolkata,Park Street,Transit Station,Vandalism,Public Order,Low,31,Female,Clear,No,3,Medium
INC-2022-0896,2022-12-21,2022,December,Wednesday,Afternoon,Karnataka,Bengaluru,Indiranagar,Residential,Vandalism,Public Order,Low,46,Female,Clear,No,1,Low
INC-2022-1231,2022-12-21,2022,December,Wednesday,Evening,Telangana,Hyderabad,Gachibowli,Street,Assault,Violent Crime,High,29,Male,Clear,No,1,Low
INC-2022-1154,2022-12-20,2022,December,Tuesday,Night,Maharashtra,Pune,Viman Nagar,Public Park,Theft,Property Crime,Low,26,Female,Cloudy,No,1,Low
INC-2022-1713,2022-12-20,2022,December,Tuesday,Afternoon,West Bengal,Kolkata,Esplanade,Residential,Cyber Fraud,Financial Crime,Low,18,Male,Rainy,Yes,11,Medium
INC-2022-1714,2022-12-19,2022,December,Monday,Afternoon,Tamil Nadu,Chennai,Guindy,Street,Theft,Property Crime,Low,29,Male,Clear,No,5,Low
INC-2022-0298,2022-12-19,2022,December,Monday,Night,Maharashtra,Pune,Shivaji Nagar,Public Park,Theft,Property Crime,Low,44,Male,Rainy,No,3,Medium
INC-2022-1255,2022-12-19,2022,December,Monday,Evening,West Bengal,Kolkata,New Town,Commercial Market,Theft,Property Crime,Low,21,Female,Clear,No,3,Medium
INC-2022-0243,2022-12-18,2022,December,Sunday,Morning,Telangana,Hyderabad,Banjara Hills,Street,Theft,Property Crime,Low,18,Male,Rainy,No,3,Low
INC-2022-0391,2022-12-18,2022,December,Sunday,Evening,Gujarat,Ahmedabad,SG Highway,Street,Burglary,Property Crime,Medium,18,Male,Rainy,Yes,1,Low
INC-2022-1187,2022-12-18,2022,December,Sunday,Afternoon,Delhi (NCT),Delhi,Connaught Place,Parking Complex,Theft,Property Crime,Low,26,Male,Clear,No,6,High
INC-2022-1754,2022-12-18,2022,December,Sunday,Evening,Telangana,Hyderabad,Charminar Heritage,Commercial Market,Robbery,Violent Crime,Medium,56,Male,Rainy,No,6,High
INC-2022-1757,2022-12-17,2022,December,Saturday,Evening,Tamil Nadu,Chennai,Adyar,Street,Burglary,Property Crime,Medium,28,Female,Clear,No,4,Low
INC-2022-1650,2022-12-17,2022,December,Saturday,Morning,Gujarat,Ahmedabad,Maninagar,Street,Vandalism,Public Order,Low,52,Female,Rainy,No,4,Low
INC-2022-0522,2022-12-17,2022,December,Saturday,Evening,West Bengal,Kolkata,Howrah,Residential,Vandalism,Public Order,Low,39,Male,Clear,No,6,High
INC-2022-1501,2022-12-17,2022,December,Saturday,Afternoon,Tamil Nadu,Chennai,Adyar,Street,Theft,Property Crime,Low,34,Female,Clear,No,4,Low
INC-2022-0706,2022-12-16,2022,December,Friday,Morning,Gujarat,Ahmedabad,Satellite,Parking Complex,Cyber Fraud,Financial Crime,Low,26,Female,Cloudy,No,3,Low
INC-2022-0671,2022-12-15,2022,December,Thursday,Evening,Telangana,Hyderabad,Madhapur,Residential,Cyber Fraud,Financial Crime,Low,24,Female,Clear,No,3,Low
INC-2022-0954,2022-12-15,2022,December,Thursday,Morning,Telangana,Hyderabad,Madhapur,Public Park,Robbery,Violent Crime,Medium,37,Male,Clear,No,0,Low
INC-2022-1594,2022-12-15,2022,December,Thursday,Afternoon,Delhi (NCT),Delhi,Karol Bagh,Residential,Cyber Fraud,Financial Crime,Low,23,Male,Rainy,No,1,Low
INC-2022-0358,2022-12-14,2022,December,Wednesday,Evening,Tamil Nadu,Chennai,Marina Beachfront,Public Park,Vehicle Theft,Property Crime,Medium,31,Female,Clear,No,6,Medium
INC-2022-1865,2022-12-14,2022,December,Wednesday,Afternoon,Delhi (NCT),Delhi,Connaught Place,Parking Complex,Vehicle Theft,Property Crime,Medium,36,Female,Clear,Yes,4,High
INC-2022-0397,2022-12-14,2022,December,Wednesday,Evening,West Bengal,Kolkata,Ballygunge,Transit Station,Burglary,Property Crime,Medium,43,Male,Foggy,No,2,Medium
INC-2022-2023,2022-12-14,2022,December,Wednesday,Afternoon,West Bengal,Kolkata,Park Street,Transit Station,Vandalism,Public Order,Low,38,Male,Clear,No,4,Low
INC-2022-1598,2022-12-13,2022,December,Tuesday,Night,Maharashtra,Pune,Kothrud,Street,Burglary,Property Crime,Medium,40,Male,Rainy,No,5,Medium
INC-2022-1834,2022-12-13,2022,December,Tuesday,Evening,West Bengal,Kolkata,Ballygunge,Transit Station,Vandalism,Public Order,Low,37,Female,Clear,No,1,Medium
INC-2022-1424,2022-12-12,2022,December,Monday,Afternoon,Delhi (NCT),Delhi,Dwarka,Parking Complex,Robbery,Violent Crime,Medium,18,Male,Rainy,No,4,Low
INC-2022-0506,2022-12-12,2022,December,Monday,Afternoon,Tamil Nadu,Chennai,Guindy,Parking Complex,Cyber Fraud,Financial Crime,Low,38,Male,Clear,No,4,Low
INC-2022-1032,2022-12-12,2022,December,Monday,Evening,Maharashtra,Mumbai,Colaba,Commercial Market,Assault,Violent Crime,High,29,Female,Clear,No,2,Medium
INC-2022-0191,2022-12-11,2022,December,Sunday,Evening,West Bengal,Kolkata,Park Street,Residential,Vandalism,Public Order,Low,28,Male,Rainy,No,4,Medium
INC-2022-1958,2022-12-10,2022,December,Saturday,Night,Telangana,Hyderabad,Hitec City,Parking Complex,Vandalism,Public Order,Low,18,Male,Clear,No,0,Medium
INC-2022-1402,2022-12-10,2022,December,Saturday,Evening,Tamil Nadu,Chennai,Guindy,Residential,Robbery,Violent Crime,Medium,49,Male,Rainy,No,3,Medium
INC-2022-0356,2022-12-10,2022,December,Saturday,Night,Tamil Nadu,Chennai,T. Nagar,Commercial Market,Cyber Fraud,Financial Crime,Low,22,Female,Clear,No,6,High
INC-2022-1246,2022-12-07,2022,December,Wednesday,Night,Karnataka,Bengaluru,MG Road Central,Transit Station,Robbery,Violent Crime,Medium,19,Male,Cloudy,No,5,Medium
INC-2022-2339,2022-12-07,2022,December,Wednesday,Evening,Karnataka,Bengaluru,Koramangala,Street,Cyber Fraud,Financial Crime,Low,41,Male,Clear,No,3,Low
INC-2022-1703,2022-12-07,2022,December,Wednesday,Evening,Tamil Nadu,Chennai,Adyar,Public Park,Theft,Property Crime,Low,27,Male,Cloudy,No,4,Medium
INC-2022-1324,2022-12-07,2022,December,Wednesday,Night,Karnataka,Bengaluru,MG Road Central,Parking Complex,Vandalism,Public Order,Low,58,Female,Cloudy,No,3,Medium
INC-2022-2386,2022-12-06,2022,December,Tuesday,Morning,West Bengal,Kolkata,New Town,Public Park,Vehicle Theft,Property Crime,Medium,38,Male,Rainy,No,3,Low
INC-2022-1502,2022-12-05,2022,December,Monday,Night,West Bengal,Kolkata,Park Street,Transit Station,Robbery,Violent Crime,Medium,27,Female,Clear,No,2,Low
INC-2022-1339,2022-12-04,2022,December,Sunday,Evening,West Bengal,Kolkata,New Town,Parking Complex,Theft,Property Crime,Low,59,Female,Clear,No,0,Medium
INC-2022-2337,2022-12-03,2022,December,Saturday,Night,Telangana,Hyderabad,Hitec City,Commercial Market,Assault,Violent Crime,High,33,Male,Cloudy,No,2,Medium
INC-2022-1980,2022-12-03,2022,December,Saturday,Afternoon,Maharashtra,Mumbai,Harbor Docklands,Parking Complex,Vehicle Theft,Property Crime,Medium,38,Other,Clear,No,4,Medium
INC-2022-1649,2022-12-02,2022,December,Friday,Evening,Maharashtra,Pune,Kothrud,Parking Complex,Vandalism,Public Order,Low,31,Female,Rainy,No,3,Medium
INC-2022-0299,2022-11-30,2022,November,Wednesday,Morning,Telangana,Hyderabad,Madhapur,Street,Cyber Fraud,Financial Crime,Low,27,Male,Clear,No,5,Low
INC-2022-0520,2022-11-29,2022,November,Tuesday,Afternoon,Delhi (NCT),Delhi,South Delhi,Parking Complex,Theft,Property Crime,Low,46,Male,Rainy,No,2,Low
INC-2022-0408,2022-11-29,2022,November,Tuesday,Afternoon,Tamil Nadu,Chennai,Marina Beachfront,Residential,Vandalism,Public Order,Low,48,Female,Clear,No,4,Low
INC-2022-1697,2022-11-27,2022,November,Sunday,Evening,Telangana,Hyderabad,Hitec City,Parking Complex,Burglary,Property Crime,Medium,37,Male,Cloudy,No,3,Medium
INC-2022-0244,2022-11-27,2022,November,Sunday,Evening,Maharashtra,Mumbai,Harbor Docklands,Transit Station,Cyber Fraud,Financial Crime,Low,36,Female,Rainy,No,7,High
INC-2022-0599,2022-11-27,2022,November,Sunday,Morning,West Bengal,Kolkata,Esplanade,Parking Complex,Vandalism,Public Order,Low,22,Male,Cloudy,No,8,High
INC-2022-1923,2022-11-27,2022,November,Sunday,Night,Telangana,Hyderabad,Banjara Hills,Public Park,Cyber Fraud,Financial Crime,Low,18,Male,Cloudy,No,4,Medium
INC-2022-1395,2022-11-27,2022,November,Sunday,Evening,Karnataka,Bengaluru,Koramangala,Street,Burglary,Property Crime,Medium,45,Male,Rainy,No,4,Low
INC-2022-0649,2022-11-26,2022,November,Saturday,Night,Delhi (NCT),Delhi,Karol Bagh,Commercial Market,Robbery,Violent Crime,Medium,33,Male,Clear,No,3,Medium
INC-2022-1545,2022-11-26,2022,November,Saturday,Evening,West Bengal,Kolkata,Salt Lake,Transit Station,Vehicle Theft,Property Crime,Medium,27,Female,Rainy,No,1,Medium
INC-2022-1751,2022-11-26,2022,November,Saturday,Evening,West Bengal,Kolkata,New Town,Street,Cyber Fraud,Financial Crime,Low,40,Female,Cloudy,No,3,Low
INC-2022-1302,2022-11-26,2022,November,Saturday,Afternoon,Gujarat,Ahmedabad,SG Highway,Transit Station,Theft,Property Crime,Low,24,Male,Clear,No,7,Medium
INC-2022-0503,2022-11-25,2022,November,Friday,Evening,Karnataka,Bengaluru,Koramangala,Residential,Cyber Fraud,Financial Crime,Low,22,Female,Clear,No,6,Medium
INC-2022-0525,2022-11-24,2022,November,Thursday,Evening,Karnataka,Bengaluru,MG Road Central,Residential,Robbery,Violent Crime,Medium,24,Female,Clear,No,4,Medium
INC-2022-0007,2022-11-24,2022,November,Thursday,Evening,Tamil Nadu,Chennai,Guindy,Commercial Market,Vandalism,Public Order,Low,21,Male,Clear,Yes,0,Medium
INC-2022-1228,2022-11-24,2022,November,Thursday,Evening,Karnataka,Bengaluru,Indiranagar,Transit Station,Vehicle Theft,Property Crime,Medium,41,Female,Clear,No,1,Medium
INC-2022-1060,2022-11-23,2022,November,Wednesday,Evening,Delhi (NCT),Delhi,South Delhi,Transit Station,Vehicle Theft,Property Crime,Medium,35,Female,Clear,No,2,Medium
INC-2022-0279,2022-11-22,2022,November,Tuesday,Afternoon,Maharashtra,Pune,Viman Nagar,Street,Theft,Property Crime,Low,40,Male,Clear,No,6,Low
INC-2022-2241,2022-11-22,2022,November,Tuesday,Morning,Gujarat,Ahmedabad,Paldi,Parking Complex,Assault,Violent Crime,High,22,Male,Rainy,Yes,4,Low
INC-2022-1535,2022-11-22,2022,November,Tuesday,Morning,Delhi (NCT),Delhi,Old Delhi,Transit Station,Theft,Property Crime,Low,29,Male,Rainy,No,9,High
INC-2022-1068,2022-11-21,2022,November,Monday,Evening,Maharashtra,Mumbai,Fort Downtown,Street,Vehicle Theft,Property Crime,Medium,47,Female,Clear,No,9,High
INC-2022-0396,2022-11-19,2022,November,Saturday,Afternoon,Maharashtra,Pune,Baner,Commercial Market,Theft,Property Crime,Low,18,Male,Rainy,No,4,Low
INC-2022-1580,2022-11-19,2022,November,Saturday,Afternoon,Gujarat,Ahmedabad,SG Highway,Residential,Cyber Fraud,Financial Crime,Low,50,Female,Clear,No,3,Low
INC-2022-1105,2022-11-18,2022,November,Friday,Afternoon,Gujarat,Ahmedabad,SG Highway,Residential,Vehicle Theft,Property Crime,Medium,35,Female,Clear,No,1,Low
INC-2022-0604,2022-11-18,2022,November,Friday,Afternoon,Karnataka,Bengaluru,Electronic City,Street,Theft,Property Crime,Low,32,Female,Rainy,No,3,Low
INC-2022-0485,2022-11-14,2022,November,Monday,Afternoon,Delhi (NCT),Delhi,Dwarka,Public Park,Theft,Property Crime,Low,40,Other,Rainy,No,0,Low
INC-2022-1905,2022-11-14,2022,November,Monday,Morning,Delhi (NCT),Delhi,South Delhi,Commercial Market,Vandalism,Public Order,Low,27,Female,Cloudy,No,5,Medium
INC-2022-1061,2022-11-13,2022,November,Sunday,Evening,Delhi (NCT),Delhi,Karol Bagh,Residential,Cyber Fraud,Financial Crime,Low,52,Female,Clear,No,6,Medium
INC-2022-0687,2022-11-13,2022,November,Sunday,Evening,Gujarat,Ahmedabad,Satellite,Transit Station,Vandalism,Public Order,Low,39,Male,Clear,No,5,Medium
INC-2022-1729,2022-11-13,2022,November,Sunday,Evening,Gujarat,Ahmedabad,SG Highway,Commercial Market,Theft,Property Crime,Low,18,Female,Cloudy,No,3,Medium
INC-2022-0800,2022-11-13,2022,November,Sunday,Night,Delhi (NCT),Delhi,South Delhi,Commercial Market,Vandalism,Public Order,Low,27,Female,Foggy,No,4,Medium
INC-2022-0540,2022-11-13,2022,November,Sunday,Evening,Maharashtra,Pune,Hinjewadi IT Park,Residential,Burglary,Property Crime,Medium,43,Male,Rainy,No,1,Low
INC-2022-1164,2022-11-12,2022,November,Saturday,Evening,Telangana,Hyderabad,Madhapur,Residential,Burglary,Property Crime,Medium,37,Male,Clear,No,2,Low
INC-2022-0732,2022-11-12,2022,November,Saturday,Evening,Gujarat,Ahmedabad,Maninagar,Residential,Burglary,Property Crime,Medium,41,Male,Rainy,No,1,Low
INC-2022-0274,2022-11-11,2022,November,Friday,Night,Delhi (NCT),Delhi,Old Delhi,Parking Complex,Theft,Property Crime,Low,51,Male,Cloudy,No,8,High
INC-2022-2164,2022-11-10,2022,November,Thursday,Morning,Delhi (NCT),Delhi,Dwarka,Transit Station,Burglary,Property Crime,Medium,33,Female,Rainy,No,1,Low
INC-2022-0392,2022-11-10,2022,November,Thursday,Afternoon,Gujarat,Ahmedabad,Satellite,Transit Station,Theft,Property Crime,Low,33,Male,Foggy,No,2,Low
INC-2022-1008,2022-11-10,2022,November,Thursday,Night,Tamil Nadu,Chennai,Guindy,Parking Complex,Theft,Property Crime,Low,39,Male,Clear,No,1,Low
INC-2022-0918,2022-11-10,2022,November,Thursday,Morning,Tamil Nadu,Chennai,Guindy,Transit Station,Theft,Property Crime,Low,24,Female,Clear,No,4,Low
INC-2022-1386,2022-11-09,2022,November,Wednesday,Evening,Gujarat,Ahmedabad,Satellite,Street,Theft,Property Crime,Low,24,Female,Cloudy,No,4,Medium
INC-2022-0380,2022-11-08,2022,November,Tuesday,Afternoon,Maharashtra,Pune,Viman Nagar,Transit Station,Burglary,Property Crime,Medium,28,Female,Foggy,No,2,Low
INC-2022-0552,2022-11-08,2022,November,Tuesday,Night,Tamil Nadu,Chennai,Velachery,Transit Station,Theft,Property Crime,Low,44,Female,Clear,Yes,2,Medium
INC-2022-0316,2022-11-07,2022,November,Monday,Evening,Tamil Nadu,Chennai,Marina Beachfront,Street,Cyber Fraud,Financial Crime,Low,34,Female,Clear,No,7,Medium
INC-2022-1141,2022-11-07,2022,November,Monday,Morning,Maharashtra,Mumbai,Dadar,Commercial Market,Theft,Property Crime,Low,23,Male,Foggy,Yes,3,Medium
INC-2022-1894,2022-11-06,2022,November,Sunday,Morning,Delhi (NCT),Delhi,Karol Bagh,Parking Complex,Theft,Property Crime,Low,31,Male,Foggy,No,2,Low
INC-2022-0744,2022-11-05,2022,November,Saturday,Evening,West Bengal,Kolkata,Park Street,Street,Vandalism,Public Order,Low,55,Female,Cloudy,No,1,Low
INC-2022-1981,2022-11-04,2022,November,Friday,Afternoon,Telangana,Hyderabad,Gachibowli,Public Park,Assault,Violent Crime,High,25,Female,Clear,No,0,Low
INC-2022-1925,2022-11-03,2022,November,Thursday,Evening,Gujarat,Ahmedabad,SG Highway,Public Park,Burglary,Property Crime,Medium,25,Male,Clear,No,3,Medium
INC-2022-0473,2022-11-01,2022,November,Tuesday,Afternoon,Maharashtra,Pune,Baner,Commercial Market,Burglary,Property Crime,Medium,31,Male,Clear,No,3,Medium
INC-2022-0576,2022-11-01,2022,November,Tuesday,Evening,Gujarat,Ahmedabad,Navrangpura,Residential,Vandalism,Public Order,Low,50,Female,Clear,No,10,High
INC-2022-0099,2022-10-31,2022,October,Monday,Morning,Maharashtra,Pune,Camp Cantonment,Residential,Assault,Violent Crime,High,46,Female,Rainy,No,11,Medium
INC-2022-1736,2022-10-31,2022,October,Monday,Night,Gujarat,Ahmedabad,Paldi,Residential,Theft,Property Crime,Low,18,Female,Clear,No,3,Medium
INC-2022-0907,2022-10-31,2022,October,Monday,Afternoon,Maharashtra,Mumbai,Fort Downtown,Commercial Market,Theft,Property Crime,Low,39,Male,Cloudy,No,4,High
INC-2022-0946,2022-10-30,2022,October,Sunday,Afternoon,Delhi (NCT),Delhi,Old Delhi,Parking Complex,Vandalism,Public Order,Low,29,Female,Clear,No,8,High
INC-2022-1481,2022-10-30,2022,October,Sunday,Afternoon,Maharashtra,Pune,Kothrud,Residential,Theft,Property Crime,Low,44,Male,Rainy,No,5,Low
INC-2022-0374,2022-10-29,2022,October,Saturday,Evening,Gujarat,Ahmedabad,SG Highway,Residential,Theft,Property Crime,Low,36,Female,Cloudy,No,2,Low
INC-2022-1673,2022-10-27,2022,October,Thursday,Afternoon,Delhi (NCT),Delhi,Connaught Place,Residential,Theft,Property Crime,Low,37,Male,Rainy,No,9,Medium
INC-2022-0333,2022-10-27,2022,October,Thursday,Night,Telangana,Hyderabad,Madhapur,Transit Station,Theft,Property Crime,Low,33,Female,Clear,No,6,Medium
INC-2022-0496,2022-10-25,2022,October,Tuesday,Night,Telangana,Hyderabad,Hitec City,Parking Complex,Burglary,Property Crime,Medium,33,Male,Foggy,No,2,Low
INC-2022-1056,2022-10-24,2022,October,Monday,Evening,Gujarat,Ahmedabad,Paldi,Residential,Vehicle Theft,Property Crime,Medium,33,Male,Clear,No,2,Low
INC-2022-2308,2022-10-23,2022,October,Sunday,Afternoon,West Bengal,Kolkata,Park Street,Parking Complex,Assault,Violent Crime,High,39,Female,Clear,No,5,Low
INC-2022-0484,2022-10-22,2022,October,Saturday,Afternoon,Delhi (NCT),Delhi,Dwarka,Parking Complex,Vandalism,Public Order,Low,51,Female,Rainy,No,0,Low
INC-2022-2091,2022-10-22,2022,October,Saturday,Afternoon,Maharashtra,Mumbai,Bandra,Parking Complex,Theft,Property Crime,Low,36,Female,Clear,No,2,Low
INC-2022-0233,2022-10-21,2022,October,Friday,Night,Karnataka,Bengaluru,Indiranagar,Public Park,Robbery,Violent Crime,Medium,21,Female,Cloudy,No,5,Low
INC-2022-1663,2022-10-21,2022,October,Friday,Afternoon,Telangana,Hyderabad,Charminar Heritage,Street,Vehicle Theft,Property Crime,Medium,50,Other,Cloudy,No,12,Medium
INC-2022-0431,2022-10-20,2022,October,Thursday,Night,Telangana,Hyderabad,Madhapur,Street,Burglary,Property Crime,Medium,23,Female,Clear,No,4,Medium
INC-2022-1652,2022-10-20,2022,October,Thursday,Afternoon,Gujarat,Ahmedabad,Paldi,Commercial Market,Vehicle Theft,Property Crime,Medium,43,Male,Clear,No,3,Low
INC-2022-1425,2022-10-19,2022,October,Wednesday,Morning,Delhi (NCT),Delhi,Rohini,Parking Complex,Vandalism,Public Order,Low,38,Female,Foggy,No,1,Low
INC-2022-0068,2022-10-19,2022,October,Wednesday,Evening,Karnataka,Bengaluru,Koramangala,Public Park,Burglary,Property Crime,Medium,40,Female,Cloudy,No,4,Low
INC-2022-0570,2022-10-19,2022,October,Wednesday,Evening,Maharashtra,Mumbai,Harbor Docklands,Street,Cyber Fraud,Financial Crime,Low,21,Female,Foggy,No,4,High
INC-2022-2007,2022-10-19,2022,October,Wednesday,Morning,Tamil Nadu,Chennai,Adyar,Transit Station,Assault,Violent Crime,High,24,Female,Clear,No,3,Low
INC-2022-0008,2022-10-18,2022,October,Tuesday,Night,Tamil Nadu,Chennai,Adyar,Parking Complex,Cyber Fraud,Financial Crime,Low,38,Male,Rainy,No,3,Medium
INC-2022-1171,2022-10-18,2022,October,Tuesday,Evening,Tamil Nadu,Chennai,Anna Nagar,Parking Complex,Burglary,Property Crime,Medium,26,Female,Rainy,No,4,Medium
INC-2022-0810,2022-10-17,2022,October,Monday,Evening,Maharashtra,Mumbai,Dadar,Public Park,Cyber Fraud,Financial Crime,Low,29,Male,Clear,No,4,Medium
INC-2022-0434,2022-10-17,2022,October,Monday,Morning,Delhi (NCT),Delhi,Rohini,Parking Complex,Theft,Property Crime,Low,39,Male,Rainy,No,4,Medium
INC-2022-0369,2022-10-16,2022,October,Sunday,Afternoon,Tamil Nadu,Chennai,Guindy,Parking Complex,Burglary,Property Crime,Medium,43,Other,Clear,No,2,Low
INC-2022-2374,2022-10-16,2022,October,Sunday,Morning,Tamil Nadu,Chennai,Anna Nagar,Residential,Vehicle Theft,Property Crime,Medium,40,Male,Clear,No,4,Low
INC-2022-2313,2022-10-15,2022,October,Saturday,Afternoon,Delhi (NCT),Delhi,Rohini,Residential,Cyber Fraud,Financial Crime,Low,23,Female,Clear,No,2,Low
INC-2022-0836,2022-10-14,2022,October,Friday,Evening,West Bengal,Kolkata,Esplanade,Public Park,Cyber Fraud,Financial Crime,Low,40,Male,Clear,No,4,Medium
INC-2022-1042,2022-10-13,2022,October,Thursday,Afternoon,Maharashtra,Pune,Hinjewadi IT Park,Commercial Market,Vehicle Theft,Property Crime,Medium,35,Male,Clear,No,2,Low
INC-2022-1412,2022-10-12,2022,October,Wednesday,Night,Gujarat,Ahmedabad,Paldi,Public Park,Burglary,Property Crime,Medium,51,Other,Cloudy,No,5,Medium
INC-2022-1900,2022-10-12,2022,October,Wednesday,Morning,Delhi (NCT),Delhi,South Delhi,Commercial Market,Theft,Property Crime,Low,28,Female,Clear,No,4,Medium
INC-2022-0430,2022-10-11,2022,October,Tuesday,Morning,West Bengal,Kolkata,Park Street,Street,Cyber Fraud,Financial Crime,Low,18,Male,Clear,No,2,Low
INC-2022-1645,2022-10-11,2022,October,Tuesday,Evening,Delhi (NCT),Delhi,Karol Bagh,Street,Assault,Violent Crime,High,18,Female,Rainy,No,0,Low
INC-2022-0283,2022-10-11,2022,October,Tuesday,Morning,Tamil Nadu,Chennai,Guindy,Commercial Market,Vehicle Theft,Property Crime,Medium,25,Female,Clear,No,5,Low
INC-2022-1871,2022-10-10,2022,October,Monday,Morning,Telangana,Hyderabad,Banjara Hills,Commercial Market,Theft,Property Crime,Low,54,Male,Clear,No,0,Low
INC-2022-0603,2022-10-08,2022,October,Saturday,Morning,Tamil Nadu,Chennai,Marina Beachfront,Parking Complex,Theft,Property Crime,Low,18,Female,Rainy,No,1,Low
INC-2022-0039,2022-10-08,2022,October,Saturday,Night,Gujarat,Ahmedabad,Maninagar,Commercial Market,Theft,Property Crime,Low,33,Male,Rainy,No,2,Medium
INC-2022-1541,2022-10-07,2022,October,Friday,Afternoon,West Bengal,Kolkata,Howrah,Transit Station,Robbery,Violent Crime,Medium,20,Male,Clear,No,6,High
INC-2022-1897,2022-10-05,2022,October,Wednesday,Evening,Tamil Nadu,Chennai,Marina Beachfront,Commercial Market,Theft,Property Crime,Low,22,Male,Rainy,No,2,Medium
INC-2022-1318,2022-10-05,2022,October,Wednesday,Night,Tamil Nadu,Chennai,T. Nagar,Residential,Robbery,Violent Crime,Medium,29,Female,Clear,No,7,High
INC-2022-0089,2022-10-04,2022,October,Tuesday,Night,Karnataka,Bengaluru,Indiranagar,Commercial Market,Robbery,Violent Crime,Medium,33,Female,Foggy,No,8,High
INC-2022-1137,2022-10-04,2022,October,Tuesday,Evening,Tamil Nadu,Chennai,T. Nagar,Transit Station,Theft,Property Crime,Low,42,Male,Rainy,No,11,High
INC-2022-2163,2022-10-03,2022,October,Monday,Afternoon,West Bengal,Kolkata,Salt Lake,Parking Complex,Burglary,Property Crime,Medium,45,Female,Clear,No,2,Low
INC-2022-0189,2022-10-03,2022,October,Monday,Morning,Telangana,Hyderabad,Hitec City,Commercial Market,Vandalism,Public Order,Low,59,Male,Clear,No,1,Low
INC-2022-0229,2022-10-03,2022,October,Monday,Evening,Karnataka,Bengaluru,MG Road Central,Transit Station,Burglary,Property Crime,Medium,53,Male,Clear,No,1,Medium
INC-2022-1359,2022-10-02,2022,October,Sunday,Morning,Telangana,Hyderabad,Secunderabad,Street,Vandalism,Public Order,Low,49,Female,Clear,Yes,2,Low
INC-2022-0723,2022-10-01,2022,October,Saturday,Morning,Tamil Nadu,Chennai,Adyar,Street,Burglary,Property Crime,Medium,40,Male,Clear,No,6,Low
INC-2022-0712,2022-10-01,2022,October,Saturday,Night,Telangana,Hyderabad,Gachibowli,Street,Vehicle Theft,Property Crime,Medium,31,Male,Rainy,No,1,Low
INC-2022-1175,2022-09-30,2022,September,Friday,Evening,West Bengal,Kolkata,Salt Lake,Transit Station,Cyber Fraud,Financial Crime,Low,32,Female,Foggy,No,4,Medium
INC-2022-1203,2022-09-28,2022,September,Wednesday,Afternoon,Telangana,Hyderabad,Secunderabad,Parking Complex,Theft,Property Crime,Low,18,Male,Rainy,No,2,Low
INC-2022-1578,2022-09-26,2022,September,Monday,Morning,Gujarat,Ahmedabad,Maninagar,Residential,Vehicle Theft,Property Crime,Medium,35,Male,Cloudy,No,4,Low
INC-2022-0474,2022-09-26,2022,September,Monday,Evening,Karnataka,Bengaluru,Koramangala,Commercial Market,Vandalism,Public Order,Low,39,Male,Cloudy,No,3,Medium
INC-2022-0556,2022-09-26,2022,September,Monday,Afternoon,Karnataka,Bengaluru,Electronic City,Public Park,Theft,Property Crime,Low,27,Female,Cloudy,No,4,Low
INC-2022-1774,2022-09-24,2022,September,Saturday,Evening,Maharashtra,Pune,Hinjewadi IT Park,Commercial Market,Theft,Property Crime,Low,27,Male,Clear,Yes,2,Medium
INC-2022-1357,2022-09-24,2022,September,Saturday,Evening,Tamil Nadu,Chennai,Marina Beachfront,Residential,Vandalism,Public Order,Low,34,Male,Rainy,No,4,Low
INC-2022-1637,2022-09-23,2022,September,Friday,Evening,Tamil Nadu,Chennai,T. Nagar,Street,Robbery,Violent Crime,Medium,45,Male,Rainy,No,8,High
INC-2022-0902,2022-09-23,2022,September,Friday,Evening,Tamil Nadu,Chennai,Adyar,Public Park,Vandalism,Public Order,Low,21,Male,Clear,No,2,Low
INC-2022-0245,2022-09-23,2022,September,Friday,Morning,West Bengal,Kolkata,Esplanade,Public Park,Vehicle Theft,Property Crime,Medium,34,Female,Cloudy,No,9,Medium
INC-2022-2235,2022-09-21,2022,September,Wednesday,Evening,Delhi (NCT),Delhi,Rohini,Residential,Vandalism,Public Order,Low,21,Female,Cloudy,No,3,Medium
INC-2022-2039,2022-09-21,2022,September,Wednesday,Afternoon,Gujarat,Ahmedabad,Navrangpura,Transit Station,Vehicle Theft,Property Crime,Medium,37,Female,Rainy,No,5,Medium
INC-2022-1938,2022-09-20,2022,September,Tuesday,Night,Tamil Nadu,Chennai,Velachery,Parking Complex,Robbery,Violent Crime,Medium,32,Male,Clear,No,5,Medium
INC-2022-2028,2022-09-20,2022,September,Tuesday,Night,West Bengal,Kolkata,Howrah,Street,Theft,Property Crime,Low,19,Female,Clear,No,12,High
INC-2022-1051,2022-09-19,2022,September,Monday,Night,Gujarat,Ahmedabad,Satellite,Public Park,Vehicle Theft,Property Crime,Medium,40,Female,Clear,No,5,Low
INC-2022-2378,2022-09-19,2022,September,Monday,Evening,West Bengal,Kolkata,New Town,Transit Station,Burglary,Property Crime,Medium,44,Male,Cloudy,No,7,Medium
INC-2022-0036,2022-09-19,2022,September,Monday,Evening,Maharashtra,Pune,Camp Cantonment,Residential,Theft,Property Crime,Low,26,Female,Clear,No,1,Medium
INC-2022-2300,2022-09-18,2022,September,Sunday,Evening,Maharashtra,Mumbai,Bandra,Residential,Assault,Violent Crime,High,24,Male,Cloudy,No,2,Low
INC-2022-2057,2022-09-18,2022,September,Sunday,Afternoon,West Bengal,Kolkata,Park Street,Street,Vehicle Theft,Property Crime,Medium,27,Female,Clear,No,5,Low
INC-2022-1699,2022-09-17,2022,September,Saturday,Afternoon,Tamil Nadu,Chennai,T. Nagar,Transit Station,Vandalism,Public Order,Low,34,Male,Rainy,No,12,High
INC-2022-2009,2022-09-17,2022,September,Saturday,Evening,Tamil Nadu,Chennai,Marina Beachfront,Public Park,Robbery,Violent Crime,Medium,43,Male,Clear,No,5,Medium
INC-2022-1527,2022-09-17,2022,September,Saturday,Night,Gujarat,Ahmedabad,SG Highway,Residential,Theft,Property Crime,Low,23,Male,Clear,No,3,Low
INC-2022-0972,2022-09-17,2022,September,Saturday,Evening,Karnataka,Bengaluru,MG Road Central,Parking Complex,Burglary,Property Crime,Medium,23,Female,Clear,No,2,Low
INC-2022-1567,2022-09-16,2022,September,Friday,Night,Delhi (NCT),Delhi,Rohini,Residential,Theft,Property Crime,Low,28,Female,Clear,Yes,3,Medium
INC-2022-1747,2022-09-15,2022,September,Thursday,Morning,Karnataka,Bengaluru,Whitefield,Transit Station,Theft,Property Crime,Low,31,Female,Clear,No,2,Low
INC-2022-0012,2022-09-14,2022,September,Wednesday,Afternoon,Gujarat,Ahmedabad,Sabarmati,Street,Robbery,Violent Crime,Medium,18,Male,Rainy,No,3,Low
INC-2022-0445,2022-09-14,2022,September,Wednesday,Night,Karnataka,Bengaluru,Jayanagar,Commercial Market,Robbery,Violent Crime,Medium,24,Female,Cloudy,Yes,2,Medium
INC-2022-2103,2022-09-12,2022,September,Monday,Evening,Gujarat,Ahmedabad,SG Highway,Residential,Vehicle Theft,Property Crime,Medium,29,Male,Clear,No,1,Low
INC-2022-1483,2022-09-12,2022,September,Monday,Afternoon,West Bengal,Kolkata,Howrah,Public Park,Robbery,Violent Crime,Medium,52,Female,Clear,No,7,Medium
INC-2022-0639,2022-09-10,2022,September,Saturday,Morning,Karnataka,Bengaluru,Indiranagar,Transit Station,Theft,Property Crime,Low,35,Male,Cloudy,No,2,Low
INC-2022-0285,2022-09-08,2022,September,Thursday,Afternoon,Tamil Nadu,Chennai,T. Nagar,Parking Complex,Cyber Fraud,Financial Crime,Low,34,Male,Cloudy,No,4,Medium
INC-2022-1870,2022-09-08,2022,September,Thursday,Morning,Telangana,Hyderabad,Gachibowli,Street,Vehicle Theft,Property Crime,Medium,50,Female,Clear,No,3,Low
INC-2022-2014,2022-09-06,2022,September,Tuesday,Night,Tamil Nadu,Chennai,T. Nagar,Transit Station,Robbery,Violent Crime,Medium,46,Male,Rainy,No,4,High
INC-2022-1773,2022-09-06,2022,September,Tuesday,Afternoon,Delhi (NCT),Delhi,Connaught Place,Residential,Cyber Fraud,Financial Crime,Low,35,Male,Rainy,No,13,High
INC-2022-0061,2022-09-05,2022,September,Monday,Afternoon,Karnataka,Bengaluru,Koramangala,Residential,Vehicle Theft,Property Crime,Medium,36,Male,Clear,No,5,Low
INC-2022-1969,2022-09-05,2022,September,Monday,Evening,Tamil Nadu,Chennai,Guindy,Residential,Robbery,Violent Crime,Medium,45,Male,Clear,No,4,Low
INC-2022-1148,2022-09-05,2022,September,Monday,Evening,West Bengal,Kolkata,Howrah,Public Park,Assault,Violent Crime,High,26,Female,Rainy,No,8,High
INC-2022-0888,2022-09-05,2022,September,Monday,Afternoon,Delhi (NCT),Delhi,Old Delhi,Commercial Market,Burglary,Property Crime,Medium,28,Female,Cloudy,No,8,High
INC-2022-0063,2022-09-02,2022,September,Friday,Evening,Maharashtra,Mumbai,Fort Downtown,Public Park,Theft,Property Crime,Low,37,Female,Clear,No,12,High
INC-2022-2330,2022-09-02,2022,September,Friday,Night,Tamil Nadu,Chennai,Marina Beachfront,Residential,Vandalism,Public Order,Low,27,Male,Clear,No,5,Medium
INC-2022-1198,2022-09-02,2022,September,Friday,Evening,West Bengal,Kolkata,Salt Lake,Residential,Cyber Fraud,Financial Crime,Low,33,Female,Clear,No,2,Low
INC-2022-0755,2022-09-01,2022,September,Thursday,Afternoon,Tamil Nadu,Chennai,Guindy,Public Park,Vehicle Theft,Property Crime,Medium,44,Female,Clear,No,4,Low
INC-2022-1924,2022-09-01,2022,September,Thursday,Evening,West Bengal,Kolkata,Park Street,Transit Station,Theft,Property Crime,Low,32,Male,Clear,No,7,High
INC-2022-1783,2022-09-01,2022,September,Thursday,Morning,Telangana,Hyderabad,Charminar Heritage,Street,Theft,Property Crime,Low,38,Female,Clear,No,7,Medium
INC-2022-1306,2022-08-31,2022,August,Wednesday,Afternoon,Tamil Nadu,Chennai,Anna Nagar,Residential,Vehicle Theft,Property Crime,Medium,48,Female,Clear,No,4,Low
INC-2022-0899,2022-08-31,2022,August,Wednesday,Morning,West Bengal,Kolkata,New Town,Residential,Cyber Fraud,Financial Crime,Low,28,Male,Clear,No,3,Low
INC-2022-2398,2022-08-30,2022,August,Tuesday,Night,Tamil Nadu,Chennai,T. Nagar,Commercial Market,Vandalism,Public Order,Low,31,Male,Clear,No,7,High
INC-2022-2323,2022-08-30,2022,August,Tuesday,Night,Gujarat,Ahmedabad,Maninagar,Public Park,Theft,Property Crime,Low,18,Other,Cloudy,No,3,Medium
INC-2022-1416,2022-08-28,2022,August,Sunday,Afternoon,Telangana,Hyderabad,Gachibowli,Street,Theft,Property Crime,Low,28,Male,Cloudy,No,1,Low
INC-2022-1988,2022-08-28,2022,August,Sunday,Night,Tamil Nadu,Chennai,Adyar,Street,Cyber Fraud,Financial Crime,Low,29,Female,Foggy,No,3,Medium
INC-2022-0442,2022-08-27,2022,August,Saturday,Evening,Tamil Nadu,Chennai,T. Nagar,Public Park,Burglary,Property Crime,Medium,19,Male,Cloudy,No,6,High
INC-2022-0219,2022-08-26,2022,August,Friday,Afternoon,Gujarat,Ahmedabad,Maninagar,Street,Cyber Fraud,Financial Crime,Low,18,Female,Cloudy,No,1,Low
INC-2022-1025,2022-08-26,2022,August,Friday,Evening,Tamil Nadu,Chennai,T. Nagar,Public Park,Theft,Property Crime,Low,33,Female,Clear,No,10,High
INC-2022-1033,2022-08-26,2022,August,Friday,Morning,Karnataka,Bengaluru,Koramangala,Public Park,Cyber Fraud,Financial Crime,Low,30,Male,Rainy,No,1,Low
INC-2022-2144,2022-08-24,2022,August,Wednesday,Night,Gujarat,Ahmedabad,Satellite,Commercial Market,Vandalism,Public Order,Low,37,Male,Clear,No,2,Low
INC-2022-2261,2022-08-24,2022,August,Wednesday,Evening,Telangana,Hyderabad,Banjara Hills,Street,Vehicle Theft,Property Crime,Medium,38,Male,Rainy,No,2,Low
INC-2022-1613,2022-08-24,2022,August,Wednesday,Afternoon,Karnataka,Bengaluru,Electronic City,Street,Cyber Fraud,Financial Crime,Low,29,Female,Rainy,No,2,Low
INC-2022-1088,2022-08-23,2022,August,Tuesday,Evening,Tamil Nadu,Chennai,Velachery,Commercial Market,Robbery,Violent Crime,Medium,42,Male,Rainy,No,3,Medium
INC-2022-1717,2022-08-23,2022,August,Tuesday,Evening,Gujarat,Ahmedabad,Satellite,Residential,Theft,Property Crime,Low,55,Female,Cloudy,No,2,Low
INC-2022-0224,2022-08-23,2022,August,Tuesday,Evening,Maharashtra,Pune,Baner,Public Park,Cyber Fraud,Financial Crime,Low,33,Female,Rainy,No,2,Low
INC-2022-0901,2022-08-23,2022,August,Tuesday,Evening,Maharashtra,Pune,Hinjewadi IT Park,Parking Complex,Vehicle Theft,Property Crime,Medium,32,Female,Rainy,No,2,Medium
INC-2022-2199,2022-08-22,2022,August,Monday,Evening,Telangana,Hyderabad,Banjara Hills,Transit Station,Cyber Fraud,Financial Crime,Low,30,Male,Clear,No,5,Medium
INC-2022-0198,2022-08-22,2022,August,Monday,Evening,Karnataka,Bengaluru,Electronic City,Parking Complex,Burglary,Property Crime,Medium,25,Male,Clear,No,2,Medium
INC-2022-1696,2022-08-21,2022,August,Sunday,Morning,Delhi (NCT),Delhi,Connaught Place,Commercial Market,Vandalism,Public Order,Low,39,Female,Clear,No,9,High
INC-2022-0281,2022-08-20,2022,August,Saturday,Night,Maharashtra,Mumbai,Andheri,Street,Vehicle Theft,Property Crime,Medium,25,Male,Clear,No,2,Low
INC-2022-1353,2022-08-20,2022,August,Saturday,Evening,West Bengal,Kolkata,Park Street,Parking Complex,Theft,Property Crime,Low,34,Male,Clear,No,1,Low
INC-2022-2178,2022-08-20,2022,August,Saturday,Night,Tamil Nadu,Chennai,T. Nagar,Transit Station,Theft,Property Crime,Low,39,Female,Clear,No,5,High
INC-2022-1547,2022-08-19,2022,August,Friday,Night,Tamil Nadu,Chennai,Anna Nagar,Public Park,Theft,Property Crime,Low,35,Female,Cloudy,No,5,Medium
INC-2022-2155,2022-08-19,2022,August,Friday,Evening,West Bengal,Kolkata,Salt Lake,Street,Vehicle Theft,Property Crime,Medium,18,Male,Rainy,No,4,Low
INC-2022-0682,2022-08-18,2022,August,Thursday,Night,Karnataka,Bengaluru,MG Road Central,Residential,Vehicle Theft,Property Crime,Medium,29,Male,Cloudy,No,3,Medium
INC-2022-1581,2022-08-18,2022,August,Thursday,Afternoon,West Bengal,Kolkata,Howrah,Street,Vehicle Theft,Property Crime,Medium,43,Female,Clear,No,11,Medium
INC-2022-1271,2022-08-17,2022,August,Wednesday,Afternoon,Telangana,Hyderabad,Gachibowli,Commercial Market,Vehicle Theft,Property Crime,Medium,35,Male,Cloudy,No,4,Low
INC-2022-1072,2022-08-15,2022,August,Monday,Afternoon,Karnataka,Bengaluru,Indiranagar,Street,Vandalism,Public Order,Low,48,Male,Clear,Yes,3,Low
INC-2022-1928,2022-08-15,2022,August,Monday,Morning,Maharashtra,Pune,Viman Nagar,Residential,Theft,Property Crime,Low,33,Female,Clear,Yes,1,Low
INC-2022-0555,2022-08-15,2022,August,Monday,Afternoon,Karnataka,Bengaluru,Jayanagar,Public Park,Burglary,Property Crime,Medium,18,Female,Cloudy,Yes,3,Low
INC-2022-1121,2022-08-14,2022,August,Sunday,Afternoon,Gujarat,Ahmedabad,Sabarmati,Transit Station,Theft,Property Crime,Low,46,Male,Cloudy,No,4,Low
INC-2022-2225,2022-08-14,2022,August,Sunday,Afternoon,Maharashtra,Pune,Hinjewadi IT Park,Public Park,Cyber Fraud,Financial Crime,Low,40,Female,Clear,No,1,Low
INC-2022-1573,2022-08-14,2022,August,Sunday,Morning,Maharashtra,Mumbai,Bandra,Street,Theft,Property Crime,Low,66,Male,Clear,No,3,Low
INC-2022-1126,2022-08-13,2022,August,Saturday,Afternoon,Karnataka,Bengaluru,Indiranagar,Commercial Market,Theft,Property Crime,Low,44,Female,Clear,No,3,Low
INC-2022-1848,2022-08-12,2022,August,Friday,Night,West Bengal,Kolkata,Salt Lake,Transit Station,Vandalism,Public Order,Low,43,Female,Clear,No,6,Medium
INC-2022-0114,2022-08-12,2022,August,Friday,Evening,Gujarat,Ahmedabad,Satellite,Public Park,Cyber Fraud,Financial Crime,Low,43,Male,Clear,No,2,Low
INC-2022-2037,2022-08-12,2022,August,Friday,Morning,Telangana,Hyderabad,Secunderabad,Commercial Market,Assault,Violent Crime,High,31,Male,Clear,No,5,Low
INC-2022-0250,2022-08-11,2022,August,Thursday,Evening,Maharashtra,Pune,Camp Cantonment,Transit Station,Theft,Property Crime,Low,22,Male,Rainy,No,7,High
INC-2022-0592,2022-08-11,2022,August,Thursday,Afternoon,Telangana,Hyderabad,Banjara Hills,Parking Complex,Theft,Property Crime,Low,21,Male,Cloudy,No,4,Low
INC-2022-1813,2022-08-11,2022,August,Thursday,Morning,Maharashtra,Mumbai,Dadar,Residential,Assault,Violent Crime,High,46,Male,Clear,No,1,Low
INC-2022-0394,2022-08-10,2022,August,Wednesday,Evening,Gujarat,Ahmedabad,Satellite,Residential,Vandalism,Public Order,Low,27,Male,Clear,Yes,4,Medium
INC-2022-0851,2022-08-09,2022,August,Tuesday,Night,Telangana,Hyderabad,Banjara Hills,Residential,Robbery,Violent Crime,Medium,45,Female,Rainy,No,6,Medium
INC-2022-0787,2022-08-08,2022,August,Monday,Night,West Bengal,Kolkata,Howrah,Parking Complex,Vandalism,Public Order,Low,58,Male,Clear,No,11,High
INC-2022-2168,2022-08-07,2022,August,Sunday,Afternoon,Delhi (NCT),Delhi,Old Delhi,Transit Station,Vehicle Theft,Property Crime,Medium,41,Female,Clear,No,11,High
INC-2022-1484,2022-08-06,2022,August,Saturday,Morning,Gujarat,Ahmedabad,Satellite,Commercial Market,Cyber Fraud,Financial Crime,Low,50,Male,Cloudy,No,2,Low
INC-2022-1492,2022-08-06,2022,August,Saturday,Evening,Maharashtra,Pune,Hinjewadi IT Park,Parking Complex,Cyber Fraud,Financial Crime,Low,19,Female,Rainy,No,4,Medium
INC-2022-0085,2022-08-06,2022,August,Saturday,Afternoon,Tamil Nadu,Chennai,Marina Beachfront,Commercial Market,Theft,Property Crime,Low,32,Female,Clear,No,6,Medium
INC-2022-0766,2022-08-05,2022,August,Friday,Evening,Tamil Nadu,Chennai,Anna Nagar,Public Park,Vehicle Theft,Property Crime,Medium,28,Male,Clear,No,3,Medium
INC-2022-0211,2022-08-04,2022,August,Thursday,Afternoon,Karnataka,Bengaluru,Koramangala,Commercial Market,Theft,Property Crime,Low,46,Male,Rainy,No,3,Low
INC-2022-1420,2022-08-03,2022,August,Wednesday,Evening,Delhi (NCT),Delhi,Karol Bagh,Public Park,Vandalism,Public Order,Low,51,Female,Clear,No,2,Low
INC-2022-0280,2022-08-03,2022,August,Wednesday,Afternoon,Delhi (NCT),Delhi,Dwarka,Public Park,Vehicle Theft,Property Crime,Medium,34,Female,Cloudy,No,2,Low
INC-2022-1049,2022-08-03,2022,August,Wednesday,Morning,Telangana,Hyderabad,Madhapur,Street,Cyber Fraud,Financial Crime,Low,26,Female,Rainy,No,2,Low
INC-2022-1707,2022-08-02,2022,August,Tuesday,Morning,West Bengal,Kolkata,New Town,Commercial Market,Robbery,Violent Crime,Medium,33,Male,Rainy,No,0,Low
INC-2022-0294,2022-08-02,2022,August,Tuesday,Night,West Bengal,Kolkata,Salt Lake,Public Park,Theft,Property Crime,Low,50,Female,Rainy,No,2,Low
INC-2022-1190,2022-07-31,2022,July,Sunday,Afternoon,West Bengal,Kolkata,Salt Lake,Public Park,Theft,Property Crime,Low,43,Female,Clear,Yes,3,Low
INC-2022-0959,2022-07-29,2022,July,Friday,Night,Karnataka,Bengaluru,Whitefield,Transit Station,Cyber Fraud,Financial Crime,Low,43,Male,Rainy,No,1,Low
INC-2022-2322,2022-07-29,2022,July,Friday,Morning,Telangana,Hyderabad,Gachibowli,Commercial Market,Vehicle Theft,Property Crime,Medium,22,Female,Rainy,No,2,Low
INC-2022-0148,2022-07-29,2022,July,Friday,Afternoon,Gujarat,Ahmedabad,Satellite,Commercial Market,Burglary,Property Crime,Medium,21,Female,Rainy,No,2,Low
INC-2022-1312,2022-07-28,2022,July,Thursday,Night,West Bengal,Kolkata,New Town,Public Park,Robbery,Violent Crime,Medium,32,Male,Rainy,No,2,Low
INC-2022-0681,2022-07-28,2022,July,Thursday,Afternoon,Karnataka,Bengaluru,Jayanagar,Transit Station,Cyber Fraud,Financial Crime,Low,18,Male,Rainy,No,1,Low
INC-2022-1167,2022-07-27,2022,July,Wednesday,Night,Telangana,Hyderabad,Gachibowli,Parking Complex,Vehicle Theft,Property Crime,Medium,29,Female,Clear,No,3,Medium
INC-2022-2013,2022-07-27,2022,July,Wednesday,Night,Delhi (NCT),Delhi,Karol Bagh,Public Park,Robbery,Violent Crime,Medium,32,Male,Cloudy,No,2,Low
INC-2022-1382,2022-07-27,2022,July,Wednesday,Night,Tamil Nadu,Chennai,Adyar,Street,Robbery,Violent Crime,Medium,39,Female,Rainy,No,5,Medium
INC-2022-0985,2022-07-25,2022,July,Monday,Evening,Delhi (NCT),Delhi,Connaught Place,Street,Theft,Property Crime,Low,30,Male,Rainy,No,7,High
INC-2022-0021,2022-07-25,2022,July,Monday,Afternoon,Maharashtra,Mumbai,Fort Downtown,Street,Assault,Violent Crime,High,18,Male,Rainy,No,8,High
INC-2022-0963,2022-07-25,2022,July,Monday,Night,Tamil Nadu,Chennai,Guindy,Commercial Market,Theft,Property Crime,Low,33,Female,Cloudy,No,3,Medium
INC-2022-2264,2022-07-24,2022,July,Sunday,Morning,Telangana,Hyderabad,Banjara Hills,Residential,Burglary,Property Crime,Medium,36,Female,Clear,No,4,Low
INC-2022-0042,2022-07-24,2022,July,Sunday,Evening,Delhi (NCT),Delhi,Karol Bagh,Parking Complex,Theft,Property Crime,Low,39,Male,Rainy,No,4,Medium
INC-2022-2226,2022-07-22,2022,July,Friday,Evening,Karnataka,Bengaluru,Electronic City,Transit Station,Vehicle Theft,Property Crime,Medium,25,Male,Cloudy,No,5,Medium
INC-2022-0212,2022-07-22,2022,July,Friday,Night,Karnataka,Bengaluru,Whitefield,Public Park,Vehicle Theft,Property Crime,Medium,48,Male,Cloudy,No,2,Low
INC-2022-1083,2022-07-22,2022,July,Friday,Night,Gujarat,Ahmedabad,Navrangpura,Transit Station,Theft,Property Crime,Low,36,Other,Clear,No,10,High
INC-2022-0470,2022-07-22,2022,July,Friday,Afternoon,Tamil Nadu,Chennai,Adyar,Residential,Vehicle Theft,Property Crime,Medium,18,Female,Rainy,No,2,Low
INC-2022-0025,2022-07-22,2022,July,Friday,Night,Delhi (NCT),Delhi,Dwarka,Commercial Market,Robbery,Violent Crime,Medium,37,Female,Clear,No,2,Medium
INC-2022-1254,2022-07-21,2022,July,Thursday,Evening,Karnataka,Bengaluru,Jayanagar,Commercial Market,Vehicle Theft,Property Crime,Medium,18,Female,Clear,No,1,Medium
INC-2022-1442,2022-07-21,2022,July,Thursday,Afternoon,Karnataka,Bengaluru,Whitefield,Commercial Market,Vehicle Theft,Property Crime,Medium,36,Female,Clear,No,5,Low
INC-2022-1675,2022-07-21,2022,July,Thursday,Afternoon,Gujarat,Ahmedabad,Sabarmati,Parking Complex,Cyber Fraud,Financial Crime,Low,22,Female,Rainy,No,0,Low
INC-2022-1316,2022-07-19,2022,July,Tuesday,Morning,West Bengal,Kolkata,Salt Lake,Transit Station,Burglary,Property Crime,Medium,24,Male,Clear,No,2,Low
INC-2022-2021,2022-07-18,2022,July,Monday,Evening,West Bengal,Kolkata,New Town,Parking Complex,Theft,Property Crime,Low,30,Female,Rainy,No,1,Low
INC-2022-1284,2022-07-17,2022,July,Sunday,Night,Tamil Nadu,Chennai,T. Nagar,Transit Station,Vehicle Theft,Property Crime,Medium,56,Other,Rainy,No,8,High
INC-2022-0315,2022-07-14,2022,July,Thursday,Evening,Maharashtra,Pune,Viman Nagar,Parking Complex,Theft,Property Crime,Low,27,Female,Rainy,No,3,Medium
INC-2022-0660,2022-07-13,2022,July,Wednesday,Evening,Telangana,Hyderabad,Hitec City,Transit Station,Burglary,Property Crime,Medium,30,Female,Rainy,No,4,Medium
INC-2022-0365,2022-07-13,2022,July,Wednesday,Night,Karnataka,Bengaluru,Electronic City,Commercial Market,Vehicle Theft,Property Crime,Medium,33,Female,Clear,No,3,Medium
INC-2022-2128,2022-07-13,2022,July,Wednesday,Evening,West Bengal,Kolkata,Salt Lake,Commercial Market,Theft,Property Crime,Low,21,Female,Clear,No,3,Medium
INC-2022-1765,2022-07-11,2022,July,Monday,Morning,Maharashtra,Pune,Baner,Transit Station,Cyber Fraud,Financial Crime,Low,31,Male,Rainy,No,3,Medium
INC-2022-1216,2022-07-11,2022,July,Monday,Afternoon,West Bengal,Kolkata,Salt Lake,Residential,Burglary,Property Crime,Medium,18,Male,Clear,No,4,Low
INC-2022-0135,2022-07-11,2022,July,Monday,Evening,Karnataka,Bengaluru,Whitefield,Street,Vehicle Theft,Property Crime,Medium,41,Female,Rainy,No,3,Low
INC-2022-1888,2022-07-10,2022,July,Sunday,Evening,Karnataka,Bengaluru,Koramangala,Street,Vehicle Theft,Property Crime,Medium,28,Female,Cloudy,No,5,Medium
INC-2022-2234,2022-07-10,2022,July,Sunday,Afternoon,Delhi (NCT),Delhi,Old Delhi,Parking Complex,Theft,Property Crime,Low,48,Female,Clear,No,9,High
INC-2022-0393,2022-07-10,2022,July,Sunday,Morning,Karnataka,Bengaluru,Whitefield,Public Park,Theft,Property Crime,Low,45,Male,Rainy,No,1,Low
INC-2022-2312,2022-07-09,2022,July,Saturday,Morning,Maharashtra,Pune,Viman Nagar,Transit Station,Theft,Property Crime,Low,39,Female,Clear,No,2,Low
INC-2022-1079,2022-07-09,2022,July,Saturday,Evening,Telangana,Hyderabad,Banjara Hills,Public Park,Theft,Property Crime,Low,32,Male,Clear,No,4,Low
INC-2022-1132,2022-07-09,2022,July,Saturday,Night,Karnataka,Bengaluru,Whitefield,Transit Station,Vehicle Theft,Property Crime,Medium,24,Other,Clear,No,2,Low
INC-2022-0624,2022-07-08,2022,July,Friday,Morning,West Bengal,Kolkata,New Town,Parking Complex,Vehicle Theft,Property Crime,Medium,29,Male,Clear,No,1,Low
INC-2022-1947,2022-07-08,2022,July,Friday,Night,Gujarat,Ahmedabad,Paldi,Street,Assault,Violent Crime,High,41,Female,Cloudy,No,2,Low
INC-2022-0704,2022-07-08,2022,July,Friday,Morning,Gujarat,Ahmedabad,Maninagar,Commercial Market,Vehicle Theft,Property Crime,Medium,42,Male,Clear,No,2,Low
INC-2022-1994,2022-07-06,2022,July,Wednesday,Morning,Maharashtra,Mumbai,Andheri,Residential,Burglary,Property Crime,Medium,36,Female,Clear,No,2,Low
INC-2022-2126,2022-07-06,2022,July,Wednesday,Evening,Gujarat,Ahmedabad,Satellite,Residential,Vehicle Theft,Property Crime,Medium,34,Male,Clear,No,3,Medium
INC-2022-1448,2022-07-06,2022,July,Wednesday,Evening,Gujarat,Ahmedabad,Paldi,Transit Station,Vehicle Theft,Property Crime,Medium,18,Male,Clear,No,0,Low
INC-2022-1461,2022-07-06,2022,July,Wednesday,Evening,Tamil Nadu,Chennai,Velachery,Transit Station,Theft,Property Crime,Low,18,Male,Clear,No,4,Medium
INC-2022-1027,2022-07-05,2022,July,Tuesday,Night,Karnataka,Bengaluru,Electronic City,Transit Station,Burglary,Property Crime,Medium,18,Male,Rainy,No,3,Medium
INC-2022-0124,2022-07-05,2022,July,Tuesday,Afternoon,Maharashtra,Pune,Hinjewadi IT Park,Residential,Assault,Violent Crime,High,29,Other,Rainy,No,2,Low
INC-2022-0779,2022-07-03,2022,July,Sunday,Evening,Karnataka,Bengaluru,Jayanagar,Transit Station,Vehicle Theft,Property Crime,Medium,56,Male,Clear,No,3,Medium
INC-2022-1236,2022-07-03,2022,July,Sunday,Afternoon,Tamil Nadu,Chennai,T. Nagar,Parking Complex,Cyber Fraud,Financial Crime,Low,23,Female,Clear,No,7,High
INC-2022-1611,2022-07-03,2022,July,Sunday,Evening,Gujarat,Ahmedabad,Paldi,Street,Theft,Property Crime,Low,45,Male,Clear,No,2,Low
INC-2022-1211,2022-07-02,2022,July,Saturday,Evening,Karnataka,Bengaluru,MG Road Central,Commercial Market,Burglary,Property Crime,Medium,27,Female,Clear,No,4,Medium
INC-2022-1380,2022-07-01,2022,July,Friday,Morning,Delhi (NCT),Delhi,Rohini,Commercial Market,Robbery,Violent Crime,Medium,36,Female,Rainy,No,2,Low
INC-2022-1695,2022-07-01,2022,July,Friday,Morning,Delhi (NCT),Delhi,Karol Bagh,Street,Cyber Fraud,Financial Crime,Low,26,Male,Clear,No,1,Low
INC-2022-1828,2022-06-29,2022,June,Wednesday,Morning,Tamil Nadu,Chennai,Adyar,Residential,Theft,Property Crime,Low,51,Female,Cloudy,No,1,Low
INC-2022-1233,2022-06-29,2022,June,Wednesday,Evening,Tamil Nadu,Chennai,Guindy,Street,Theft,Property Crime,Low,45,Female,Clear,No,0,Low
INC-2022-1004,2022-06-28,2022,June,Tuesday,Afternoon,Delhi (NCT),Delhi,Old Delhi,Public Park,Vandalism,Public Order,Low,42,Female,Clear,No,9,High
INC-2022-0857,2022-06-28,2022,June,Tuesday,Afternoon,Delhi (NCT),Delhi,Karol Bagh,Transit Station,Assault,Violent Crime,High,61,Male,Clear,No,2,Low
INC-2022-0354,2022-06-26,2022,June,Sunday,Afternoon,Delhi (NCT),Delhi,Karol Bagh,Transit Station,Theft,Property Crime,Low,53,Male,Rainy,No,1,Low
INC-2022-1183,2022-06-25,2022,June,Saturday,Evening,Delhi (NCT),Delhi,Karol Bagh,Commercial Market,Cyber Fraud,Financial Crime,Low,18,Female,Clear,No,1,Medium
INC-2022-0220,2022-06-25,2022,June,Saturday,Morning,Telangana,Hyderabad,Secunderabad,Public Park,Vehicle Theft,Property Crime,Medium,40,Male,Rainy,No,3,Low
INC-2022-0580,2022-06-25,2022,June,Saturday,Morning,Gujarat,Ahmedabad,Navrangpura,Public Park,Robbery,Violent Crime,Medium,39,Male,Clear,No,9,Medium
INC-2022-1912,2022-06-24,2022,June,Friday,Evening,Maharashtra,Pune,Shivaji Nagar,Street,Vandalism,Public Order,Low,36,Male,Rainy,No,5,Medium
INC-2022-1756,2022-06-24,2022,June,Friday,Evening,Maharashtra,Mumbai,Dadar,Street,Theft,Property Crime,Low,26,Female,Rainy,No,3,Medium
INC-2022-1028,2022-06-23,2022,June,Thursday,Afternoon,Telangana,Hyderabad,Gachibowli,Residential,Vehicle Theft,Property Crime,Medium,29,Female,Cloudy,Yes,0,Low
INC-2022-2273,2022-06-23,2022,June,Thursday,Evening,Telangana,Hyderabad,Secunderabad,Residential,Vehicle Theft,Property Crime,Medium,31,Female,Clear,No,4,Low
INC-2022-0991,2022-06-22,2022,June,Wednesday,Evening,Gujarat,Ahmedabad,Navrangpura,Commercial Market,Burglary,Property Crime,Medium,31,Male,Cloudy,No,6,High
INC-2022-1348,2022-06-20,2022,June,Monday,Morning,Telangana,Hyderabad,Gachibowli,Transit Station,Theft,Property Crime,Low,21,Male,Rainy,No,1,Low
INC-2022-0345,2022-06-19,2022,June,Sunday,Evening,Karnataka,Bengaluru,Whitefield,Residential,Assault,Violent Crime,High,28,Female,Clear,No,4,Medium
INC-2022-0218,2022-06-19,2022,June,Sunday,Afternoon,Gujarat,Ahmedabad,Navrangpura,Street,Theft,Property Crime,Low,49,Female,Rainy,No,4,Medium
INC-2022-0797,2022-06-19,2022,June,Sunday,Night,Maharashtra,Mumbai,Dadar,Residential,Assault,Violent Crime,High,34,Male,Foggy,No,2,Low
INC-2022-2131,2022-06-17,2022,June,Friday,Evening,Gujarat,Ahmedabad,Sabarmati,Residential,Vehicle Theft,Property Crime,Medium,43,Male,Rainy,Yes,1,Low
INC-2022-1519,2022-06-17,2022,June,Friday,Afternoon,West Bengal,Kolkata,New Town,Parking Complex,Vehicle Theft,Property Crime,Medium,31,Female,Clear,No,3,Low
INC-2022-1753,2022-06-17,2022,June,Friday,Night,Gujarat,Ahmedabad,Maninagar,Parking Complex,Theft,Property Crime,Low,41,Female,Rainy,No,5,Medium
INC-2022-0654,2022-06-17,2022,June,Friday,Evening,West Bengal,Kolkata,Howrah,Public Park,Theft,Property Crime,Low,34,Male,Cloudy,No,5,High
INC-2022-1824,2022-06-16,2022,June,Thursday,Night,Delhi (NCT),Delhi,Old Delhi,Public Park,Burglary,Property Crime,Medium,33,Male,Clear,No,8,High
INC-2022-2382,2022-06-15,2022,June,Wednesday,Evening,Gujarat,Ahmedabad,Paldi,Parking Complex,Theft,Property Crime,Low,57,Male,Clear,No,2,Medium
INC-2022-2123,2022-06-15,2022,June,Wednesday,Morning,Delhi (NCT),Delhi,Karol Bagh,Commercial Market,Robbery,Violent Crime,Medium,27,Female,Rainy,No,1,Low
INC-2022-2324,2022-06-15,2022,June,Wednesday,Afternoon,Gujarat,Ahmedabad,SG Highway,Parking Complex,Theft,Property Crime,Low,25,Female,Cloudy,No,4,Low
INC-2022-0193,2022-06-14,2022,June,Tuesday,Afternoon,Gujarat,Ahmedabad,SG Highway,Public Park,Cyber Fraud,Financial Crime,Low,24,Female,Clear,No,6,Low
INC-2022-2133,2022-06-13,2022,June,Monday,Evening,Gujarat,Ahmedabad,Satellite,Residential,Vandalism,Public Order,Low,36,Female,Clear,No,3,Low
INC-2022-0154,2022-06-13,2022,June,Monday,Evening,Tamil Nadu,Chennai,Marina Beachfront,Residential,Vandalism,Public Order,Low,32,Male,Clear,No,2,Low
INC-2022-2223,2022-06-12,2022,June,Sunday,Evening,West Bengal,Kolkata,Salt Lake,Commercial Market,Vehicle Theft,Property Crime,Medium,23,Other,Clear,No,4,Medium
INC-2022-2383,2022-06-12,2022,June,Sunday,Morning,Maharashtra,Pune,Baner,Public Park,Vehicle Theft,Property Crime,Medium,23,Male,Clear,No,0,Low
INC-2022-0081,2022-06-12,2022,June,Sunday,Afternoon,Tamil Nadu,Chennai,Velachery,Street,Cyber Fraud,Financial Crime,Low,47,Male,Rainy,No,1,Low
INC-2022-1946,2022-06-12,2022,June,Sunday,Evening,Delhi (NCT),Delhi,Connaught Place,Commercial Market,Vehicle Theft,Property Crime,Medium,32,Male,Clear,No,4,High
INC-2022-1174,2022-06-11,2022,June,Saturday,Afternoon,West Bengal,Kolkata,New Town,Commercial Market,Burglary,Property Crime,Medium,18,Female,Clear,No,1,Low
INC-2022-1044,2022-06-11,2022,June,Saturday,Morning,Telangana,Hyderabad,Banjara Hills,Residential,Burglary,Property Crime,Medium,38,Other,Clear,No,2,Low
INC-2022-1262,2022-06-10,2022,June,Friday,Night,Maharashtra,Mumbai,Bandra,Street,Vehicle Theft,Property Crime,Medium,26,Male,Clear,No,1,Low
INC-2022-0105,2022-06-09,2022,June,Thursday,Evening,Karnataka,Bengaluru,Electronic City,Transit Station,Theft,Property Crime,Low,32,Female,Clear,No,2,Low
INC-2022-1199,2022-06-09,2022,June,Thursday,Evening,Tamil Nadu,Chennai,Velachery,Street,Cyber Fraud,Financial Crime,Low,19,Female,Clear,No,1,Low
INC-2022-1631,2022-06-08,2022,June,Wednesday,Evening,Delhi (NCT),Delhi,Dwarka,Transit Station,Vehicle Theft,Property Crime,Medium,22,Female,Clear,No,0,Medium
INC-2022-1742,2022-06-07,2022,June,Tuesday,Night,Telangana,Hyderabad,Charminar Heritage,Transit Station,Vehicle Theft,Property Crime,Medium,54,Male,Clear,No,7,High
INC-2022-1963,2022-06-07,2022,June,Tuesday,Afternoon,Telangana,Hyderabad,Banjara Hills,Parking Complex,Theft,Property Crime,Low,18,Female,Clear,No,2,Low
INC-2022-1831,2022-06-07,2022,June,Tuesday,Night,Tamil Nadu,Chennai,Guindy,Public Park,Cyber Fraud,Financial Crime,Low,37,Female,Clear,No,1,Low
INC-2022-1708,2022-06-06,2022,June,Monday,Afternoon,Gujarat,Ahmedabad,Paldi,Street,Theft,Property Crime,Low,54,Female,Rainy,No,1,Low
INC-2022-1125,2022-06-06,2022,June,Monday,Evening,Maharashtra,Mumbai,Dadar,Public Park,Vehicle Theft,Property Crime,Medium,40,Male,Clear,No,4,Medium
INC-2022-2358,2022-06-06,2022,June,Monday,Afternoon,Karnataka,Bengaluru,Koramangala,Transit Station,Burglary,Property Crime,Medium,44,Female,Rainy,No,0,Low
INC-2022-0936,2022-06-05,2022,June,Sunday,Night,Gujarat,Ahmedabad,Navrangpura,Street,Theft,Property Crime,Low,41,Male,Clear,No,9,High
INC-2022-1619,2022-06-04,2022,June,Saturday,Night,Tamil Nadu,Chennai,Adyar,Public Park,Theft,Property Crime,Low,33,Female,Clear,No,3,Low
INC-2022-1248,2022-06-03,2022,June,Friday,Night,Delhi (NCT),Delhi,Connaught Place,Commercial Market,Theft,Property Crime,Low,38,Female,Clear,No,7,High
INC-2022-2068,2022-06-03,2022,June,Friday,Night,Gujarat,Ahmedabad,Paldi,Public Park,Vehicle Theft,Property Crime,Medium,27,Female,Rainy,No,3,Medium
INC-2022-0174,2022-06-01,2022,June,Wednesday,Night,West Bengal,Kolkata,Salt Lake,Transit Station,Vandalism,Public Order,Low,53,Male,Cloudy,No,4,Medium
INC-2022-0215,2022-05-30,2022,May,Monday,Evening,Gujarat,Ahmedabad,SG Highway,Parking Complex,Cyber Fraud,Financial Crime,Low,20,Female,Clear,No,0,Medium
INC-2022-2166,2022-05-30,2022,May,Monday,Afternoon,Delhi (NCT),Delhi,Dwarka,Residential,Robbery,Violent Crime,Medium,33,Other,Cloudy,No,1,Low
INC-2022-1851,2022-05-30,2022,May,Monday,Night,West Bengal,Kolkata,Salt Lake,Street,Theft,Property Crime,Low,18,Female,Rainy,No,4,Medium
INC-2022-1497,2022-05-27,2022,May,Friday,Afternoon,Maharashtra,Pune,Viman Nagar,Transit Station,Theft,Property Crime,Low,46,Male,Clear,No,1,Low
INC-2022-2344,2022-05-27,2022,May,Friday,Evening,Gujarat,Ahmedabad,Maninagar,Commercial Market,Vandalism,Public Order,Low,38,Female,Rainy,No,5,Medium
INC-2022-0583,2022-05-26,2022,May,Thursday,Night,Karnataka,Bengaluru,Koramangala,Transit Station,Theft,Property Crime,Low,47,Male,Clear,No,2,Medium
INC-2022-1858,2022-05-24,2022,May,Tuesday,Morning,Telangana,Hyderabad,Gachibowli,Residential,Theft,Property Crime,Low,27,Male,Clear,No,6,Low
INC-2022-1468,2022-05-23,2022,May,Monday,Evening,Karnataka,Bengaluru,MG Road Central,Parking Complex,Theft,Property Crime,Low,51,Male,Rainy,No,3,Medium
INC-2022-2025,2022-05-23,2022,May,Monday,Afternoon,Karnataka,Bengaluru,Jayanagar,Transit Station,Assault,Violent Crime,High,36,Female,Rainy,No,4,Low
INC-2022-1758,2022-05-22,2022,May,Sunday,Evening,Tamil Nadu,Chennai,Velachery,Parking Complex,Cyber Fraud,Financial Crime,Low,36,Female,Clear,No,2,Low
INC-2022-0302,2022-05-22,2022,May,Sunday,Afternoon,Karnataka,Bengaluru,Indiranagar,Residential,Cyber Fraud,Financial Crime,Low,36,Female,Clear,No,0,Low
INC-2022-1890,2022-05-21,2022,May,Saturday,Evening,Telangana,Hyderabad,Hitec City,Parking Complex,Vandalism,Public Order,Low,39,Female,Clear,No,4,Medium
INC-2022-1058,2022-05-21,2022,May,Saturday,Morning,West Bengal,Kolkata,Salt Lake,Residential,Cyber Fraud,Financial Crime,Low,40,Female,Cloudy,No,1,Low
INC-2022-0594,2022-05-20,2022,May,Friday,Morning,Delhi (NCT),Delhi,Old Delhi,Commercial Market,Burglary,Property Crime,Medium,25,Male,Cloudy,No,11,High
INC-2022-1256,2022-05-19,2022,May,Thursday,Night,Gujarat,Ahmedabad,Sabarmati,Transit Station,Theft,Property Crime,Low,43,Male,Clear,No,1,Medium
INC-2022-0837,2022-05-19,2022,May,Thursday,Night,Maharashtra,Mumbai,Colaba,Commercial Market,Cyber Fraud,Financial Crime,Low,22,Female,Clear,No,1,Medium
INC-2022-1536,2022-05-18,2022,May,Wednesday,Evening,Maharashtra,Mumbai,Dadar,Public Park,Theft,Property Crime,Low,24,Female,Clear,No,3,Medium
INC-2022-0437,2022-05-17,2022,May,Tuesday,Morning,Gujarat,Ahmedabad,Maninagar,Parking Complex,Robbery,Violent Crime,Medium,18,Male,Rainy,No,1,Low
INC-2022-0405,2022-05-14,2022,May,Saturday,Evening,Delhi (NCT),Delhi,Connaught Place,Street,Cyber Fraud,Financial Crime,Low,18,Female,Clear,No,2,Medium
INC-2022-0760,2022-05-13,2022,May,Friday,Evening,Maharashtra,Pune,Shivaji Nagar,Street,Theft,Property Crime,Low,45,Male,Cloudy,No,3,Medium
INC-2022-2002,2022-05-13,2022,May,Friday,Evening,Maharashtra,Mumbai,Harbor Docklands,Residential,Vehicle Theft,Property Crime,Medium,33,Female,Cloudy,No,5,High
INC-2022-0560,2022-05-13,2022,May,Friday,Evening,Tamil Nadu,Chennai,Guindy,Street,Vehicle Theft,Property Crime,Medium,31,Female,Clear,No,2,Low
INC-2022-1260,2022-05-11,2022,May,Wednesday,Night,West Bengal,Kolkata,Howrah,Street,Assault,Violent Crime,High,51,Male,Foggy,Yes,7,High
INC-2022-1618,2022-05-11,2022,May,Wednesday,Afternoon,Karnataka,Bengaluru,MG Road Central,Public Park,Vehicle Theft,Property Crime,Medium,52,Female,Clear,No,2,Low
INC-2022-0103,2022-05-11,2022,May,Wednesday,Night,Karnataka,Bengaluru,Jayanagar,Public Park,Theft,Property Crime,Low,28,Female,Clear,No,1,Low
INC-2022-1596,2022-05-11,2022,May,Wednesday,Evening,Delhi (NCT),Delhi,South Delhi,Commercial Market,Theft,Property Crime,Low,19,Male,Clear,No,1,Medium
INC-2022-1739,2022-05-10,2022,May,Tuesday,Afternoon,Delhi (NCT),Delhi,Dwarka,Public Park,Theft,Property Crime,Low,31,Male,Clear,No,2,Low
INC-2022-1534,2022-05-09,2022,May,Monday,Evening,Delhi (NCT),Delhi,Old Delhi,Residential,Vehicle Theft,Property Crime,Medium,43,Female,Rainy,No,8,High
INC-2022-2249,2022-05-09,2022,May,Monday,Night,Telangana,Hyderabad,Hitec City,Street,Burglary,Property Crime,Medium,28,Female,Clear,No,0,Low
INC-2022-1337,2022-05-08,2022,May,Sunday,Morning,Tamil Nadu,Chennai,Guindy,Street,Burglary,Property Crime,Medium,18,Female,Clear,No,2,Low
INC-2022-1474,2022-05-08,2022,May,Sunday,Afternoon,Delhi (NCT),Delhi,Connaught Place,Commercial Market,Cyber Fraud,Financial Crime,Low,29,Female,Clear,No,3,Medium
INC-2022-1123,2022-05-08,2022,May,Sunday,Night,Karnataka,Bengaluru,Koramangala,Commercial Market,Vehicle Theft,Property Crime,Medium,24,Male,Clear,No,5,Medium
INC-2022-2167,2022-05-08,2022,May,Sunday,Evening,Telangana,Hyderabad,Madhapur,Public Park,Vehicle Theft,Property Crime,Medium,32,Male,Rainy,No,3,Low
INC-2022-1259,2022-05-07,2022,May,Saturday,Afternoon,Delhi (NCT),Delhi,South Delhi,Parking Complex,Vandalism,Public Order,Low,24,Female,Clear,No,2,Low
INC-2022-1770,2022-05-06,2022,May,Friday,Morning,Delhi (NCT),Delhi,South Delhi,Transit Station,Theft,Property Crime,Low,38,Female,Clear,No,3,Medium
INC-2022-1172,2022-05-06,2022,May,Friday,Evening,Gujarat,Ahmedabad,SG Highway,Commercial Market,Cyber Fraud,Financial Crime,Low,23,Male,Clear,No,3,Medium
INC-2022-2214,2022-05-05,2022,May,Thursday,Evening,Gujarat,Ahmedabad,SG Highway,Residential,Cyber Fraud,Financial Crime,Low,36,Male,Clear,No,3,Low
INC-2022-2001,2022-05-04,2022,May,Wednesday,Evening,Delhi (NCT),Delhi,South Delhi,Parking Complex,Burglary,Property Crime,Medium,18,Male,Clear,No,1,Medium
INC-2022-0428,2022-05-04,2022,May,Wednesday,Afternoon,West Bengal,Kolkata,New Town,Transit Station,Robbery,Violent Crime,Medium,36,Male,Foggy,No,6,Medium
INC-2022-2388,2022-05-04,2022,May,Wednesday,Night,Karnataka,Bengaluru,MG Road Central,Parking Complex,Cyber Fraud,Financial Crime,Low,48,Female,Clear,No,4,Medium
INC-2022-1266,2022-05-04,2022,May,Wednesday,Morning,Telangana,Hyderabad,Hitec City,Residential,Theft,Property Crime,Low,29,Female,Rainy,No,5,Low
INC-2022-0127,2022-05-03,2022,May,Tuesday,Evening,Karnataka,Bengaluru,Indiranagar,Commercial Market,Burglary,Property Crime,Medium,38,Female,Clear,No,2,Medium
INC-2022-0697,2022-05-03,2022,May,Tuesday,Night,Karnataka,Bengaluru,Jayanagar,Residential,Assault,Violent Crime,High,30,Female,Foggy,No,4,Low
INC-2022-0098,2022-05-02,2022,May,Monday,Morning,West Bengal,Kolkata,Park Street,Residential,Theft,Property Crime,Low,18,Male,Clear,No,4,Low
INC-2022-1735,2022-05-02,2022,May,Monday,Morning,Maharashtra,Mumbai,Fort Downtown,Commercial Market,Robbery,Violent Crime,Medium,21,Female,Clear,No,7,High
INC-2022-2218,2022-04-30,2022,April,Saturday,Evening,Telangana,Hyderabad,Madhapur,Commercial Market,Burglary,Property Crime,Medium,29,Male,Clear,No,7,High
INC-2022-1264,2022-04-29,2022,April,Friday,Morning,Delhi (NCT),Delhi,Rohini,Commercial Market,Vandalism,Public Order,Low,23,Male,Rainy,No,3,Medium
INC-2022-0983,2022-04-28,2022,April,Thursday,Evening,Karnataka,Bengaluru,Whitefield,Commercial Market,Vehicle Theft,Property Crime,Medium,28,Female,Clear,Yes,5,Medium
INC-2022-1852,2022-04-28,2022,April,Thursday,Afternoon,Maharashtra,Mumbai,Colaba,Commercial Market,Robbery,Violent Crime,Medium,43,Female,Rainy,No,1,Low
INC-2022-2243,2022-04-27,2022,April,Wednesday,Evening,Maharashtra,Mumbai,Fort Downtown,Transit Station,Theft,Property Crime,Low,25,Male,Rainy,No,7,High
INC-2022-1082,2022-04-27,2022,April,Wednesday,Evening,Telangana,Hyderabad,Charminar Heritage,Residential,Burglary,Property Crime,Medium,35,Male,Clear,No,8,High
INC-2022-0572,2022-04-27,2022,April,Wednesday,Evening,Telangana,Hyderabad,Charminar Heritage,Street,Cyber Fraud,Financial Crime,Low,41,Male,Clear,No,11,High
INC-2022-1860,2022-04-27,2022,April,Wednesday,Morning,West Bengal,Kolkata,Salt Lake,Public Park,Vehicle Theft,Property Crime,Medium,18,Female,Clear,No,1,Low
INC-2022-0765,2022-04-26,2022,April,Tuesday,Afternoon,Tamil Nadu,Chennai,Adyar,Public Park,Burglary,Property Crime,Medium,18,Male,Cloudy,No,6,Low
INC-2022-1342,2022-04-25,2022,April,Monday,Night,Telangana,Hyderabad,Madhapur,Commercial Market,Vandalism,Public Order,Low,35,Male,Clear,No,2,Low
INC-2022-1677,2022-04-24,2022,April,Sunday,Morning,Maharashtra,Mumbai,Bandra,Transit Station,Cyber Fraud,Financial Crime,Low,41,Male,Clear,No,1,Low
INC-2022-2109,2022-04-23,2022,April,Saturday,Morning,West Bengal,Kolkata,Park Street,Street,Assault,Violent Crime,High,41,Male,Clear,No,2,Low
INC-2022-0974,2022-04-23,2022,April,Saturday,Night,Tamil Nadu,Chennai,Anna Nagar,Public Park,Theft,Property Crime,Low,45,Male,Rainy,No,5,Medium
INC-2022-0941,2022-04-23,2022,April,Saturday,Evening,Telangana,Hyderabad,Charminar Heritage,Transit Station,Vehicle Theft,Property Crime,Medium,27,Female,Clear,No,2,High
INC-2022-0363,2022-04-23,2022,April,Saturday,Afternoon,Gujarat,Ahmedabad,Satellite,Street,Theft,Property Crime,Low,37,Female,Rainy,No,1,Low
INC-2022-2393,2022-04-22,2022,April,Friday,Afternoon,West Bengal,Kolkata,New Town,Public Park,Burglary,Property Crime,Medium,54,Female,Rainy,Yes,2,Low
INC-2022-0878,2022-04-21,2022,April,Thursday,Morning,Tamil Nadu,Chennai,Anna Nagar,Residential,Vandalism,Public Order,Low,43,Male,Clear,Yes,3,Low
INC-2022-0111,2022-04-19,2022,April,Tuesday,Morning,Gujarat,Ahmedabad,Maninagar,Commercial Market,Vehicle Theft,Property Crime,Medium,32,Male,Rainy,No,4,Low
INC-2022-2145,2022-04-19,2022,April,Tuesday,Evening,Karnataka,Bengaluru,Koramangala,Commercial Market,Theft,Property Crime,Low,26,Male,Clear,No,7,High
INC-2022-0050,2022-04-19,2022,April,Tuesday,Night,Telangana,Hyderabad,Charminar Heritage,Public Park,Theft,Property Crime,Low,45,Male,Clear,No,5,High
INC-2022-1991,2022-04-19,2022,April,Tuesday,Morning,Karnataka,Bengaluru,Whitefield,Public Park,Assault,Violent Crime,High,49,Male,Clear,No,5,Low
INC-2022-0015,2022-04-19,2022,April,Tuesday,Evening,West Bengal,Kolkata,Esplanade,Commercial Market,Vehicle Theft,Property Crime,Medium,21,Male,Clear,No,5,High
INC-2022-0843,2022-04-17,2022,April,Sunday,Evening,West Bengal,Kolkata,Salt Lake,Transit Station,Burglary,Property Crime,Medium,41,Female,Cloudy,No,5,Medium
INC-2022-2078,2022-04-17,2022,April,Sunday,Evening,Gujarat,Ahmedabad,Maninagar,Parking Complex,Theft,Property Crime,Low,26,Female,Clear,No,4,Medium
INC-2022-2390,2022-04-16,2022,April,Saturday,Evening,Telangana,Hyderabad,Secunderabad,Transit Station,Theft,Property Crime,Low,28,Other,Clear,No,1,Low
INC-2022-0164,2022-04-15,2022,April,Friday,Morning,Telangana,Hyderabad,Madhapur,Parking Complex,Theft,Property Crime,Low,40,Female,Clear,No,4,Low
INC-2022-1937,2022-04-13,2022,April,Wednesday,Evening,Telangana,Hyderabad,Banjara Hills,Public Park,Theft,Property Crime,Low,30,Male,Clear,No,3,Medium
INC-2022-0737,2022-04-12,2022,April,Tuesday,Afternoon,Delhi (NCT),Delhi,South Delhi,Transit Station,Theft,Property Crime,Low,38,Male,Clear,No,4,Medium
INC-2022-2080,2022-04-12,2022,April,Tuesday,Night,Delhi (NCT),Delhi,Connaught Place,Street,Theft,Property Crime,Low,36,Female,Clear,No,6,High
INC-2022-0696,2022-04-11,2022,April,Monday,Evening,Maharashtra,Mumbai,Andheri,Street,Theft,Property Crime,Low,23,Male,Clear,No,1,Low
INC-2022-1914,2022-04-11,2022,April,Monday,Evening,West Bengal,Kolkata,Ballygunge,Commercial Market,Vehicle Theft,Property Crime,Medium,49,Male,Clear,No,4,Medium
INC-2022-0768,2022-04-11,2022,April,Monday,Morning,Tamil Nadu,Chennai,Anna Nagar,Parking Complex,Vandalism,Public Order,Low,27,Male,Rainy,No,4,Low
INC-2022-0678,2022-04-11,2022,April,Monday,Evening,Gujarat,Ahmedabad,Navrangpura,Commercial Market,Cyber Fraud,Financial Crime,Low,50,Female,Rainy,No,8,High
INC-2022-0695,2022-04-10,2022,April,Sunday,Afternoon,Tamil Nadu,Chennai,T. Nagar,Street,Theft,Property Crime,Low,37,Male,Clear,No,7,Medium
INC-2022-1373,2022-04-10,2022,April,Sunday,Afternoon,Telangana,Hyderabad,Secunderabad,Parking Complex,Theft,Property Crime,Low,31,Female,Clear,No,5,Low
INC-2022-0958,2022-04-10,2022,April,Sunday,Evening,Gujarat,Ahmedabad,Satellite,Commercial Market,Theft,Property Crime,Low,49,Female,Clear,No,4,Medium
INC-2022-1015,2022-04-07,2022,April,Thursday,Afternoon,Karnataka,Bengaluru,Indiranagar,Commercial Market,Theft,Property Crime,Low,34,Male,Clear,No,3,Low
INC-2022-0709,2022-04-07,2022,April,Thursday,Evening,Telangana,Hyderabad,Hitec City,Public Park,Vehicle Theft,Property Crime,Medium,23,Male,Clear,No,0,Low
INC-2022-0139,2022-04-06,2022,April,Wednesday,Morning,Telangana,Hyderabad,Charminar Heritage,Transit Station,Theft,Property Crime,Low,18,Other,Clear,No,11,High
INC-2022-0794,2022-04-06,2022,April,Wednesday,Afternoon,Telangana,Hyderabad,Banjara Hills,Street,Vehicle Theft,Property Crime,Medium,32,Male,Clear,No,4,Low
INC-2022-1836,2022-04-06,2022,April,Wednesday,Afternoon,Delhi (NCT),Delhi,Connaught Place,Parking Complex,Vehicle Theft,Property Crime,Medium,38,Male,Rainy,No,8,High
INC-2022-1106,2022-04-06,2022,April,Wednesday,Morning,Karnataka,Bengaluru,MG Road Central,Transit Station,Vehicle Theft,Property Crime,Medium,35,Male,Cloudy,No,2,Low
INC-2022-2154,2022-04-05,2022,April,Tuesday,Afternoon,Gujarat,Ahmedabad,SG Highway,Parking Complex,Burglary,Property Crime,Medium,24,Male,Clear,No,3,Low
INC-2022-1799,2022-04-04,2022,April,Monday,Morning,Telangana,Hyderabad,Charminar Heritage,Street,Theft,Property Crime,Low,18,Female,Clear,No,8,Medium
INC-2022-2041,2022-04-04,2022,April,Monday,Morning,Gujarat,Ahmedabad,Paldi,Parking Complex,Robbery,Violent Crime,Medium,29,Female,Clear,No,0,Low
INC-2022-0659,2022-04-04,2022,April,Monday,Morning,Gujarat,Ahmedabad,Navrangpura,Street,Cyber Fraud,Financial Crime,Low,20,Male,Clear,No,4,Medium
INC-2022-0390,2022-04-04,2022,April,Monday,Morning,Gujarat,Ahmedabad,SG Highway,Residential,Burglary,Property Crime,Medium,19,Female,Clear,No,1,Low
INC-2022-1704,2022-04-03,2022,April,Sunday,Afternoon,Maharashtra,Pune,Viman Nagar,Street,Vehicle Theft,Property Crime,Medium,28,Female,Clear,No,5,Low
INC-2022-1122,2022-04-03,2022,April,Sunday,Night,Maharashtra,Pune,Shivaji Nagar,Commercial Market,Robbery,Violent Crime,Medium,28,Male,Rainy,No,2,Medium
INC-2022-0967,2022-04-02,2022,April,Saturday,Evening,Delhi (NCT),Delhi,Karol Bagh,Parking Complex,Theft,Property Crime,Low,43,Male,Rainy,No,3,Medium
INC-2022-2311,2022-04-01,2022,April,Friday,Night,West Bengal,Kolkata,Howrah,Public Park,Theft,Property Crime,Low,33,Male,Rainy,No,10,High
INC-2022-2005,2022-03-31,2022,March,Thursday,Afternoon,West Bengal,Kolkata,Howrah,Residential,Theft,Property Crime,Low,33,Female,Rainy,No,4,Medium
INC-2022-0165,2022-03-30,2022,March,Wednesday,Night,Telangana,Hyderabad,Secunderabad,Commercial Market,Burglary,Property Crime,Medium,22,Male,Rainy,No,4,Medium
INC-2022-2309,2022-03-30,2022,March,Wednesday,Evening,Gujarat,Ahmedabad,Sabarmati,Commercial Market,Theft,Property Crime,Low,19,Female,Clear,No,6,High
INC-2022-1543,2022-03-30,2022,March,Wednesday,Afternoon,Karnataka,Bengaluru,Whitefield,Parking Complex,Assault,Violent Crime,High,32,Male,Clear,No,4,Low
INC-2022-0757,2022-03-29,2022,March,Tuesday,Morning,Gujarat,Ahmedabad,Navrangpura,Public Park,Assault,Violent Crime,High,22,Male,Cloudy,No,5,Medium
INC-2022-1374,2022-03-29,2022,March,Tuesday,Afternoon,West Bengal,Kolkata,New Town,Commercial Market,Theft,Property Crime,Low,18,Male,Clear,No,1,Low
INC-2022-0885,2022-03-29,2022,March,Tuesday,Evening,Maharashtra,Mumbai,Dadar,Commercial Market,Vandalism,Public Order,Low,45,Male,Clear,No,3,Medium
INC-2022-1603,2022-03-28,2022,March,Monday,Evening,Maharashtra,Mumbai,Colaba,Commercial Market,Robbery,Violent Crime,Medium,34,Male,Clear,No,1,Medium
INC-2022-1447,2022-03-27,2022,March,Sunday,Night,Delhi (NCT),Delhi,Karol Bagh,Commercial Market,Cyber Fraud,Financial Crime,Low,47,Female,Cloudy,No,4,Medium
INC-2022-0547,2022-03-27,2022,March,Sunday,Night,West Bengal,Kolkata,Esplanade,Transit Station,Vehicle Theft,Property Crime,Medium,31,Female,Cloudy,No,10,High
INC-2022-1003,2022-03-27,2022,March,Sunday,Evening,Tamil Nadu,Chennai,Guindy,Residential,Vandalism,Public Order,Low,20,Female,Clear,No,4,Medium
INC-2022-2012,2022-03-27,2022,March,Sunday,Night,Telangana,Hyderabad,Gachibowli,Residential,Vehicle Theft,Property Crime,Medium,24,Male,Cloudy,No,1,Low
INC-2022-0981,2022-03-27,2022,March,Sunday,Evening,West Bengal,Kolkata,Esplanade,Street,Assault,Violent Crime,High,31,Male,Clear,No,4,High
INC-2022-1415,2022-03-26,2022,March,Saturday,Afternoon,Tamil Nadu,Chennai,T. Nagar,Transit Station,Theft,Property Crime,Low,57,Female,Clear,No,9,High
INC-2022-2147,2022-03-25,2022,March,Friday,Night,Karnataka,Bengaluru,Whitefield,Public Park,Theft,Property Crime,Low,18,Female,Clear,No,4,Low
INC-2022-0693,2022-03-25,2022,March,Friday,Morning,Maharashtra,Pune,Shivaji Nagar,Public Park,Theft,Property Crime,Low,43,Female,Clear,No,4,Low
INC-2022-0032,2022-03-25,2022,March,Friday,Night,Gujarat,Ahmedabad,SG Highway,Street,Theft,Property Crime,Low,40,Female,Rainy,No,4,Medium
INC-2022-2067,2022-03-24,2022,March,Thursday,Evening,Delhi (NCT),Delhi,Rohini,Parking Complex,Theft,Property Crime,Low,40,Male,Clear,No,4,Medium
INC-2022-1861,2022-03-24,2022,March,Thursday,Afternoon,West Bengal,Kolkata,Howrah,Commercial Market,Vandalism,Public Order,Low,37,Female,Clear,No,10,High
INC-2022-1138,2022-03-24,2022,March,Thursday,Night,Tamil Nadu,Chennai,Adyar,Transit Station,Vandalism,Public Order,Low,23,Female,Cloudy,Yes,3,Medium
INC-2022-1191,2022-03-24,2022,March,Thursday,Evening,Maharashtra,Mumbai,Colaba,Public Park,Vehicle Theft,Property Crime,Medium,37,Male,Rainy,No,1,Low
INC-2022-0928,2022-03-24,2022,March,Thursday,Night,Telangana,Hyderabad,Banjara Hills,Transit Station,Theft,Property Crime,Low,33,Male,Clear,Yes,3,Medium
INC-2022-0128,2022-03-24,2022,March,Thursday,Morning,Gujarat,Ahmedabad,Sabarmati,Residential,Robbery,Violent Crime,Medium,29,Female,Clear,No,4,Low
INC-2022-1480,2022-03-24,2022,March,Thursday,Morning,Telangana,Hyderabad,Secunderabad,Public Park,Theft,Property Crime,Low,40,Female,Rainy,No,5,Low
INC-2022-0156,2022-03-23,2022,March,Wednesday,Morning,Telangana,Hyderabad,Gachibowli,Commercial Market,Cyber Fraud,Financial Crime,Low,38,Male,Clear,No,3,Low
INC-2022-0033,2022-03-23,2022,March,Wednesday,Afternoon,Gujarat,Ahmedabad,SG Highway,Street,Vandalism,Public Order,Low,20,Male,Cloudy,No,3,Low
INC-2022-1702,2022-03-22,2022,March,Tuesday,Night,Delhi (NCT),Delhi,Connaught Place,Street,Vehicle Theft,Property Crime,Medium,18,Male,Cloudy,No,6,High
INC-2022-0719,2022-03-22,2022,March,Tuesday,Evening,Karnataka,Bengaluru,Jayanagar,Street,Burglary,Property Crime,Medium,24,Other,Clear,No,3,Medium
INC-2022-2008,2022-03-21,2022,March,Monday,Night,Delhi (NCT),Delhi,Karol Bagh,Parking Complex,Vandalism,Public Order,Low,33,Male,Clear,No,1,Medium
INC-2022-2141,2022-03-20,2022,March,Sunday,Morning,West Bengal,Kolkata,Park Street,Public Park,Theft,Property Crime,Low,41,Male,Clear,No,4,Low
INC-2022-0132,2022-03-18,2022,March,Friday,Morning,West Bengal,Kolkata,Park Street,Commercial Market,Theft,Property Crime,Low,38,Female,Clear,No,3,Low
INC-2022-1491,2022-03-18,2022,March,Friday,Night,Maharashtra,Pune,Camp Cantonment,Street,Cyber Fraud,Financial Crime,Low,45,Male,Rainy,No,8,High
INC-2022-2334,2022-03-18,2022,March,Friday,Afternoon,Maharashtra,Pune,Viman Nagar,Public Park,Vehicle Theft,Property Crime,Medium,29,Male,Clear,No,2,Low
INC-2022-0961,2022-03-17,2022,March,Thursday,Night,West Bengal,Kolkata,Esplanade,Residential,Robbery,Violent Crime,Medium,36,Male,Clear,No,10,High
INC-2022-0097,2022-03-17,2022,March,Thursday,Evening,Gujarat,Ahmedabad,Maninagar,Residential,Assault,Violent Crime,High,45,Female,Rainy,No,0,Low
INC-2022-0449,2022-03-16,2022,March,Wednesday,Afternoon,Tamil Nadu,Chennai,Anna Nagar,Public Park,Assault,Violent Crime,High,19,Female,Rainy,No,3,Low
INC-2022-2207,2022-03-16,2022,March,Wednesday,Afternoon,Gujarat,Ahmedabad,Maninagar,Public Park,Cyber Fraud,Financial Crime,Low,32,Other,Cloudy,No,2,Low
INC-2022-1822,2022-03-15,2022,March,Tuesday,Evening,Telangana,Hyderabad,Banjara Hills,Street,Burglary,Property Crime,Medium,35,Male,Clear,No,1,Low
INC-2022-2004,2022-03-14,2022,March,Monday,Evening,Maharashtra,Mumbai,Bandra,Parking Complex,Theft,Property Crime,Low,38,Male,Clear,No,8,High
INC-2022-0943,2022-03-14,2022,March,Monday,Evening,Maharashtra,Mumbai,Dadar,Public Park,Burglary,Property Crime,Medium,18,Male,Clear,No,3,Medium
INC-2022-0479,2022-03-14,2022,March,Monday,Afternoon,Tamil Nadu,Chennai,Velachery,Residential,Theft,Property Crime,Low,29,Male,Cloudy,No,2,Low
INC-2022-0303,2022-03-13,2022,March,Sunday,Afternoon,Tamil Nadu,Chennai,Guindy,Public Park,Assault,Violent Crime,High,18,Male,Clear,No,5,Low
INC-2022-0359,2022-03-13,2022,March,Sunday,Morning,West Bengal,Kolkata,Howrah,Parking Complex,Robbery,Violent Crime,Medium,45,Female,Clear,Yes,5,Medium
INC-2022-1893,2022-03-13,2022,March,Sunday,Morning,Maharashtra,Mumbai,Andheri,Residential,Burglary,Property Crime,Medium,43,Female,Cloudy,No,7,Medium
INC-2022-1927,2022-03-12,2022,March,Saturday,Evening,Delhi (NCT),Delhi,Karol Bagh,Public Park,Theft,Property Crime,Low,35,Female,Rainy,No,3,Medium
INC-2022-1136,2022-03-10,2022,March,Thursday,Evening,Telangana,Hyderabad,Madhapur,Public Park,Vehicle Theft,Property Crime,Medium,41,Female,Clear,No,6,Medium
INC-2022-1530,2022-03-10,2022,March,Thursday,Morning,Gujarat,Ahmedabad,Sabarmati,Street,Vehicle Theft,Property Crime,Medium,34,Male,Clear,No,4,Low
INC-2022-0767,2022-03-09,2022,March,Wednesday,Morning,Karnataka,Bengaluru,Jayanagar,Commercial Market,Vehicle Theft,Property Crime,Medium,47,Male,Clear,No,3,Low
INC-2022-1479,2022-03-08,2022,March,Tuesday,Evening,Delhi (NCT),Delhi,Old Delhi,Street,Robbery,Violent Crime,Medium,43,Female,Clear,No,5,High
INC-2022-0029,2022-03-08,2022,March,Tuesday,Evening,Tamil Nadu,Chennai,Adyar,Parking Complex,Vehicle Theft,Property Crime,Medium,18,Female,Rainy,No,2,Medium
INC-2022-0368,2022-03-07,2022,March,Monday,Night,West Bengal,Kolkata,Salt Lake,Parking Complex,Cyber Fraud,Financial Crime,Low,46,Female,Clear,No,4,Medium
INC-2022-1608,2022-03-07,2022,March,Monday,Morning,Tamil Nadu,Chennai,Adyar,Parking Complex,Assault,Violent Crime,High,42,Other,Clear,No,2,Low
INC-2022-1766,2022-03-06,2022,March,Sunday,Morning,Tamil Nadu,Chennai,T. Nagar,Parking Complex,Burglary,Property Crime,Medium,33,Male,Clear,No,6,High
INC-2022-0650,2022-03-06,2022,March,Sunday,Afternoon,West Bengal,Kolkata,Salt Lake,Street,Cyber Fraud,Financial Crime,Low,24,Male,Clear,No,3,Low
INC-2022-0091,2022-03-05,2022,March,Saturday,Evening,Telangana,Hyderabad,Madhapur,Parking Complex,Burglary,Property Crime,Medium,34,Male,Cloudy,No,5,Medium
INC-2022-0881,2022-03-05,2022,March,Saturday,Afternoon,Telangana,Hyderabad,Secunderabad,Commercial Market,Cyber Fraud,Financial Crime,Low,30,Female,Clear,Yes,3,Medium
INC-2022-2115,2022-03-04,2022,March,Friday,Night,Gujarat,Ahmedabad,Maninagar,Transit Station,Robbery,Violent Crime,Medium,26,Male,Clear,No,4,Medium
INC-2022-0672,2022-03-04,2022,March,Friday,Night,Gujarat,Ahmedabad,Paldi,Transit Station,Assault,Violent Crime,High,31,Female,Clear,No,0,Medium
INC-2022-0433,2022-03-03,2022,March,Thursday,Night,Gujarat,Ahmedabad,Paldi,Parking Complex,Vandalism,Public Order,Low,41,Male,Rainy,No,4,Medium
INC-2022-0177,2022-03-02,2022,March,Wednesday,Night,Tamil Nadu,Chennai,Anna Nagar,Transit Station,Theft,Property Crime,Low,43,Other,Clear,No,4,Medium
INC-2022-1616,2022-03-02,2022,March,Wednesday,Afternoon,Telangana,Hyderabad,Banjara Hills,Transit Station,Theft,Property Crime,Low,33,Male,Cloudy,No,4,Low
INC-2022-1038,2022-03-01,2022,March,Tuesday,Evening,Gujarat,Ahmedabad,Sabarmati,Commercial Market,Assault,Violent Crime,High,50,Female,Clear,No,1,Low
INC-2022-1849,2022-03-01,2022,March,Tuesday,Morning,Gujarat,Ahmedabad,Maninagar,Residential,Vehicle Theft,Property Crime,Medium,38,Male,Cloudy,No,3,Low
INC-2022-0593,2022-02-28,2022,February,Monday,Afternoon,Delhi (NCT),Delhi,Connaught Place,Residential,Vandalism,Public Order,Low,36,Male,Clear,No,2,Medium
INC-2022-0598,2022-02-27,2022,February,Sunday,Afternoon,Karnataka,Bengaluru,MG Road Central,Parking Complex,Theft,Property Crime,Low,18,Male,Rainy,No,1,Low
INC-2022-0551,2022-02-27,2022,February,Sunday,Morning,Tamil Nadu,Chennai,T. Nagar,Residential,Burglary,Property Crime,Medium,44,Male,Clear,No,1,Low
INC-2022-1341,2022-02-26,2022,February,Saturday,Evening,Karnataka,Bengaluru,Whitefield,Commercial Market,Theft,Property Crime,Low,44,Male,Clear,No,1,Low
INC-2022-1097,2022-02-26,2022,February,Saturday,Afternoon,Gujarat,Ahmedabad,Navrangpura,Public Park,Theft,Property Crime,Low,25,Female,Clear,No,6,Medium
INC-2022-2146,2022-02-25,2022,February,Friday,Night,Karnataka,Bengaluru,Whitefield,Public Park,Vehicle Theft,Property Crime,Medium,34,Female,Cloudy,No,1,Low
INC-2022-1705,2022-02-24,2022,February,Thursday,Night,Delhi (NCT),Delhi,Connaught Place,Commercial Market,Cyber Fraud,Financial Crime,Low,18,Male,Clear,No,8,High
INC-2022-1332,2022-02-24,2022,February,Thursday,Afternoon,Karnataka,Bengaluru,Electronic City,Transit Station,Robbery,Violent Crime,Medium,52,Female,Clear,No,4,Low
INC-2022-0426,2022-02-24,2022,February,Thursday,Afternoon,Gujarat,Ahmedabad,Paldi,Public Park,Burglary,Property Crime,Medium,43,Female,Clear,No,5,Low
INC-2022-1473,2022-02-23,2022,February,Wednesday,Morning,Delhi (NCT),Delhi,Connaught Place,Street,Cyber Fraud,Financial Crime,Low,24,Female,Clear,No,6,High
INC-2022-1399,2022-02-22,2022,February,Tuesday,Night,Karnataka,Bengaluru,Electronic City,Commercial Market,Cyber Fraud,Financial Crime,Low,18,Female,Cloudy,No,3,Medium
INC-2022-0140,2022-02-22,2022,February,Tuesday,Evening,Maharashtra,Pune,Baner,Commercial Market,Vehicle Theft,Property Crime,Medium,50,Male,Clear,No,1,Medium
INC-2022-0125,2022-02-21,2022,February,Monday,Evening,West Bengal,Kolkata,Esplanade,Commercial Market,Robbery,Violent Crime,Medium,35,Male,Rainy,No,11,High
INC-2022-1827,2022-02-21,2022,February,Monday,Afternoon,Tamil Nadu,Chennai,Marina Beachfront,Parking Complex,Assault,Violent Crime,High,35,Female,Foggy,No,2,Low
INC-2022-1856,2022-02-20,2022,February,Sunday,Evening,Delhi (NCT),Delhi,Rohini,Commercial Market,Vandalism,Public Order,Low,32,Male,Clear,No,0,Medium
INC-2022-1889,2022-02-20,2022,February,Sunday,Evening,West Bengal,Kolkata,Salt Lake,Public Park,Vehicle Theft,Property Crime,Medium,21,Female,Clear,No,3,Low
INC-2022-1263,2022-02-19,2022,February,Saturday,Evening,Tamil Nadu,Chennai,Adyar,Street,Robbery,Violent Crime,Medium,37,Female,Clear,No,1,Low
INC-2022-0966,2022-02-19,2022,February,Saturday,Evening,Delhi (NCT),Delhi,Dwarka,Commercial Market,Theft,Property Crime,Low,28,Female,Clear,No,4,Medium
INC-2022-0584,2022-02-19,2022,February,Saturday,Evening,Telangana,Hyderabad,Charminar Heritage,Public Park,Vehicle Theft,Property Crime,Medium,27,Female,Clear,No,4,High
INC-2022-0805,2022-02-19,2022,February,Saturday,Morning,Tamil Nadu,Chennai,Guindy,Transit Station,Vandalism,Public Order,Low,35,Female,Clear,No,4,Low
INC-2022-1604,2022-02-18,2022,February,Friday,Evening,Telangana,Hyderabad,Banjara Hills,Transit Station,Vehicle Theft,Property Crime,Medium,18,Female,Clear,No,0,Medium
INC-2022-0730,2022-02-18,2022,February,Friday,Night,West Bengal,Kolkata,Esplanade,Parking Complex,Vehicle Theft,Property Crime,Medium,44,Male,Rainy,No,9,High
INC-2022-1918,2022-02-18,2022,February,Friday,Evening,Karnataka,Bengaluru,MG Road Central,Transit Station,Assault,Violent Crime,High,22,Male,Clear,No,5,Medium
INC-2022-1139,2022-02-18,2022,February,Friday,Morning,Telangana,Hyderabad,Gachibowli,Public Park,Burglary,Property Crime,Medium,31,Male,Clear,No,2,Low
INC-2022-1748,2022-02-17,2022,February,Thursday,Afternoon,Karnataka,Bengaluru,MG Road Central,Commercial Market,Theft,Property Crime,Low,48,Female,Clear,No,2,Low
INC-2022-0677,2022-02-16,2022,February,Wednesday,Evening,Gujarat,Ahmedabad,Paldi,Residential,Theft,Property Crime,Low,18,Female,Clear,No,2,Low
INC-2022-0944,2022-02-13,2022,February,Sunday,Night,Maharashtra,Pune,Camp Cantonment,Public Park,Cyber Fraud,Financial Crime,Low,47,Male,Clear,No,6,High
INC-2022-0210,2022-02-13,2022,February,Sunday,Afternoon,Tamil Nadu,Chennai,Velachery,Transit Station,Theft,Property Crime,Low,18,Female,Clear,No,5,Low
INC-2022-0824,2022-02-13,2022,February,Sunday,Evening,Maharashtra,Mumbai,Bandra,Public Park,Cyber Fraud,Financial Crime,Low,34,Female,Rainy,No,3,Medium
INC-2022-0239,2022-02-12,2022,February,Saturday,Evening,Karnataka,Bengaluru,Koramangala,Public Park,Burglary,Property Crime,Medium,33,Male,Rainy,No,2,Low
INC-2022-1686,2022-02-10,2022,February,Thursday,Afternoon,Delhi (NCT),Delhi,Karol Bagh,Transit Station,Cyber Fraud,Financial Crime,Low,25,Male,Clear,No,4,Medium
INC-2022-0255,2022-02-09,2022,February,Wednesday,Morning,West Bengal,Kolkata,Park Street,Transit Station,Burglary,Property Crime,Medium,24,Male,Clear,No,2,Low
INC-2022-0240,2022-02-09,2022,February,Wednesday,Morning,Delhi (NCT),Delhi,Rohini,Parking Complex,Vehicle Theft,Property Crime,Medium,46,Female,Clear,No,3,Medium
INC-2022-2116,2022-02-08,2022,February,Tuesday,Evening,Telangana,Hyderabad,Madhapur,Public Park,Cyber Fraud,Financial Crime,Low,19,Female,Clear,No,4,Low
INC-2022-2252,2022-02-07,2022,February,Monday,Evening,Telangana,Hyderabad,Banjara Hills,Commercial Market,Vehicle Theft,Property Crime,Medium,33,Female,Rainy,No,9,High
INC-2022-2395,2022-02-05,2022,February,Saturday,Evening,Delhi (NCT),Delhi,Old Delhi,Street,Vandalism,Public Order,Low,28,Male,Clear,No,4,High
INC-2022-0729,2022-02-04,2022,February,Friday,Night,Delhi (NCT),Delhi,Old Delhi,Transit Station,Cyber Fraud,Financial Crime,Low,31,Female,Rainy,No,8,High
INC-2022-1544,2022-02-03,2022,February,Thursday,Morning,Telangana,Hyderabad,Gachibowli,Parking Complex,Vandalism,Public Order,Low,40,Female,Rainy,No,4,Low
INC-2022-1589,2022-02-03,2022,February,Thursday,Evening,Maharashtra,Mumbai,Fort Downtown,Commercial Market,Assault,Violent Crime,High,18,Male,Foggy,No,6,High
INC-2022-1290,2022-02-03,2022,February,Thursday,Morning,Delhi (NCT),Delhi,Old Delhi,Parking Complex,Cyber Fraud,Financial Crime,Low,27,Female,Clear,No,6,High
INC-2022-1627,2022-02-02,2022,February,Wednesday,Afternoon,Telangana,Hyderabad,Charminar Heritage,Residential,Theft,Property Crime,Low,43,Female,Clear,No,7,Medium
INC-2022-1636,2022-02-01,2022,February,Tuesday,Morning,Tamil Nadu,Chennai,Guindy,Parking Complex,Vehicle Theft,Property Crime,Medium,28,Male,Clear,No,2,Low
INC-2022-2239,2022-01-31,2022,January,Monday,Afternoon,Karnataka,Bengaluru,Electronic City,Residential,Cyber Fraud,Financial Crime,Low,46,Male,Clear,No,2,Low
INC-2022-2125,2022-01-30,2022,January,Sunday,Evening,Maharashtra,Pune,Shivaji Nagar,Transit Station,Assault,Violent Crime,High,43,Female,Clear,No,4,Medium
INC-2022-0752,2022-01-30,2022,January,Sunday,Evening,Karnataka,Bengaluru,Koramangala,Street,Vehicle Theft,Property Crime,Medium,40,Male,Rainy,No,0,Low
INC-2022-0296,2022-01-30,2022,January,Sunday,Evening,Delhi (NCT),Delhi,Dwarka,Street,Robbery,Violent Crime,Medium,26,Female,Clear,No,2,Low
INC-2022-0621,2022-01-29,2022,January,Saturday,Afternoon,Tamil Nadu,Chennai,Velachery,Transit Station,Vehicle Theft,Property Crime,Medium,27,Female,Clear,No,0,Low
INC-2022-0895,2022-01-28,2022,January,Friday,Afternoon,Maharashtra,Pune,Kothrud,Street,Cyber Fraud,Financial Crime,Low,33,Male,Cloudy,No,4,Low
INC-2022-2371,2022-01-27,2022,January,Thursday,Morning,Telangana,Hyderabad,Hitec City,Transit Station,Theft,Property Crime,Low,18,Male,Clear,No,2,Low
INC-2022-0945,2022-01-27,2022,January,Thursday,Night,Tamil Nadu,Chennai,T. Nagar,Transit Station,Vandalism,Public Order,Low,32,Male,Cloudy,No,11,High
INC-2022-0725,2022-01-27,2022,January,Thursday,Night,West Bengal,Kolkata,Park Street,Public Park,Vandalism,Public Order,Low,42,Male,Clear,No,1,Low
INC-2022-1612,2022-01-25,2022,January,Tuesday,Night,Telangana,Hyderabad,Gachibowli,Residential,Theft,Property Crime,Low,29,Female,Clear,No,4,Medium
INC-2022-0588,2022-01-25,2022,January,Tuesday,Morning,Karnataka,Bengaluru,Indiranagar,Transit Station,Burglary,Property Crime,Medium,35,Male,Cloudy,No,5,Low
INC-2022-1390,2022-01-24,2022,January,Monday,Night,West Bengal,Kolkata,Park Street,Parking Complex,Theft,Property Crime,Low,27,Male,Clear,No,5,Medium
INC-2022-2142,2022-01-23,2022,January,Sunday,Morning,Maharashtra,Pune,Hinjewadi IT Park,Residential,Vehicle Theft,Property Crime,Medium,37,Male,Clear,No,1,Low
INC-2022-0548,2022-01-22,2022,January,Saturday,Afternoon,Karnataka,Bengaluru,MG Road Central,Commercial Market,Vehicle Theft,Property Crime,Medium,24,Other,Rainy,No,3,Low
INC-2022-1370,2022-01-22,2022,January,Saturday,Afternoon,West Bengal,Kolkata,Esplanade,Public Park,Theft,Property Crime,Low,32,Female,Clear,No,9,Medium
INC-2022-2247,2022-01-21,2022,January,Friday,Morning,Gujarat,Ahmedabad,Sabarmati,Residential,Vehicle Theft,Property Crime,Medium,36,Male,Rainy,No,2,Low
INC-2022-1617,2022-01-21,2022,January,Friday,Morning,Telangana,Hyderabad,Madhapur,Public Park,Robbery,Violent Crime,Medium,42,Male,Clear,No,2,Low
INC-2022-1949,2022-01-20,2022,January,Thursday,Night,Telangana,Hyderabad,Gachibowli,Transit Station,Vandalism,Public Order,Low,41,Male,Clear,No,5,Medium
INC-2022-2316,2022-01-20,2022,January,Thursday,Night,Gujarat,Ahmedabad,Maninagar,Residential,Cyber Fraud,Financial Crime,Low,26,Male,Clear,No,4,Medium
INC-2022-0850,2022-01-20,2022,January,Thursday,Afternoon,West Bengal,Kolkata,New Town,Residential,Burglary,Property Crime,Medium,39,Male,Clear,No,3,Low
INC-2022-0476,2022-01-19,2022,January,Wednesday,Afternoon,Telangana,Hyderabad,Madhapur,Transit Station,Theft,Property Crime,Low,56,Female,Clear,No,3,Low
INC-2022-0499,2022-01-19,2022,January,Wednesday,Evening,Tamil Nadu,Chennai,Guindy,Transit Station,Theft,Property Crime,Low,37,Female,Rainy,No,4,Medium
INC-2022-1818,2022-01-18,2022,January,Tuesday,Evening,West Bengal,Kolkata,Ballygunge,Street,Cyber Fraud,Financial Crime,Low,18,Female,Cloudy,No,4,Low
INC-2022-0743,2022-01-18,2022,January,Tuesday,Evening,Gujarat,Ahmedabad,Paldi,Parking Complex,Burglary,Property Crime,Medium,46,Male,Rainy,No,6,High
INC-2022-0776,2022-01-18,2022,January,Tuesday,Evening,Maharashtra,Mumbai,Harbor Docklands,Commercial Market,Vehicle Theft,Property Crime,Medium,35,Male,Clear,No,4,High
INC-2022-0532,2022-01-17,2022,January,Monday,Evening,Tamil Nadu,Chennai,Anna Nagar,Residential,Theft,Property Crime,Low,39,Male,Clear,No,4,Low
INC-2022-1882,2022-01-17,2022,January,Monday,Evening,Karnataka,Bengaluru,Electronic City,Transit Station,Robbery,Violent Crime,Medium,36,Female,Clear,No,4,Medium
INC-2022-1052,2022-01-16,2022,January,Sunday,Afternoon,Delhi (NCT),Delhi,Dwarka,Residential,Burglary,Property Crime,Medium,28,Male,Clear,No,1,Low
INC-2022-0323,2022-01-15,2022,January,Saturday,Afternoon,Gujarat,Ahmedabad,SG Highway,Public Park,Theft,Property Crime,Low,31,Male,Clear,No,5,Low
INC-2022-2127,2022-01-14,2022,January,Friday,Morning,Karnataka,Bengaluru,Koramangala,Public Park,Theft,Property Crime,Low,33,Female,Clear,No,6,Low
INC-2022-1107,2022-01-14,2022,January,Friday,Night,West Bengal,Kolkata,Park Street,Residential,Assault,Violent Crime,High,26,Male,Clear,No,6,Medium
INC-2022-1209,2022-01-14,2022,January,Friday,Afternoon,Tamil Nadu,Chennai,Guindy,Commercial Market,Vehicle Theft,Property Crime,Medium,25,Male,Cloudy,Yes,5,Medium
INC-2022-2224,2022-01-13,2022,January,Thursday,Evening,West Bengal,Kolkata,Ballygunge,Commercial Market,Assault,Violent Crime,High,26,Female,Clear,No,1,Medium
INC-2022-0034,2022-01-13,2022,January,Thursday,Morning,Tamil Nadu,Chennai,Marina Beachfront,Commercial Market,Theft,Property Crime,Low,19,Female,Rainy,No,5,Low
INC-2022-1293,2022-01-12,2022,January,Wednesday,Afternoon,Telangana,Hyderabad,Charminar Heritage,Commercial Market,Robbery,Violent Crime,Medium,30,Male,Foggy,No,6,High
INC-2022-1664,2022-01-12,2022,January,Wednesday,Evening,Telangana,Hyderabad,Charminar Heritage,Commercial Market,Burglary,Property Crime,Medium,33,Other,Clear,No,9,High
INC-2022-1906,2022-01-11,2022,January,Tuesday,Afternoon,West Bengal,Kolkata,New Town,Public Park,Burglary,Property Crime,Medium,18,Female,Clear,No,2,Low
INC-2022-1166,2022-01-11,2022,January,Tuesday,Evening,Telangana,Hyderabad,Hitec City,Street,Vehicle Theft,Property Crime,Medium,46,Male,Clear,No,3,Medium
INC-2022-2326,2022-01-10,2022,January,Monday,Morning,Tamil Nadu,Chennai,T. Nagar,Street,Vandalism,Public Order,Low,18,Male,Clear,No,8,Medium
INC-2022-2209,2022-01-09,2022,January,Sunday,Afternoon,Karnataka,Bengaluru,Electronic City,Street,Cyber Fraud,Financial Crime,Low,43,Female,Clear,No,3,Low
INC-2022-1654,2022-01-09,2022,January,Sunday,Night,West Bengal,Kolkata,Ballygunge,Parking Complex,Vehicle Theft,Property Crime,Medium,33,Female,Rainy,No,2,Medium
INC-2022-1957,2022-01-09,2022,January,Sunday,Night,Delhi (NCT),Delhi,Old Delhi,Residential,Robbery,Violent Crime,Medium,21,Female,Clear,Yes,10,High
INC-2022-0815,2022-01-09,2022,January,Sunday,Night,West Bengal,Kolkata,Esplanade,Parking Complex,Burglary,Property Crime,Medium,18,Female,Clear,No,4,High
INC-2022-0192,2022-01-08,2022,January,Saturday,Evening,Delhi (NCT),Delhi,Karol Bagh,Street,Burglary,Property Crime,Medium,27,Female,Cloudy,No,3,Medium
INC-2022-0993,2022-01-07,2022,January,Friday,Night,Delhi (NCT),Delhi,South Delhi,Residential,Vehicle Theft,Property Crime,Medium,21,Male,Clear,No,0,Low
INC-2022-1909,2022-01-07,2022,January,Friday,Afternoon,Tamil Nadu,Chennai,Anna Nagar,Parking Complex,Theft,Property Crime,Low,30,Male,Clear,No,3,Low
INC-2022-1964,2022-01-07,2022,January,Friday,Morning,Maharashtra,Pune,Viman Nagar,Public Park,Theft,Property Crime,Low,35,Male,Clear,No,1,Low
INC-2022-2211,2022-01-07,2022,January,Friday,Morning,Maharashtra,Mumbai,Colaba,Parking Complex,Theft,Property Crime,Low,33,Male,Cloudy,No,0,Low
INC-2022-2229,2022-01-07,2022,January,Friday,Morning,Maharashtra,Pune,Baner,Street,Cyber Fraud,Financial Crime,Low,19,Female,Rainy,Yes,2,Low
INC-2022-1984,2022-01-07,2022,January,Friday,Morning,Delhi (NCT),Delhi,Connaught Place,Parking Complex,Cyber Fraud,Financial Crime,Low,47,Female,Clear,No,6,High
INC-2022-1867,2022-01-05,2022,January,Wednesday,Afternoon,Karnataka,Bengaluru,Jayanagar,Parking Complex,Burglary,Property Crime,Medium,30,Female,Clear,No,6,Medium
INC-2022-1040,2022-01-03,2022,January,Monday,Afternoon,Telangana,Hyderabad,Banjara Hills,Public Park,Burglary,Property Crime,Medium,24,Female,Clear,No,5,Low
INC-2022-0223,2022-01-03,2022,January,Monday,Night,Tamil Nadu,Chennai,Adyar,Commercial Market,Burglary,Property Crime,Medium,60,Female,Clear,No,2,Low
INC-2022-0375,2022-01-03,2022,January,Monday,Morning,Tamil Nadu,Chennai,Velachery,Transit Station,Theft,Property Crime,Low,45,Male,Rainy,No,5,Low
INC-2022-0181,2022-01-02,2022,January,Sunday,Afternoon,Tamil Nadu,Chennai,Velachery,Street,Theft,Property Crime,Low,38,Female,Clear,No,3,Low
INC-2022-1403,2022-01-02,2022,January,Sunday,Night,Karnataka,Bengaluru,Jayanagar,Street,Assault,Violent Crime,High,52,Male,Rainy,No,1,Low
INC-2022-1221,2022-01-01,2022,January,Saturday,Morning,Karnataka,Bengaluru,MG Road Central,Parking Complex,Cyber Fraud,Financial Crime,Low,52,Male,Clear,No,2,Low
INC-2022-1572,2022-01-01,2022,January,Saturday,Evening,West Bengal,Kolkata,New Town,Street,Assault,Violent Crime,High,25,Female,Clear,No,4,Low
INC-2021-2257,2021-12-29,2021,December,Wednesday,Afternoon,Delhi (NCT),Delhi,South Delhi,Public Park,Robbery,Violent Crime,Medium,48,Male,Cloudy,No,2,Low
INC-2021-0874,2021-12-29,2021,December,Wednesday,Afternoon,West Bengal,Kolkata,New Town,Parking Complex,Vandalism,Public Order,Low,33,Male,Cloudy,No,3,Low
INC-2021-2203,2021-12-29,2021,December,Wednesday,Morning,Gujarat,Ahmedabad,SG Highway,Street,Theft,Property Crime,Low,25,Female,Clear,No,3,Low
INC-2021-1786,2021-12-29,2021,December,Wednesday,Afternoon,Tamil Nadu,Chennai,Guindy,Transit Station,Vandalism,Public Order,Low,18,Male,Rainy,No,3,Low
INC-2021-0973,2021-12-28,2021,December,Tuesday,Night,Gujarat,Ahmedabad,Satellite,Transit Station,Burglary,Property Crime,Medium,28,Male,Clear,No,2,Low
INC-2021-0764,2021-12-28,2021,December,Tuesday,Evening,West Bengal,Kolkata,Esplanade,Residential,Cyber Fraud,Financial Crime,Low,46,Male,Clear,No,6,High
INC-2021-1863,2021-12-28,2021,December,Tuesday,Night,Delhi (NCT),Delhi,South Delhi,Parking Complex,Cyber Fraud,Financial Crime,Low,35,Male,Clear,No,1,Medium
INC-2021-0107,2021-12-26,2021,December,Sunday,Night,Gujarat,Ahmedabad,Maninagar,Commercial Market,Theft,Property Crime,Low,43,Male,Rainy,No,2,Medium
INC-2021-0997,2021-12-26,2021,December,Sunday,Afternoon,Delhi (NCT),Delhi,Karol Bagh,Street,Cyber Fraud,Financial Crime,Low,18,Male,Clear,No,5,Low
INC-2021-2134,2021-12-25,2021,December,Saturday,Evening,Tamil Nadu,Chennai,Marina Beachfront,Transit Station,Assault,Violent Crime,High,47,Male,Clear,No,2,Medium
INC-2021-1213,2021-12-24,2021,December,Friday,Afternoon,Delhi (NCT),Delhi,Connaught Place,Street,Theft,Property Crime,Low,36,Female,Clear,No,8,Medium
INC-2021-0078,2021-12-24,2021,December,Friday,Evening,Delhi (NCT),Delhi,South Delhi,Public Park,Theft,Property Crime,Low,28,Male,Rainy,No,4,Medium
INC-2021-1158,2021-12-22,2021,December,Wednesday,Afternoon,Gujarat,Ahmedabad,Satellite,Public Park,Cyber Fraud,Financial Crime,Low,52,Male,Clear,No,2,Low
INC-2021-2304,2021-12-21,2021,December,Tuesday,Afternoon,Karnataka,Bengaluru,Whitefield,Street,Burglary,Property Crime,Medium,29,Female,Clear,No,2,Low
INC-2021-1839,2021-12-20,2021,December,Monday,Evening,Telangana,Hyderabad,Secunderabad,Public Park,Vandalism,Public Order,Low,25,Female,Clear,No,0,Low
INC-2021-1452,2021-12-20,2021,December,Monday,Evening,Delhi (NCT),Delhi,Dwarka,Parking Complex,Vandalism,Public Order,Low,34,Female,Clear,No,2,Medium
INC-2021-2081,2021-12-19,2021,December,Sunday,Afternoon,Maharashtra,Pune,Shivaji Nagar,Transit Station,Vehicle Theft,Property Crime,Medium,49,Male,Clear,No,5,Low
INC-2021-1238,2021-12-19,2021,December,Sunday,Afternoon,West Bengal,Kolkata,Esplanade,Public Park,Assault,Violent Crime,High,31,Male,Foggy,No,5,Medium
INC-2021-0559,2021-12-19,2021,December,Sunday,Evening,Tamil Nadu,Chennai,T. Nagar,Street,Vandalism,Public Order,Low,43,Male,Foggy,No,5,Medium
INC-2021-0713,2021-12-19,2021,December,Sunday,Night,West Bengal,Kolkata,Park Street,Residential,Theft,Property Crime,Low,48,Male,Clear,No,3,Medium
INC-2021-0095,2021-12-18,2021,December,Saturday,Night,Karnataka,Bengaluru,Koramangala,Public Park,Theft,Property Crime,Low,41,Male,Cloudy,No,2,Low
INC-2021-1471,2021-12-18,2021,December,Saturday,Morning,West Bengal,Kolkata,Park Street,Transit Station,Assault,Violent Crime,High,33,Male,Clear,No,3,Low
INC-2021-1472,2021-12-18,2021,December,Saturday,Morning,Tamil Nadu,Chennai,Marina Beachfront,Public Park,Burglary,Property Crime,Medium,28,Female,Clear,No,3,Low
INC-2021-1150,2021-12-17,2021,December,Friday,Morning,Gujarat,Ahmedabad,Paldi,Transit Station,Cyber Fraud,Financial Crime,Low,18,Female,Clear,No,8,Medium
INC-2021-2118,2021-12-16,2021,December,Thursday,Evening,Karnataka,Bengaluru,Indiranagar,Commercial Market,Robbery,Violent Crime,Medium,41,Female,Clear,No,5,Medium
INC-2021-1614,2021-12-16,2021,December,Thursday,Evening,Gujarat,Ahmedabad,SG Highway,Commercial Market,Vehicle Theft,Property Crime,Medium,18,Female,Cloudy,No,1,Medium
INC-2021-1029,2021-12-16,2021,December,Thursday,Evening,West Bengal,Kolkata,New Town,Street,Vehicle Theft,Property Crime,Medium,39,Female,Rainy,No,3,Low
INC-2021-0906,2021-12-15,2021,December,Wednesday,Afternoon,Delhi (NCT),Delhi,Rohini,Transit Station,Burglary,Property Crime,Medium,22,Male,Clear,No,2,Low
INC-2021-0188,2021-12-14,2021,December,Tuesday,Evening,Telangana,Hyderabad,Banjara Hills,Commercial Market,Assault,Violent Crime,High,36,Male,Rainy,No,4,Medium
INC-2021-2253,2021-12-13,2021,December,Monday,Morning,Tamil Nadu,Chennai,Marina Beachfront,Residential,Burglary,Property Crime,Medium,32,Male,Clear,No,3,Low
INC-2021-2006,2021-12-11,2021,December,Saturday,Afternoon,Telangana,Hyderabad,Charminar Heritage,Street,Vehicle Theft,Property Crime,Medium,29,Male,Clear,No,5,Medium
INC-2021-2347,2021-12-11,2021,December,Saturday,Night,Delhi (NCT),Delhi,Rohini,Public Park,Burglary,Property Crime,Medium,27,Female,Foggy,No,2,Low
INC-2021-0318,2021-12-10,2021,December,Friday,Night,Maharashtra,Mumbai,Harbor Docklands,Parking Complex,Cyber Fraud,Financial Crime,Low,18,Female,Rainy,No,7,High
INC-2021-0134,2021-12-09,2021,December,Thursday,Night,Maharashtra,Pune,Shivaji Nagar,Transit Station,Cyber Fraud,Financial Crime,Low,48,Female,Clear,Yes,3,Medium
INC-2021-0414,2021-12-08,2021,December,Wednesday,Morning,Delhi (NCT),Delhi,South Delhi,Parking Complex,Vehicle Theft,Property Crime,Medium,28,Male,Rainy,No,2,Low
INC-2021-1798,2021-12-07,2021,December,Tuesday,Night,Tamil Nadu,Chennai,Velachery,Commercial Market,Vehicle Theft,Property Crime,Medium,36,Male,Rainy,No,4,Medium
INC-2021-2361,2021-12-07,2021,December,Tuesday,Morning,Karnataka,Bengaluru,Jayanagar,Street,Vehicle Theft,Property Crime,Medium,37,Male,Cloudy,No,3,Low
INC-2021-0389,2021-12-06,2021,December,Monday,Afternoon,Telangana,Hyderabad,Secunderabad,Street,Vandalism,Public Order,Low,25,Female,Clear,No,3,Low
INC-2021-0403,2021-12-06,2021,December,Monday,Evening,Karnataka,Bengaluru,MG Road Central,Transit Station,Assault,Violent Crime,High,36,Female,Clear,No,5,Medium
INC-2021-1656,2021-12-05,2021,December,Sunday,Evening,Maharashtra,Mumbai,Andheri,Street,Assault,Violent Crime,High,46,Female,Rainy,No,3,Medium
INC-2021-0710,2021-12-04,2021,December,Saturday,Evening,Gujarat,Ahmedabad,Maninagar,Residential,Vehicle Theft,Property Crime,Medium,48,Female,Clear,No,1,Low
INC-2021-0923,2021-12-04,2021,December,Saturday,Night,Karnataka,Bengaluru,Koramangala,Parking Complex,Cyber Fraud,Financial Crime,Low,28,Female,Rainy,No,3,Medium
INC-2021-0581,2021-12-04,2021,December,Saturday,Morning,Gujarat,Ahmedabad,Paldi,Residential,Cyber Fraud,Financial Crime,Low,46,Male,Rainy,No,3,Low
INC-2021-0271,2021-12-03,2021,December,Friday,Night,Delhi (NCT),Delhi,Rohini,Parking Complex,Theft,Property Crime,Low,24,Female,Clear,No,4,Medium
INC-2021-0795,2021-12-03,2021,December,Friday,Afternoon,Karnataka,Bengaluru,MG Road Central,Public Park,Vehicle Theft,Property Crime,Medium,44,Male,Cloudy,No,4,Low
INC-2021-0987,2021-12-02,2021,December,Thursday,Afternoon,West Bengal,Kolkata,New Town,Commercial Market,Vehicle Theft,Property Crime,Medium,49,Male,Clear,No,7,Medium
INC-2021-0080,2021-12-02,2021,December,Thursday,Evening,Delhi (NCT),Delhi,Dwarka,Commercial Market,Vehicle Theft,Property Crime,Medium,33,Female,Rainy,No,1,Medium
INC-2021-0176,2021-12-01,2021,December,Wednesday,Afternoon,Karnataka,Bengaluru,Koramangala,Parking Complex,Theft,Property Crime,Low,40,Female,Clear,No,5,Low
INC-2021-2181,2021-12-01,2021,December,Wednesday,Afternoon,Gujarat,Ahmedabad,Navrangpura,Street,Robbery,Violent Crime,Medium,27,Female,Clear,No,1,Low
INC-2021-1846,2021-11-30,2021,November,Tuesday,Afternoon,Karnataka,Bengaluru,Indiranagar,Residential,Theft,Property Crime,Low,30,Male,Clear,No,1,Low
INC-2021-0376,2021-11-30,2021,November,Tuesday,Afternoon,West Bengal,Kolkata,Howrah,Transit Station,Vehicle Theft,Property Crime,Medium,19,Female,Clear,No,11,High
INC-2021-0652,2021-11-30,2021,November,Tuesday,Evening,Maharashtra,Pune,Hinjewadi IT Park,Transit Station,Burglary,Property Crime,Medium,38,Other,Foggy,No,1,Medium
INC-2021-0688,2021-11-30,2021,November,Tuesday,Afternoon,Tamil Nadu,Chennai,Marina Beachfront,Transit Station,Vehicle Theft,Property Crime,Medium,26,Male,Clear,No,3,Low
INC-2021-1505,2021-11-28,2021,November,Sunday,Evening,Tamil Nadu,Chennai,Adyar,Transit Station,Robbery,Violent Crime,Medium,31,Female,Rainy,No,2,Low
INC-2021-0055,2021-11-28,2021,November,Sunday,Night,Karnataka,Bengaluru,MG Road Central,Public Park,Theft,Property Crime,Low,57,Female,Rainy,No,4,Low
INC-2021-0493,2021-11-28,2021,November,Sunday,Night,Maharashtra,Mumbai,Dadar,Public Park,Burglary,Property Crime,Medium,29,Female,Clear,No,1,Low
INC-2021-1632,2021-11-27,2021,November,Saturday,Night,Tamil Nadu,Chennai,Marina Beachfront,Transit Station,Vandalism,Public Order,Low,30,Male,Clear,No,2,Medium
INC-2021-2343,2021-11-25,2021,November,Thursday,Afternoon,West Bengal,Kolkata,Howrah,Parking Complex,Theft,Property Crime,Low,20,Female,Clear,No,3,Medium
INC-2021-0152,2021-11-25,2021,November,Thursday,Afternoon,Gujarat,Ahmedabad,Paldi,Residential,Vandalism,Public Order,Low,25,Female,Rainy,No,1,Low
INC-2021-0533,2021-11-23,2021,November,Tuesday,Morning,West Bengal,Kolkata,Ballygunge,Transit Station,Vandalism,Public Order,Low,24,Other,Cloudy,No,3,Low
INC-2021-1568,2021-11-20,2021,November,Saturday,Night,Telangana,Hyderabad,Madhapur,Commercial Market,Vehicle Theft,Property Crime,Medium,37,Male,Clear,No,5,Medium
INC-2021-0662,2021-11-19,2021,November,Friday,Evening,Gujarat,Ahmedabad,Sabarmati,Parking Complex,Theft,Property Crime,Low,51,Female,Clear,No,4,Medium
INC-2021-0101,2021-11-16,2021,November,Tuesday,Evening,Tamil Nadu,Chennai,Marina Beachfront,Transit Station,Cyber Fraud,Financial Crime,Low,21,Female,Rainy,No,1,Medium
INC-2021-0579,2021-11-15,2021,November,Monday,Evening,West Bengal,Kolkata,Park Street,Parking Complex,Burglary,Property Crime,Medium,30,Female,Rainy,No,1,Low
INC-2021-2251,2021-11-15,2021,November,Monday,Night,Maharashtra,Pune,Camp Cantonment,Residential,Theft,Property Crime,Low,25,Male,Clear,No,3,High
INC-2021-1891,2021-11-14,2021,November,Sunday,Evening,Telangana,Hyderabad,Gachibowli,Residential,Theft,Property Crime,Low,19,Female,Clear,No,2,Low
INC-2021-0402,2021-11-13,2021,November,Saturday,Afternoon,Delhi (NCT),Delhi,Karol Bagh,Public Park,Vehicle Theft,Property Crime,Medium,28,Male,Clear,No,1,Low
INC-2021-2302,2021-11-12,2021,November,Friday,Afternoon,West Bengal,Kolkata,Park Street,Public Park,Burglary,Property Crime,Medium,31,Male,Rainy,No,2,Low
INC-2021-1956,2021-11-12,2021,November,Friday,Afternoon,Tamil Nadu,Chennai,Anna Nagar,Parking Complex,Burglary,Property Crime,Medium,51,Female,Clear,No,6,Medium
INC-2021-2018,2021-11-12,2021,November,Friday,Evening,Karnataka,Bengaluru,Indiranagar,Commercial Market,Theft,Property Crime,Low,42,Female,Clear,No,3,Medium
INC-2021-1558,2021-11-11,2021,November,Thursday,Evening,Maharashtra,Pune,Camp Cantonment,Residential,Vehicle Theft,Property Crime,Medium,54,Female,Clear,No,12,High
INC-2021-2299,2021-11-09,2021,November,Tuesday,Evening,West Bengal,Kolkata,Esplanade,Street,Cyber Fraud,Financial Crime,Low,33,Female,Cloudy,No,6,High
INC-2021-1197,2021-11-07,2021,November,Sunday,Morning,Tamil Nadu,Chennai,Marina Beachfront,Public Park,Assault,Violent Crime,High,20,Female,Foggy,No,3,Low
INC-2021-1361,2021-11-07,2021,November,Sunday,Afternoon,West Bengal,Kolkata,Salt Lake,Transit Station,Cyber Fraud,Financial Crime,Low,24,Male,Clear,No,2,Low
INC-2021-1644,2021-11-07,2021,November,Sunday,Afternoon,Telangana,Hyderabad,Secunderabad,Residential,Vandalism,Public Order,Low,41,Male,Clear,Yes,3,Low
INC-2021-1117,2021-11-05,2021,November,Friday,Evening,West Bengal,Kolkata,Salt Lake,Parking Complex,Cyber Fraud,Financial Crime,Low,29,Male,Clear,No,4,Medium
INC-2021-2240,2021-11-05,2021,November,Friday,Afternoon,Gujarat,Ahmedabad,Sabarmati,Street,Burglary,Property Crime,Medium,21,Male,Cloudy,No,3,Low
INC-2021-1941,2021-11-04,2021,November,Thursday,Morning,Telangana,Hyderabad,Hitec City,Public Park,Vehicle Theft,Property Crime,Medium,33,Female,Rainy,No,7,Low
INC-2021-0216,2021-11-03,2021,November,Wednesday,Night,Telangana,Hyderabad,Secunderabad,Transit Station,Robbery,Violent Crime,Medium,49,Female,Clear,Yes,5,Medium
INC-2021-0404,2021-11-02,2021,November,Tuesday,Afternoon,Telangana,Hyderabad,Secunderabad,Parking Complex,Burglary,Property Crime,Medium,42,Female,Clear,No,4,Low
INC-2021-1602,2021-11-02,2021,November,Tuesday,Afternoon,Delhi (NCT),Delhi,Dwarka,Street,Theft,Property Crime,Low,18,Female,Clear,No,3,Low
INC-2021-0508,2021-11-01,2021,November,Monday,Night,Tamil Nadu,Chennai,Velachery,Parking Complex,Theft,Property Crime,Low,42,Male,Clear,No,2,Medium
INC-2021-1336,2021-10-30,2021,October,Saturday,Night,Delhi (NCT),Delhi,Karol Bagh,Residential,Cyber Fraud,Financial Crime,Low,22,Male,Rainy,No,3,Medium
INC-2021-1335,2021-10-30,2021,October,Saturday,Night,Telangana,Hyderabad,Charminar Heritage,Residential,Cyber Fraud,Financial Crime,Low,45,Female,Rainy,No,6,High
INC-2021-0691,2021-10-28,2021,October,Thursday,Night,Tamil Nadu,Chennai,T. Nagar,Residential,Cyber Fraud,Financial Crime,Low,23,Male,Cloudy,No,2,Medium
INC-2021-1018,2021-10-28,2021,October,Thursday,Night,Karnataka,Bengaluru,Electronic City,Public Park,Burglary,Property Crime,Medium,41,Male,Clear,No,6,Medium
INC-2021-2258,2021-10-27,2021,October,Wednesday,Afternoon,Telangana,Hyderabad,Banjara Hills,Parking Complex,Burglary,Property Crime,Medium,26,Male,Clear,No,4,Low
INC-2021-0207,2021-10-27,2021,October,Wednesday,Afternoon,Tamil Nadu,Chennai,T. Nagar,Transit Station,Vehicle Theft,Property Crime,Medium,38,Male,Clear,No,5,Medium
INC-2021-0869,2021-10-24,2021,October,Sunday,Morning,Gujarat,Ahmedabad,Navrangpura,Public Park,Robbery,Violent Crime,Medium,33,Male,Clear,No,2,Low
INC-2021-0866,2021-10-23,2021,October,Saturday,Morning,Gujarat,Ahmedabad,Paldi,Commercial Market,Vandalism,Public Order,Low,39,Male,Clear,No,3,Low
INC-2021-1329,2021-10-23,2021,October,Saturday,Night,Delhi (NCT),Delhi,South Delhi,Street,Theft,Property Crime,Low,32,Female,Rainy,No,1,Low
INC-2021-1087,2021-10-22,2021,October,Friday,Afternoon,Karnataka,Bengaluru,Electronic City,Public Park,Theft,Property Crime,Low,30,Male,Clear,No,4,Low
INC-2021-0689,2021-10-21,2021,October,Thursday,Evening,Delhi (NCT),Delhi,Old Delhi,Public Park,Cyber Fraud,Financial Crime,Low,41,Male,Clear,No,12,High
INC-2021-1806,2021-10-21,2021,October,Thursday,Morning,West Bengal,Kolkata,Howrah,Commercial Market,Vehicle Theft,Property Crime,Medium,27,Other,Cloudy,No,7,High
INC-2021-0171,2021-10-21,2021,October,Thursday,Morning,Delhi (NCT),Delhi,South Delhi,Public Park,Robbery,Violent Crime,Medium,62,Male,Cloudy,No,2,Low
INC-2021-1886,2021-10-16,2021,October,Saturday,Night,Tamil Nadu,Chennai,T. Nagar,Residential,Vandalism,Public Order,Low,30,Female,Rainy,No,5,Medium
INC-2021-1651,2021-10-15,2021,October,Friday,Evening,Karnataka,Bengaluru,Koramangala,Parking Complex,Theft,Property Crime,Low,21,Female,Clear,No,2,Low
INC-2021-0092,2021-10-15,2021,October,Friday,Evening,Karnataka,Bengaluru,Jayanagar,Street,Burglary,Property Crime,Medium,34,Male,Rainy,No,5,Low
INC-2021-1633,2021-10-13,2021,October,Wednesday,Night,Karnataka,Bengaluru,Indiranagar,Residential,Vehicle Theft,Property Crime,Medium,29,Male,Clear,No,3,Medium
INC-2021-0774,2021-10-12,2021,October,Tuesday,Evening,Gujarat,Ahmedabad,Navrangpura,Transit Station,Vandalism,Public Order,Low,36,Female,Cloudy,No,8,High
INC-2021-1945,2021-10-10,2021,October,Sunday,Evening,Karnataka,Bengaluru,MG Road Central,Parking Complex,Theft,Property Crime,Low,33,Male,Rainy,No,4,Medium
INC-2021-0170,2021-10-09,2021,October,Saturday,Afternoon,Delhi (NCT),Delhi,Karol Bagh,Public Park,Cyber Fraud,Financial Crime,Low,35,Female,Foggy,No,1,Low
INC-2021-2340,2021-10-08,2021,October,Friday,Afternoon,Maharashtra,Pune,Camp Cantonment,Residential,Burglary,Property Crime,Medium,35,Male,Cloudy,No,8,High
INC-2021-0136,2021-10-07,2021,October,Thursday,Evening,Karnataka,Bengaluru,Jayanagar,Public Park,Assault,Violent Crime,High,33,Female,Clear,No,2,Low
INC-2021-1752,2021-10-06,2021,October,Wednesday,Afternoon,Telangana,Hyderabad,Banjara Hills,Commercial Market,Vandalism,Public Order,Low,40,Male,Clear,No,5,Low
INC-2021-2296,2021-10-05,2021,October,Tuesday,Afternoon,Telangana,Hyderabad,Secunderabad,Transit Station,Theft,Property Crime,Low,36,Female,Cloudy,No,1,Low
INC-2021-1898,2021-10-05,2021,October,Tuesday,Evening,Delhi (NCT),Delhi,Karol Bagh,Public Park,Burglary,Property Crime,Medium,23,Female,Clear,No,4,Medium
INC-2021-1817,2021-10-04,2021,October,Monday,Afternoon,Maharashtra,Mumbai,Bandra,Parking Complex,Theft,Property Crime,Low,24,Male,Cloudy,No,4,Medium
INC-2021-2042,2021-10-04,2021,October,Monday,Night,West Bengal,Kolkata,Howrah,Residential,Robbery,Violent Crime,Medium,18,Male,Cloudy,No,5,High
INC-2021-1801,2021-10-02,2021,October,Saturday,Afternoon,West Bengal,Kolkata,Salt Lake,Public Park,Cyber Fraud,Financial Crime,Low,45,Male,Rainy,Yes,2,Low
INC-2021-1165,2021-10-02,2021,October,Saturday,Morning,Karnataka,Bengaluru,Indiranagar,Commercial Market,Burglary,Property Crime,Medium,18,Other,Foggy,Yes,2,Low
INC-2021-1779,2021-10-02,2021,October,Saturday,Afternoon,Gujarat,Ahmedabad,Sabarmati,Transit Station,Vehicle Theft,Property Crime,Medium,34,Female,Clear,Yes,2,Low
INC-2021-1089,2021-10-01,2021,October,Friday,Morning,West Bengal,Kolkata,Salt Lake,Transit Station,Vehicle Theft,Property Crime,Medium,18,Female,Cloudy,No,3,Low
INC-2021-0505,2021-09-30,2021,September,Thursday,Night,Tamil Nadu,Chennai,Marina Beachfront,Transit Station,Robbery,Violent Crime,Medium,53,Male,Clear,No,7,High
INC-2021-0083,2021-09-29,2021,September,Wednesday,Night,Telangana,Hyderabad,Hitec City,Residential,Theft,Property Crime,Low,34,Female,Rainy,No,1,Low
INC-2021-0199,2021-09-29,2021,September,Wednesday,Night,Tamil Nadu,Chennai,Velachery,Commercial Market,Theft,Property Crime,Low,33,Female,Rainy,No,2,Low
INC-2021-0108,2021-09-29,2021,September,Wednesday,Afternoon,Delhi (NCT),Delhi,Dwarka,Public Park,Vehicle Theft,Property Crime,Medium,27,Female,Rainy,No,2,Low
INC-2021-1409,2021-09-28,2021,September,Tuesday,Morning,Maharashtra,Pune,Shivaji Nagar,Commercial Market,Burglary,Property Crime,Medium,28,Male,Rainy,No,4,Low
INC-2021-1803,2021-09-27,2021,September,Monday,Evening,Karnataka,Bengaluru,MG Road Central,Commercial Market,Theft,Property Crime,Low,38,Other,Clear,No,2,Medium
INC-2021-1245,2021-09-26,2021,September,Sunday,Evening,Tamil Nadu,Chennai,Guindy,Transit Station,Theft,Property Crime,Low,43,Male,Clear,No,0,Low
INC-2021-0144,2021-09-23,2021,September,Thursday,Afternoon,Telangana,Hyderabad,Charminar Heritage,Commercial Market,Burglary,Property Crime,Medium,41,Other,Rainy,No,4,Medium
INC-2021-1131,2021-09-23,2021,September,Thursday,Night,West Bengal,Kolkata,Esplanade,Transit Station,Robbery,Violent Crime,Medium,30,Other,Rainy,No,9,High
INC-2021-1074,2021-09-22,2021,September,Wednesday,Afternoon,Telangana,Hyderabad,Madhapur,Commercial Market,Theft,Property Crime,Low,32,Male,Cloudy,No,3,Low
INC-2021-1621,2021-09-21,2021,September,Tuesday,Night,Gujarat,Ahmedabad,Sabarmati,Parking Complex,Cyber Fraud,Financial Crime,Low,18,Female,Foggy,No,1,Medium
INC-2021-2349,2021-09-21,2021,September,Tuesday,Evening,Karnataka,Bengaluru,Whitefield,Public Park,Vandalism,Public Order,Low,47,Female,Clear,No,2,Low
INC-2021-0348,2021-09-21,2021,September,Tuesday,Evening,Maharashtra,Mumbai,Bandra,Transit Station,Cyber Fraud,Financial Crime,Low,34,Male,Clear,No,2,Medium
INC-2021-0235,2021-09-21,2021,September,Tuesday,Evening,Tamil Nadu,Chennai,Guindy,Commercial Market,Vehicle Theft,Property Crime,Medium,31,Female,Rainy,No,0,Low
INC-2021-2355,2021-09-21,2021,September,Tuesday,Night,Karnataka,Bengaluru,MG Road Central,Residential,Vehicle Theft,Property Crime,Medium,40,Male,Clear,No,3,Low
INC-2021-1085,2021-09-20,2021,September,Monday,Night,Gujarat,Ahmedabad,Sabarmati,Public Park,Cyber Fraud,Financial Crime,Low,24,Male,Rainy,No,3,Low
INC-2021-0727,2021-09-20,2021,September,Monday,Evening,Maharashtra,Pune,Hinjewadi IT Park,Transit Station,Burglary,Property Crime,Medium,38,Male,Cloudy,No,3,Medium
INC-2021-2137,2021-09-19,2021,September,Sunday,Afternoon,Tamil Nadu,Chennai,T. Nagar,Public Park,Theft,Property Crime,Low,31,Female,Foggy,No,6,Medium
INC-2021-0180,2021-09-19,2021,September,Sunday,Evening,Telangana,Hyderabad,Gachibowli,Residential,Cyber Fraud,Financial Crime,Low,39,Female,Clear,No,1,Low
INC-2021-0115,2021-09-19,2021,September,Sunday,Evening,Tamil Nadu,Chennai,Velachery,Transit Station,Theft,Property Crime,Low,24,Female,Clear,No,4,Medium
INC-2021-1030,2021-09-17,2021,September,Friday,Evening,Telangana,Hyderabad,Banjara Hills,Public Park,Burglary,Property Crime,Medium,33,Male,Clear,No,2,Low
INC-2021-2260,2021-09-15,2021,September,Wednesday,Evening,Telangana,Hyderabad,Secunderabad,Residential,Theft,Property Crime,Low,20,Male,Clear,No,1,Low
INC-2021-0858,2021-09-13,2021,September,Monday,Night,Tamil Nadu,Chennai,Marina Beachfront,Public Park,Vehicle Theft,Property Crime,Medium,47,Male,Clear,No,2,Low
INC-2021-0495,2021-09-13,2021,September,Monday,Night,Gujarat,Ahmedabad,Paldi,Transit Station,Theft,Property Crime,Low,18,Male,Rainy,Yes,6,High
INC-2021-0251,2021-09-12,2021,September,Sunday,Night,Karnataka,Bengaluru,Indiranagar,Commercial Market,Theft,Property Crime,Low,36,Female,Clear,No,8,Medium
INC-2021-2219,2021-09-11,2021,September,Saturday,Night,Telangana,Hyderabad,Hitec City,Parking Complex,Cyber Fraud,Financial Crime,Low,47,Male,Clear,No,3,Medium
INC-2021-0625,2021-09-11,2021,September,Saturday,Night,West Bengal,Kolkata,Howrah,Public Park,Vehicle Theft,Property Crime,Medium,29,Male,Clear,No,5,High
INC-2021-0573,2021-09-10,2021,September,Friday,Afternoon,Maharashtra,Pune,Hinjewadi IT Park,Public Park,Cyber Fraud,Financial Crime,Low,22,Female,Foggy,No,3,Low
INC-2021-2290,2021-09-10,2021,September,Friday,Afternoon,Karnataka,Bengaluru,Jayanagar,Parking Complex,Theft,Property Crime,Low,48,Male,Cloudy,No,3,Low
INC-2021-0093,2021-09-10,2021,September,Friday,Evening,Maharashtra,Mumbai,Bandra,Transit Station,Theft,Property Crime,Low,37,Female,Rainy,No,5,Medium
INC-2021-1595,2021-09-09,2021,September,Thursday,Afternoon,Telangana,Hyderabad,Hitec City,Commercial Market,Vehicle Theft,Property Crime,Medium,27,Male,Rainy,No,2,Low
INC-2021-0326,2021-09-09,2021,September,Thursday,Afternoon,Karnataka,Bengaluru,Whitefield,Commercial Market,Theft,Property Crime,Low,49,Male,Rainy,No,3,Low
INC-2021-1220,2021-09-09,2021,September,Thursday,Morning,Telangana,Hyderabad,Madhapur,Residential,Theft,Property Crime,Low,49,Male,Clear,Yes,1,Low
INC-2021-0615,2021-09-09,2021,September,Thursday,Afternoon,Gujarat,Ahmedabad,Sabarmati,Parking Complex,Burglary,Property Crime,Medium,37,Male,Clear,No,1,Low
INC-2021-1524,2021-09-06,2021,September,Monday,Evening,Maharashtra,Mumbai,Colaba,Transit Station,Burglary,Property Crime,Medium,51,Other,Cloudy,No,1,Medium
INC-2021-0937,2021-09-04,2021,September,Saturday,Evening,Maharashtra,Pune,Viman Nagar,Parking Complex,Theft,Property Crime,Low,26,Male,Clear,No,1,Medium
INC-2021-2394,2021-09-04,2021,September,Saturday,Evening,Gujarat,Ahmedabad,Navrangpura,Parking Complex,Vandalism,Public Order,Low,34,Female,Rainy,No,4,High
INC-2021-1441,2021-09-04,2021,September,Saturday,Night,West Bengal,Kolkata,Salt Lake,Street,Theft,Property Crime,Low,30,Female,Clear,No,2,Low
INC-2021-1672,2021-09-03,2021,September,Friday,Night,Gujarat,Ahmedabad,SG Highway,Commercial Market,Vehicle Theft,Property Crime,Medium,18,Female,Clear,No,2,Low
INC-2021-1019,2021-09-01,2021,September,Wednesday,Afternoon,Karnataka,Bengaluru,Jayanagar,Street,Theft,Property Crime,Low,46,Female,Clear,No,2,Low
INC-2021-2011,2021-08-31,2021,August,Tuesday,Evening,Gujarat,Ahmedabad,Paldi,Street,Theft,Property Crime,Low,43,Male,Clear,No,3,Medium
INC-2021-1299,2021-08-30,2021,August,Monday,Afternoon,Delhi (NCT),Delhi,South Delhi,Commercial Market,Assault,Violent Crime,High,26,Male,Rainy,No,3,Medium
INC-2021-0465,2021-08-30,2021,August,Monday,Afternoon,Delhi (NCT),Delhi,Karol Bagh,Commercial Market,Vehicle Theft,Property Crime,Medium,31,Male,Clear,No,4,Medium
INC-2021-0586,2021-08-29,2021,August,Sunday,Afternoon,West Bengal,Kolkata,Howrah,Public Park,Cyber Fraud,Financial Crime,Low,46,Female,Clear,No,14,Medium
INC-2021-1182,2021-08-29,2021,August,Sunday,Evening,Telangana,Hyderabad,Banjara Hills,Parking Complex,Burglary,Property Crime,Medium,45,Female,Clear,No,3,Medium
INC-2021-2079,2021-08-29,2021,August,Sunday,Afternoon,Gujarat,Ahmedabad,Satellite,Street,Theft,Property Crime,Low,18,Male,Clear,No,7,Low
INC-2021-0616,2021-08-28,2021,August,Saturday,Night,Telangana,Hyderabad,Gachibowli,Street,Vehicle Theft,Property Crime,Medium,38,Male,Rainy,No,3,Medium
INC-2021-1989,2021-08-26,2021,August,Thursday,Night,Karnataka,Bengaluru,Whitefield,Parking Complex,Vehicle Theft,Property Crime,Medium,27,Male,Foggy,No,5,Medium
INC-2021-0882,2021-08-25,2021,August,Wednesday,Night,Karnataka,Bengaluru,MG Road Central,Street,Robbery,Violent Crime,Medium,30,Male,Clear,No,3,Low
INC-2021-0565,2021-08-24,2021,August,Tuesday,Afternoon,Maharashtra,Mumbai,Bandra,Street,Cyber Fraud,Financial Crime,Low,30,Female,Clear,No,4,Low
INC-2021-1291,2021-08-24,2021,August,Tuesday,Night,Gujarat,Ahmedabad,Sabarmati,Parking Complex,Assault,Violent Crime,High,23,Female,Foggy,No,2,Medium
INC-2021-1279,2021-08-24,2021,August,Tuesday,Evening,West Bengal,Kolkata,Esplanade,Public Park,Cyber Fraud,Financial Crime,Low,47,Female,Cloudy,No,3,High
INC-2021-0464,2021-08-22,2021,August,Sunday,Afternoon,Tamil Nadu,Chennai,T. Nagar,Street,Vandalism,Public Order,Low,18,Female,Cloudy,No,6,Medium
INC-2021-0238,2021-08-22,2021,August,Sunday,Night,Maharashtra,Pune,Kothrud,Parking Complex,Robbery,Violent Crime,Medium,42,Female,Clear,No,3,Medium
INC-2021-2346,2021-08-21,2021,August,Saturday,Night,Tamil Nadu,Chennai,Adyar,Commercial Market,Vehicle Theft,Property Crime,Medium,57,Male,Cloudy,Yes,8,High
INC-2021-1688,2021-08-21,2021,August,Saturday,Afternoon,Tamil Nadu,Chennai,Adyar,Parking Complex,Vandalism,Public Order,Low,31,Female,Cloudy,No,6,Medium
INC-2021-0457,2021-08-21,2021,August,Saturday,Evening,West Bengal,Kolkata,New Town,Street,Theft,Property Crime,Low,29,Female,Cloudy,No,4,Low
INC-2021-2047,2021-08-20,2021,August,Friday,Evening,Tamil Nadu,Chennai,Marina Beachfront,Transit Station,Theft,Property Crime,Low,18,Female,Clear,No,5,Medium
INC-2021-1510,2021-08-20,2021,August,Friday,Morning,West Bengal,Kolkata,Salt Lake,Street,Vehicle Theft,Property Crime,Medium,18,Male,Clear,No,3,Low
INC-2021-1418,2021-08-20,2021,August,Friday,Morning,Delhi (NCT),Delhi,Connaught Place,Public Park,Cyber Fraud,Financial Crime,Low,29,Female,Clear,No,8,High
INC-2021-1031,2021-08-19,2021,August,Thursday,Evening,West Bengal,Kolkata,New Town,Parking Complex,Vehicle Theft,Property Crime,Medium,49,Other,Clear,No,4,Medium
INC-2021-0458,2021-08-19,2021,August,Thursday,Evening,Tamil Nadu,Chennai,T. Nagar,Transit Station,Burglary,Property Crime,Medium,57,Male,Foggy,No,8,High
INC-2021-2170,2021-08-18,2021,August,Wednesday,Evening,Telangana,Hyderabad,Hitec City,Transit Station,Assault,Violent Crime,High,43,Female,Rainy,No,2,Low
INC-2021-1161,2021-08-14,2021,August,Saturday,Morning,Maharashtra,Mumbai,Harbor Docklands,Transit Station,Vehicle Theft,Property Crime,Medium,35,Male,Clear,No,6,High
INC-2021-1287,2021-08-13,2021,August,Friday,Evening,Gujarat,Ahmedabad,SG Highway,Transit Station,Theft,Property Crime,Low,23,Male,Rainy,No,4,Medium
INC-2021-1737,2021-08-13,2021,August,Friday,Evening,West Bengal,Kolkata,New Town,Public Park,Cyber Fraud,Financial Crime,Low,41,Male,Clear,No,4,Low
INC-2021-0186,2021-08-13,2021,August,Friday,Afternoon,Delhi (NCT),Delhi,Connaught Place,Residential,Cyber Fraud,Financial Crime,Low,25,Male,Cloudy,No,3,Medium
INC-2021-0742,2021-08-12,2021,August,Thursday,Evening,Karnataka,Bengaluru,Electronic City,Parking Complex,Cyber Fraud,Financial Crime,Low,38,Female,Rainy,No,5,Medium
INC-2021-1489,2021-08-11,2021,August,Wednesday,Afternoon,Delhi (NCT),Delhi,Rohini,Transit Station,Burglary,Property Crime,Medium,29,Female,Rainy,No,4,Low
INC-2021-0069,2021-08-10,2021,August,Tuesday,Afternoon,Tamil Nadu,Chennai,Velachery,Commercial Market,Theft,Property Crime,Low,34,Female,Rainy,No,5,Low
INC-2021-2221,2021-08-10,2021,August,Tuesday,Evening,Telangana,Hyderabad,Secunderabad,Parking Complex,Cyber Fraud,Financial Crime,Low,45,Male,Rainy,No,6,High
INC-2021-1499,2021-08-09,2021,August,Monday,Evening,Gujarat,Ahmedabad,Navrangpura,Residential,Cyber Fraud,Financial Crime,Low,29,Male,Cloudy,No,5,Medium
INC-2021-0110,2021-08-09,2021,August,Monday,Evening,Maharashtra,Pune,Baner,Parking Complex,Cyber Fraud,Financial Crime,Low,31,Other,Clear,No,0,Medium
INC-2021-1069,2021-08-09,2021,August,Monday,Afternoon,Gujarat,Ahmedabad,Paldi,Public Park,Vandalism,Public Order,Low,39,Male,Cloudy,No,5,Low
INC-2021-1362,2021-08-07,2021,August,Saturday,Morning,Telangana,Hyderabad,Hitec City,Residential,Burglary,Property Crime,Medium,26,Male,Clear,No,2,Low
INC-2021-1700,2021-08-07,2021,August,Saturday,Afternoon,Tamil Nadu,Chennai,Adyar,Transit Station,Burglary,Property Crime,Medium,28,Female,Clear,No,1,Low
INC-2021-0803,2021-08-07,2021,August,Saturday,Afternoon,Tamil Nadu,Chennai,Anna Nagar,Street,Theft,Property Crime,Low,18,Male,Clear,No,1,Low
INC-2021-2250,2021-08-06,2021,August,Friday,Afternoon,Karnataka,Bengaluru,Indiranagar,Public Park,Theft,Property Crime,Low,18,Female,Clear,No,4,Low
INC-2021-1873,2021-08-05,2021,August,Thursday,Night,West Bengal,Kolkata,Park Street,Public Park,Cyber Fraud,Financial Crime,Low,42,Other,Clear,No,2,Low
INC-2021-1643,2021-08-05,2021,August,Thursday,Evening,Telangana,Hyderabad,Secunderabad,Commercial Market,Assault,Violent Crime,High,26,Other,Clear,No,4,Medium
INC-2021-1113,2021-08-03,2021,August,Tuesday,Night,Telangana,Hyderabad,Hitec City,Commercial Market,Theft,Property Crime,Low,25,Male,Clear,No,3,Medium
INC-2021-0544,2021-08-02,2021,August,Monday,Evening,Tamil Nadu,Chennai,Marina Beachfront,Commercial Market,Vehicle Theft,Property Crime,Medium,34,Male,Clear,No,2,Medium
INC-2021-2188,2021-07-31,2021,July,Saturday,Morning,Maharashtra,Pune,Shivaji Nagar,Parking Complex,Vehicle Theft,Property Crime,Medium,42,Male,Foggy,No,2,Low
INC-2021-2331,2021-07-31,2021,July,Saturday,Afternoon,Delhi (NCT),Delhi,South Delhi,Public Park,Vehicle Theft,Property Crime,Medium,44,Female,Clear,No,3,Low
INC-2021-0942,2021-07-30,2021,July,Friday,Morning,Tamil Nadu,Chennai,Anna Nagar,Street,Theft,Property Crime,Low,29,Female,Foggy,No,4,Low
INC-2021-0370,2021-07-30,2021,July,Friday,Evening,West Bengal,Kolkata,Ballygunge,Residential,Burglary,Property Crime,Medium,40,Female,Clear,No,1,Low
INC-2021-1684,2021-07-29,2021,July,Thursday,Evening,Telangana,Hyderabad,Banjara Hills,Parking Complex,Burglary,Property Crime,Medium,24,Female,Clear,No,4,Medium
INC-2021-0264,2021-07-27,2021,July,Tuesday,Morning,Gujarat,Ahmedabad,Sabarmati,Parking Complex,Cyber Fraud,Financial Crime,Low,32,Male,Clear,No,3,Low
INC-2021-0852,2021-07-27,2021,July,Tuesday,Evening,Maharashtra,Pune,Baner,Public Park,Robbery,Violent Crime,Medium,27,Female,Rainy,No,4,Medium
INC-2021-2086,2021-07-26,2021,July,Monday,Night,Maharashtra,Mumbai,Bandra,Residential,Theft,Property Crime,Low,34,Female,Clear,No,4,Medium
INC-2021-0292,2021-07-26,2021,July,Monday,Afternoon,Delhi (NCT),Delhi,Connaught Place,Public Park,Robbery,Violent Crime,Medium,34,Female,Clear,No,6,High
INC-2021-2379,2021-07-24,2021,July,Saturday,Afternoon,Karnataka,Bengaluru,Electronic City,Residential,Cyber Fraud,Financial Crime,Low,41,Female,Clear,No,2,Low
INC-2021-2175,2021-07-22,2021,July,Thursday,Afternoon,Telangana,Hyderabad,Madhapur,Public Park,Theft,Property Crime,Low,29,Female,Rainy,No,4,Low
INC-2021-1035,2021-07-22,2021,July,Thursday,Evening,Delhi (NCT),Delhi,Connaught Place,Transit Station,Theft,Property Crime,Low,34,Male,Rainy,No,6,High
INC-2021-0446,2021-07-21,2021,July,Wednesday,Night,Tamil Nadu,Chennai,T. Nagar,Parking Complex,Vehicle Theft,Property Crime,Medium,46,Male,Rainy,No,1,Medium
INC-2021-0543,2021-07-20,2021,July,Tuesday,Morning,Delhi (NCT),Delhi,Connaught Place,Street,Theft,Property Crime,Low,26,Male,Clear,No,8,High
INC-2021-1196,2021-07-20,2021,July,Tuesday,Evening,Telangana,Hyderabad,Charminar Heritage,Commercial Market,Theft,Property Crime,Low,18,Female,Clear,No,12,High
INC-2021-1725,2021-07-20,2021,July,Tuesday,Evening,Telangana,Hyderabad,Madhapur,Public Park,Cyber Fraud,Financial Crime,Low,43,Female,Rainy,No,3,Low
INC-2021-0513,2021-07-19,2021,July,Monday,Evening,Karnataka,Bengaluru,Jayanagar,Commercial Market,Robbery,Violent Crime,Medium,18,Female,Clear,No,3,Medium
INC-2021-0208,2021-07-19,2021,July,Monday,Afternoon,Karnataka,Bengaluru,Koramangala,Street,Theft,Property Crime,Low,28,Male,Clear,No,0,Low
INC-2021-1322,2021-07-19,2021,July,Monday,Afternoon,Gujarat,Ahmedabad,Navrangpura,Transit Station,Vandalism,Public Order,Low,27,Male,Clear,No,5,Medium
INC-2021-2297,2021-07-19,2021,July,Monday,Evening,Delhi (NCT),Delhi,Rohini,Residential,Theft,Property Crime,Low,18,Female,Clear,No,5,Medium
INC-2021-0947,2021-07-18,2021,July,Sunday,Evening,Tamil Nadu,Chennai,Velachery,Public Park,Vehicle Theft,Property Crime,Medium,33,Female,Rainy,No,1,Low
INC-2021-1408,2021-07-18,2021,July,Sunday,Night,West Bengal,Kolkata,Park Street,Street,Burglary,Property Crime,Medium,26,Female,Clear,No,3,Low
INC-2021-1859,2021-07-16,2021,July,Friday,Evening,Gujarat,Ahmedabad,Paldi,Public Park,Cyber Fraud,Financial Crime,Low,18,Male,Clear,No,5,Low
INC-2021-0739,2021-07-15,2021,July,Thursday,Evening,Telangana,Hyderabad,Charminar Heritage,Transit Station,Cyber Fraud,Financial Crime,Low,27,Male,Clear,No,6,High
INC-2021-1660,2021-07-15,2021,July,Thursday,Evening,Karnataka,Bengaluru,Indiranagar,Street,Assault,Violent Crime,High,18,Male,Rainy,No,0,Low
INC-2021-0371,2021-07-13,2021,July,Tuesday,Night,Telangana,Hyderabad,Banjara Hills,Street,Theft,Property Crime,Low,51,Male,Clear,No,1,Low
INC-2021-0783,2021-07-13,2021,July,Tuesday,Evening,Delhi (NCT),Delhi,Connaught Place,Street,Theft,Property Crime,Low,18,Male,Clear,No,9,High
INC-2021-2010,2021-07-13,2021,July,Tuesday,Evening,Gujarat,Ahmedabad,Maninagar,Transit Station,Vehicle Theft,Property Crime,Medium,39,Male,Rainy,No,8,High
INC-2021-2090,2021-07-13,2021,July,Tuesday,Evening,Delhi (NCT),Delhi,Connaught Place,Parking Complex,Burglary,Property Crime,Medium,30,Male,Cloudy,No,8,High
INC-2021-1525,2021-07-12,2021,July,Monday,Afternoon,Telangana,Hyderabad,Madhapur,Transit Station,Cyber Fraud,Financial Crime,Low,51,Male,Clear,No,2,Low
INC-2021-1005,2021-07-11,2021,July,Sunday,Afternoon,Delhi (NCT),Delhi,South Delhi,Public Park,Vehicle Theft,Property Crime,Medium,26,Female,Rainy,No,3,Low
INC-2021-0619,2021-07-11,2021,July,Sunday,Evening,West Bengal,Kolkata,Howrah,Residential,Theft,Property Crime,Low,18,Female,Rainy,No,7,High
INC-2021-0439,2021-07-11,2021,July,Sunday,Night,Delhi (NCT),Delhi,Connaught Place,Parking Complex,Theft,Property Crime,Low,23,Female,Cloudy,No,4,High
INC-2021-0606,2021-07-08,2021,July,Thursday,Night,Delhi (NCT),Delhi,Dwarka,Transit Station,Theft,Property Crime,Low,18,Female,Cloudy,No,1,Medium
INC-2021-2200,2021-07-07,2021,July,Wednesday,Afternoon,Delhi (NCT),Delhi,Old Delhi,Residential,Assault,Violent Crime,High,35,Male,Rainy,No,3,Medium
INC-2021-0873,2021-07-06,2021,July,Tuesday,Morning,Maharashtra,Mumbai,Colaba,Commercial Market,Theft,Property Crime,Low,43,Male,Rainy,No,3,Low
INC-2021-2246,2021-07-06,2021,July,Tuesday,Evening,Telangana,Hyderabad,Secunderabad,Residential,Cyber Fraud,Financial Crime,Low,38,Male,Clear,No,1,Low
INC-2021-0738,2021-07-04,2021,July,Sunday,Evening,Telangana,Hyderabad,Hitec City,Public Park,Vehicle Theft,Property Crime,Medium,18,Female,Rainy,No,6,Medium
INC-2021-1701,2021-07-03,2021,July,Saturday,Afternoon,West Bengal,Kolkata,Park Street,Public Park,Theft,Property Crime,Low,31,Female,Clear,No,8,Low
INC-2021-0262,2021-07-03,2021,July,Saturday,Night,Gujarat,Ahmedabad,SG Highway,Commercial Market,Cyber Fraud,Financial Crime,Low,37,Male,Clear,No,2,Medium
INC-2021-2245,2021-07-03,2021,July,Saturday,Night,Delhi (NCT),Delhi,Old Delhi,Residential,Cyber Fraud,Financial Crime,Low,21,Female,Clear,No,6,High
INC-2021-0138,2021-07-02,2021,July,Friday,Night,Gujarat,Ahmedabad,Paldi,Commercial Market,Theft,Property Crime,Low,40,Male,Clear,No,4,Medium
INC-2021-2292,2021-07-02,2021,July,Friday,Evening,Tamil Nadu,Chennai,Anna Nagar,Transit Station,Vandalism,Public Order,Low,28,Female,Clear,No,5,Medium
INC-2021-2380,2021-07-02,2021,July,Friday,Afternoon,Tamil Nadu,Chennai,T. Nagar,Public Park,Vehicle Theft,Property Crime,Medium,29,Female,Rainy,No,3,Medium
INC-2021-0964,2021-07-01,2021,July,Thursday,Afternoon,Telangana,Hyderabad,Madhapur,Public Park,Burglary,Property Crime,Medium,18,Female,Rainy,No,2,Low
INC-2021-0306,2021-07-01,2021,July,Thursday,Evening,Delhi (NCT),Delhi,Dwarka,Commercial Market,Vehicle Theft,Property Crime,Medium,52,Male,Clear,No,4,Medium
INC-2021-1577,2021-06-30,2021,June,Wednesday,Evening,Gujarat,Ahmedabad,Satellite,Parking Complex,Theft,Property Crime,Low,23,Female,Clear,No,3,Medium
INC-2021-1948,2021-06-30,2021,June,Wednesday,Afternoon,Gujarat,Ahmedabad,SG Highway,Residential,Cyber Fraud,Financial Crime,Low,36,Other,Rainy,No,3,Low
INC-2021-0569,2021-06-29,2021,June,Tuesday,Night,Maharashtra,Mumbai,Bandra,Parking Complex,Assault,Violent Crime,High,41,Female,Clear,No,4,Medium
INC-2021-0051,2021-06-29,2021,June,Tuesday,Night,Delhi (NCT),Delhi,Karol Bagh,Street,Burglary,Property Crime,Medium,57,Male,Clear,Yes,1,Low
INC-2021-0617,2021-06-28,2021,June,Monday,Evening,Maharashtra,Mumbai,Andheri,Residential,Vandalism,Public Order,Low,43,Female,Cloudy,No,1,Low
INC-2021-1772,2021-06-27,2021,June,Sunday,Afternoon,Gujarat,Ahmedabad,Navrangpura,Public Park,Vehicle Theft,Property Crime,Medium,27,Male,Rainy,No,7,Medium
INC-2021-0346,2021-06-27,2021,June,Sunday,Afternoon,Telangana,Hyderabad,Madhapur,Transit Station,Robbery,Violent Crime,Medium,33,Male,Clear,No,2,Low
INC-2021-2281,2021-06-26,2021,June,Saturday,Evening,West Bengal,Kolkata,Esplanade,Residential,Vandalism,Public Order,Low,29,Female,Cloudy,No,4,Medium
INC-2021-0321,2021-06-25,2021,June,Friday,Afternoon,Delhi (NCT),Delhi,Dwarka,Public Park,Assault,Violent Crime,High,47,Female,Clear,No,3,Low
INC-2021-1327,2021-06-24,2021,June,Thursday,Evening,Gujarat,Ahmedabad,Navrangpura,Transit Station,Vehicle Theft,Property Crime,Medium,41,Male,Rainy,No,4,High
INC-2021-1257,2021-06-21,2021,June,Monday,Evening,West Bengal,Kolkata,Howrah,Commercial Market,Cyber Fraud,Financial Crime,Low,18,Female,Clear,No,8,High
INC-2021-2366,2021-06-21,2021,June,Monday,Night,Delhi (NCT),Delhi,Old Delhi,Parking Complex,Assault,Violent Crime,High,18,Female,Cloudy,Yes,6,High
INC-2021-0160,2021-06-20,2021,June,Sunday,Night,Gujarat,Ahmedabad,Sabarmati,Public Park,Theft,Property Crime,Low,46,Male,Clear,No,3,Low
INC-2021-2400,2021-06-20,2021,June,Sunday,Evening,Tamil Nadu,Chennai,Marina Beachfront,Public Park,Vandalism,Public Order,Low,22,Female,Clear,No,5,Medium
INC-2021-2191,2021-06-19,2021,June,Saturday,Evening,West Bengal,Kolkata,New Town,Public Park,Cyber Fraud,Financial Crime,Low,54,Female,Clear,No,4,Low
INC-2021-1285,2021-06-19,2021,June,Saturday,Morning,Delhi (NCT),Delhi,Rohini,Residential,Theft,Property Crime,Low,41,Male,Rainy,No,4,Low
INC-2021-2282,2021-06-18,2021,June,Friday,Afternoon,West Bengal,Kolkata,Howrah,Street,Theft,Property Crime,Low,33,Male,Clear,No,7,Medium
INC-2021-2385,2021-06-17,2021,June,Thursday,Night,West Bengal,Kolkata,Esplanade,Parking Complex,Theft,Property Crime,Low,38,Female,Clear,No,6,High
INC-2021-0666,2021-06-16,2021,June,Wednesday,Morning,Delhi (NCT),Delhi,Karol Bagh,Street,Vehicle Theft,Property Crime,Medium,26,Male,Clear,No,6,Medium
INC-2021-0728,2021-06-15,2021,June,Tuesday,Afternoon,Delhi (NCT),Delhi,Dwarka,Parking Complex,Vehicle Theft,Property Crime,Medium,34,Female,Clear,No,1,Low
INC-2021-1363,2021-06-14,2021,June,Monday,Afternoon,Telangana,Hyderabad,Madhapur,Commercial Market,Assault,Violent Crime,High,35,Male,Clear,Yes,2,Low
INC-2021-0887,2021-06-13,2021,June,Sunday,Evening,Gujarat,Ahmedabad,Sabarmati,Public Park,Burglary,Property Crime,Medium,47,Male,Clear,No,2,Low
INC-2021-0270,2021-06-13,2021,June,Sunday,Night,West Bengal,Kolkata,Park Street,Commercial Market,Theft,Property Crime,Low,53,Other,Clear,No,4,Medium
INC-2021-2033,2021-06-12,2021,June,Saturday,Afternoon,Maharashtra,Pune,Kothrud,Commercial Market,Burglary,Property Crime,Medium,35,Female,Rainy,No,3,Medium
INC-2021-1195,2021-06-12,2021,June,Saturday,Night,Telangana,Hyderabad,Gachibowli,Commercial Market,Theft,Property Crime,Low,33,Female,Rainy,No,3,Medium
INC-2021-1554,2021-06-11,2021,June,Friday,Night,Karnataka,Bengaluru,Electronic City,Commercial Market,Vandalism,Public Order,Low,30,Female,Clear,No,1,Low
INC-2021-0447,2021-06-09,2021,June,Wednesday,Evening,West Bengal,Kolkata,New Town,Transit Station,Theft,Property Crime,Low,44,Male,Rainy,No,1,Low
INC-2021-1300,2021-06-08,2021,June,Tuesday,Morning,Karnataka,Bengaluru,Koramangala,Transit Station,Theft,Property Crime,Low,35,Female,Clear,No,1,Low
INC-2021-0585,2021-06-06,2021,June,Sunday,Morning,Maharashtra,Pune,Kothrud,Street,Cyber Fraud,Financial Crime,Low,38,Female,Rainy,No,3,Low
INC-2021-0293,2021-06-05,2021,June,Saturday,Night,Karnataka,Bengaluru,MG Road Central,Parking Complex,Burglary,Property Crime,Medium,31,Female,Clear,No,3,Medium
INC-2021-1080,2021-06-03,2021,June,Thursday,Afternoon,West Bengal,Kolkata,Ballygunge,Street,Vehicle Theft,Property Crime,Medium,30,Female,Clear,No,3,Low
INC-2021-1901,2021-06-03,2021,June,Thursday,Evening,Telangana,Hyderabad,Secunderabad,Public Park,Theft,Property Crime,Low,22,Male,Cloudy,No,0,Low
INC-2021-1073,2021-06-03,2021,June,Thursday,Morning,West Bengal,Kolkata,Ballygunge,Parking Complex,Theft,Property Crime,Low,37,Female,Rainy,No,4,Low
INC-2021-1178,2021-06-03,2021,June,Thursday,Night,Tamil Nadu,Chennai,Adyar,Street,Assault,Violent Crime,High,30,Male,Rainy,No,0,Low
INC-2021-2278,2021-06-02,2021,June,Wednesday,Afternoon,Delhi (NCT),Delhi,Old Delhi,Residential,Vehicle Theft,Property Crime,Medium,42,Female,Rainy,No,7,Medium
INC-2021-2197,2021-06-01,2021,June,Tuesday,Night,Tamil Nadu,Chennai,Marina Beachfront,Residential,Robbery,Violent Crime,Medium,35,Female,Clear,No,5,Medium
INC-2021-0062,2021-05-30,2021,May,Sunday,Morning,Tamil Nadu,Chennai,Guindy,Public Park,Theft,Property Crime,Low,27,Male,Clear,No,0,Low
INC-2021-1387,2021-05-30,2021,May,Sunday,Night,Delhi (NCT),Delhi,Dwarka,Transit Station,Cyber Fraud,Financial Crime,Low,35,Male,Rainy,No,3,Medium
INC-2021-0227,2021-05-28,2021,May,Friday,Night,Delhi (NCT),Delhi,Old Delhi,Public Park,Cyber Fraud,Financial Crime,Low,49,Male,Foggy,No,6,High
INC-2021-2162,2021-05-27,2021,May,Thursday,Morning,Gujarat,Ahmedabad,Sabarmati,Commercial Market,Theft,Property Crime,Low,32,Female,Cloudy,No,3,Low
INC-2021-0338,2021-05-27,2021,May,Thursday,Afternoon,Tamil Nadu,Chennai,Adyar,Street,Burglary,Property Crime,Medium,30,Female,Rainy,Yes,3,Low
INC-2021-2105,2021-05-27,2021,May,Thursday,Afternoon,Telangana,Hyderabad,Secunderabad,Commercial Market,Vandalism,Public Order,Low,43,Female,Clear,No,4,Low
INC-2021-2205,2021-05-26,2021,May,Wednesday,Afternoon,West Bengal,Kolkata,New Town,Transit Station,Theft,Property Crime,Low,32,Female,Clear,No,3,Low
INC-2021-0157,2021-05-25,2021,May,Tuesday,Morning,Telangana,Hyderabad,Charminar Heritage,Transit Station,Theft,Property Crime,Low,37,Male,Clear,No,3,Medium
INC-2021-0491,2021-05-25,2021,May,Tuesday,Afternoon,Gujarat,Ahmedabad,Satellite,Public Park,Burglary,Property Crime,Medium,26,Male,Clear,No,3,Low
INC-2021-2113,2021-05-25,2021,May,Tuesday,Evening,West Bengal,Kolkata,Park Street,Street,Vandalism,Public Order,Low,24,Male,Cloudy,No,0,Low
INC-2021-2016,2021-05-25,2021,May,Tuesday,Afternoon,West Bengal,Kolkata,Salt Lake,Public Park,Vandalism,Public Order,Low,40,Male,Clear,No,3,Low
INC-2021-0259,2021-05-24,2021,May,Monday,Night,Maharashtra,Mumbai,Bandra,Transit Station,Vehicle Theft,Property Crime,Medium,21,Female,Clear,No,1,Medium
INC-2021-0614,2021-05-24,2021,May,Monday,Afternoon,Tamil Nadu,Chennai,Marina Beachfront,Commercial Market,Robbery,Violent Crime,Medium,41,Female,Cloudy,No,2,Low
INC-2021-0968,2021-05-21,2021,May,Friday,Night,Telangana,Hyderabad,Hitec City,Residential,Vehicle Theft,Property Crime,Medium,18,Female,Foggy,No,4,Medium
INC-2021-1241,2021-05-21,2021,May,Friday,Afternoon,Tamil Nadu,Chennai,Velachery,Parking Complex,Burglary,Property Crime,Medium,25,Male,Clear,No,1,Low
INC-2021-1012,2021-05-21,2021,May,Friday,Night,West Bengal,Kolkata,Park Street,Commercial Market,Cyber Fraud,Financial Crime,Low,21,Male,Clear,No,2,Medium
INC-2021-1090,2021-05-19,2021,May,Wednesday,Night,Delhi (NCT),Delhi,Old Delhi,Street,Theft,Property Crime,Low,20,Male,Clear,No,8,High
INC-2021-1908,2021-05-19,2021,May,Wednesday,Night,Telangana,Hyderabad,Gachibowli,Public Park,Burglary,Property Crime,Medium,41,Female,Rainy,No,3,Low
INC-2021-1960,2021-05-14,2021,May,Friday,Night,West Bengal,Kolkata,Salt Lake,Transit Station,Assault,Violent Crime,High,35,Female,Clear,No,6,High
INC-2021-1317,2021-05-13,2021,May,Thursday,Night,Delhi (NCT),Delhi,Karol Bagh,Commercial Market,Vehicle Theft,Property Crime,Medium,18,Male,Clear,No,3,Medium
INC-2021-0116,2021-05-12,2021,May,Wednesday,Evening,Delhi (NCT),Delhi,Rohini,Residential,Vandalism,Public Order,Low,18,Female,Clear,No,5,Medium
INC-2021-0347,2021-05-12,2021,May,Wednesday,Afternoon,West Bengal,Kolkata,Park Street,Transit Station,Vandalism,Public Order,Low,36,Male,Cloudy,No,4,Low
INC-2021-2373,2021-05-12,2021,May,Wednesday,Night,Gujarat,Ahmedabad,Paldi,Residential,Cyber Fraud,Financial Crime,Low,45,Female,Rainy,No,2,Low
INC-2021-1493,2021-05-10,2021,May,Monday,Afternoon,Maharashtra,Mumbai,Dadar,Parking Complex,Theft,Property Crime,Low,38,Female,Rainy,No,2,Low
INC-2021-1351,2021-05-09,2021,May,Sunday,Evening,Gujarat,Ahmedabad,Navrangpura,Public Park,Burglary,Property Crime,Medium,22,Male,Rainy,No,8,High
INC-2021-0311,2021-05-08,2021,May,Saturday,Evening,Delhi (NCT),Delhi,Old Delhi,Residential,Theft,Property Crime,Low,47,Male,Clear,No,4,High
INC-2021-1153,2021-05-07,2021,May,Friday,Night,West Bengal,Kolkata,New Town,Parking Complex,Cyber Fraud,Financial Crime,Low,45,Female,Rainy,No,5,Medium
INC-2021-1239,2021-05-06,2021,May,Thursday,Afternoon,Tamil Nadu,Chennai,Marina Beachfront,Public Park,Burglary,Property Crime,Medium,34,Male,Foggy,Yes,4,Low
INC-2021-1793,2021-05-05,2021,May,Wednesday,Evening,Delhi (NCT),Delhi,Rohini,Street,Theft,Property Crime,Low,38,Female,Rainy,No,1,Low
INC-2021-2266,2021-05-05,2021,May,Wednesday,Night,Gujarat,Ahmedabad,SG Highway,Residential,Theft,Property Crime,Low,24,Male,Clear,No,2,Low
INC-2021-2271,2021-05-04,2021,May,Tuesday,Night,Karnataka,Bengaluru,Koramangala,Parking Complex,Burglary,Property Crime,Medium,32,Male,Clear,No,2,Medium
INC-2021-1622,2021-05-03,2021,May,Monday,Evening,Tamil Nadu,Chennai,Guindy,Street,Burglary,Property Crime,Medium,21,Female,Clear,No,2,Low
INC-2021-1629,2021-05-03,2021,May,Monday,Evening,Maharashtra,Pune,Hinjewadi IT Park,Residential,Theft,Property Crime,Low,32,Male,Rainy,No,6,Medium
INC-2021-1987,2021-05-02,2021,May,Sunday,Evening,Tamil Nadu,Chennai,Adyar,Commercial Market,Theft,Property Crime,Low,29,Female,Clear,No,1,Low
INC-2021-0002,2021-04-30,2021,April,Friday,Evening,West Bengal,Kolkata,Ballygunge,Residential,Burglary,Property Crime,Medium,45,Male,Clear,No,1,Low
INC-2021-2029,2021-04-30,2021,April,Friday,Evening,Gujarat,Ahmedabad,SG Highway,Street,Burglary,Property Crime,Medium,21,Male,Foggy,No,4,Medium
INC-2021-1683,2021-04-30,2021,April,Friday,Evening,Maharashtra,Mumbai,Colaba,Residential,Vehicle Theft,Property Crime,Medium,20,Male,Clear,No,2,Low
INC-2021-1021,2021-04-30,2021,April,Friday,Night,Gujarat,Ahmedabad,SG Highway,Public Park,Vandalism,Public Order,Low,47,Female,Clear,Yes,2,Low
INC-2021-2058,2021-04-27,2021,April,Tuesday,Night,Tamil Nadu,Chennai,T. Nagar,Residential,Vehicle Theft,Property Crime,Medium,48,Male,Clear,No,5,High
INC-2021-0452,2021-04-26,2021,April,Monday,Afternoon,Maharashtra,Pune,Shivaji Nagar,Commercial Market,Assault,Violent Crime,High,19,Male,Rainy,No,1,Low
INC-2021-1557,2021-04-26,2021,April,Monday,Afternoon,Karnataka,Bengaluru,MG Road Central,Transit Station,Vehicle Theft,Property Crime,Medium,41,Male,Cloudy,No,3,Low
INC-2021-0957,2021-04-25,2021,April,Sunday,Night,West Bengal,Kolkata,Ballygunge,Parking Complex,Theft,Property Crime,Low,42,Female,Rainy,No,0,Medium
INC-2021-1099,2021-04-25,2021,April,Sunday,Evening,Maharashtra,Pune,Shivaji Nagar,Street,Assault,Violent Crime,High,59,Male,Clear,No,2,Low
INC-2021-0423,2021-04-24,2021,April,Saturday,Night,West Bengal,Kolkata,Park Street,Residential,Burglary,Property Crime,Medium,29,Female,Cloudy,No,6,Medium
INC-2021-0564,2021-04-22,2021,April,Thursday,Night,Delhi (NCT),Delhi,South Delhi,Transit Station,Cyber Fraud,Financial Crime,Low,31,Female,Clear,No,3,Medium
INC-2021-0488,2021-04-22,2021,April,Thursday,Evening,Gujarat,Ahmedabad,Sabarmati,Parking Complex,Vandalism,Public Order,Low,33,Male,Rainy,No,2,Medium
INC-2021-2289,2021-04-19,2021,April,Monday,Morning,West Bengal,Kolkata,New Town,Transit Station,Assault,Violent Crime,High,56,Female,Clear,No,1,Low
INC-2021-2287,2021-04-19,2021,April,Monday,Afternoon,Tamil Nadu,Chennai,Marina Beachfront,Residential,Theft,Property Crime,Low,42,Male,Cloudy,No,4,Low
INC-2021-0969,2021-04-16,2021,April,Friday,Night,West Bengal,Kolkata,Park Street,Transit Station,Robbery,Violent Crime,Medium,35,Male,Clear,No,4,Medium
INC-2021-0715,2021-04-16,2021,April,Friday,Evening,Delhi (NCT),Delhi,Old Delhi,Public Park,Vandalism,Public Order,Low,46,Male,Clear,No,6,High
INC-2021-0609,2021-04-16,2021,April,Friday,Afternoon,West Bengal,Kolkata,Howrah,Parking Complex,Burglary,Property Crime,Medium,36,Male,Clear,No,10,High
INC-2021-0733,2021-04-15,2021,April,Thursday,Night,Tamil Nadu,Chennai,Adyar,Parking Complex,Cyber Fraud,Financial Crime,Low,35,Male,Rainy,No,5,Medium
INC-2021-0970,2021-04-15,2021,April,Thursday,Night,Karnataka,Bengaluru,Jayanagar,Public Park,Cyber Fraud,Financial Crime,Low,38,Female,Clear,No,2,Low
INC-2021-1157,2021-04-14,2021,April,Wednesday,Morning,Maharashtra,Pune,Kothrud,Residential,Cyber Fraud,Financial Crime,Low,24,Male,Clear,No,1,Low
INC-2021-0137,2021-04-14,2021,April,Wednesday,Evening,Maharashtra,Mumbai,Colaba,Commercial Market,Robbery,Violent Crime,Medium,53,Male,Foggy,No,1,Medium
INC-2021-1470,2021-04-12,2021,April,Monday,Morning,Telangana,Hyderabad,Madhapur,Parking Complex,Cyber Fraud,Financial Crime,Low,28,Female,Cloudy,No,4,Low
INC-2021-1711,2021-04-09,2021,April,Friday,Afternoon,Delhi (NCT),Delhi,Old Delhi,Parking Complex,Theft,Property Crime,Low,37,Female,Rainy,No,1,Medium
INC-2021-0076,2021-04-08,2021,April,Thursday,Night,West Bengal,Kolkata,Park Street,Commercial Market,Vandalism,Public Order,Low,28,Male,Clear,No,2,Low
INC-2021-0450,2021-04-07,2021,April,Wednesday,Evening,Maharashtra,Mumbai,Bandra,Street,Vandalism,Public Order,Low,24,Male,Clear,No,6,Medium
INC-2021-1776,2021-04-07,2021,April,Wednesday,Morning,Tamil Nadu,Chennai,Adyar,Public Park,Assault,Violent Crime,High,41,Male,Clear,No,6,Low
INC-2021-1419,2021-04-06,2021,April,Tuesday,Evening,Maharashtra,Mumbai,Bandra,Parking Complex,Theft,Property Crime,Low,39,Male,Cloudy,No,2,Medium
INC-2021-1529,2021-04-06,2021,April,Tuesday,Evening,Maharashtra,Mumbai,Bandra,Commercial Market,Theft,Property Crime,Low,20,Male,Clear,No,2,Medium
INC-2021-0817,2021-04-03,2021,April,Saturday,Night,Telangana,Hyderabad,Hitec City,Residential,Cyber Fraud,Financial Crime,Low,22,Male,Clear,No,2,Low
INC-2021-2230,2021-04-03,2021,April,Saturday,Night,Delhi (NCT),Delhi,South Delhi,Public Park,Cyber Fraud,Financial Crime,Low,40,Male,Rainy,Yes,5,Medium
INC-2021-1048,2021-04-01,2021,April,Thursday,Evening,Telangana,Hyderabad,Banjara Hills,Transit Station,Vandalism,Public Order,Low,48,Male,Rainy,No,2,Medium
INC-2021-1653,2021-03-31,2021,March,Wednesday,Evening,Tamil Nadu,Chennai,Anna Nagar,Street,Vehicle Theft,Property Crime,Medium,51,Female,Clear,No,2,Low
INC-2021-0501,2021-03-31,2021,March,Wednesday,Morning,West Bengal,Kolkata,Esplanade,Public Park,Vehicle Theft,Property Crime,Medium,22,Male,Rainy,No,5,Medium
INC-2021-0342,2021-03-30,2021,March,Tuesday,Evening,Tamil Nadu,Chennai,Marina Beachfront,Street,Vehicle Theft,Property Crime,Medium,53,Male,Clear,No,3,Low
INC-2021-1785,2021-03-29,2021,March,Monday,Evening,Gujarat,Ahmedabad,Navrangpura,Transit Station,Theft,Property Crime,Low,36,Male,Clear,No,11,High
INC-2021-0459,2021-03-29,2021,March,Monday,Evening,Karnataka,Bengaluru,Indiranagar,Residential,Theft,Property Crime,Low,30,Female,Clear,No,3,Low
INC-2021-0613,2021-03-28,2021,March,Sunday,Afternoon,West Bengal,Kolkata,Howrah,Public Park,Theft,Property Crime,Low,21,Male,Clear,No,7,Medium
INC-2021-1539,2021-03-28,2021,March,Sunday,Morning,Maharashtra,Mumbai,Harbor Docklands,Transit Station,Vehicle Theft,Property Crime,Medium,28,Female,Clear,No,9,High
INC-2021-0401,2021-03-27,2021,March,Saturday,Evening,Telangana,Hyderabad,Banjara Hills,Street,Robbery,Violent Crime,Medium,50,Female,Clear,No,2,Low
INC-2021-1883,2021-03-27,2021,March,Saturday,Afternoon,Delhi (NCT),Delhi,Connaught Place,Street,Theft,Property Crime,Low,42,Female,Rainy,No,7,Medium
INC-2021-1001,2021-03-26,2021,March,Friday,Morning,Telangana,Hyderabad,Charminar Heritage,Street,Robbery,Violent Crime,Medium,41,Female,Clear,No,6,Medium
INC-2021-1407,2021-03-26,2021,March,Friday,Evening,Telangana,Hyderabad,Banjara Hills,Street,Burglary,Property Crime,Medium,40,Male,Rainy,No,2,Low
INC-2021-1500,2021-03-23,2021,March,Tuesday,Morning,Tamil Nadu,Chennai,Guindy,Parking Complex,Burglary,Property Crime,Medium,41,Female,Cloudy,No,3,Low
INC-2021-2354,2021-03-22,2021,March,Monday,Afternoon,Maharashtra,Pune,Camp Cantonment,Public Park,Burglary,Property Crime,Medium,51,Female,Rainy,No,15,High
INC-2021-0109,2021-03-22,2021,March,Monday,Evening,Gujarat,Ahmedabad,Paldi,Street,Theft,Property Crime,Low,52,Male,Clear,No,3,Medium
INC-2021-0253,2021-03-22,2021,March,Monday,Afternoon,Karnataka,Bengaluru,Electronic City,Parking Complex,Burglary,Property Crime,Medium,47,Female,Clear,No,7,Medium
INC-2021-1706,2021-03-19,2021,March,Friday,Evening,Maharashtra,Mumbai,Colaba,Commercial Market,Burglary,Property Crime,Medium,35,Male,Cloudy,No,1,Medium
INC-2021-0200,2021-03-18,2021,March,Thursday,Afternoon,Delhi (NCT),Delhi,Rohini,Transit Station,Theft,Property Crime,Low,47,Female,Rainy,No,5,Low
INC-2021-0646,2021-03-16,2021,March,Tuesday,Morning,Gujarat,Ahmedabad,Paldi,Transit Station,Assault,Violent Crime,High,20,Male,Clear,No,6,Medium
INC-2021-0820,2021-03-15,2021,March,Monday,Night,Tamil Nadu,Chennai,T. Nagar,Street,Cyber Fraud,Financial Crime,Low,28,Male,Cloudy,No,7,High
INC-2021-0736,2021-03-14,2021,March,Sunday,Night,Delhi (NCT),Delhi,Connaught Place,Residential,Cyber Fraud,Financial Crime,Low,50,Male,Cloudy,No,8,High
INC-2021-0175,2021-03-13,2021,March,Saturday,Afternoon,Telangana,Hyderabad,Hitec City,Street,Theft,Property Crime,Low,33,Male,Rainy,No,2,Low
INC-2021-1446,2021-03-12,2021,March,Friday,Night,Karnataka,Bengaluru,MG Road Central,Street,Assault,Violent Crime,High,44,Female,Rainy,No,4,Medium
INC-2021-0631,2021-03-11,2021,March,Thursday,Afternoon,Maharashtra,Mumbai,Colaba,Street,Burglary,Property Crime,Medium,28,Male,Clear,No,2,Low
INC-2021-1454,2021-03-10,2021,March,Wednesday,Night,Delhi (NCT),Delhi,South Delhi,Residential,Cyber Fraud,Financial Crime,Low,39,Female,Rainy,No,5,Medium
INC-2021-1414,2021-03-09,2021,March,Tuesday,Night,Karnataka,Bengaluru,Jayanagar,Residential,Theft,Property Crime,Low,31,Female,Clear,No,6,Medium
INC-2021-0698,2021-03-08,2021,March,Monday,Afternoon,Gujarat,Ahmedabad,Satellite,Transit Station,Vehicle Theft,Property Crime,Medium,33,Male,Rainy,No,1,Low
INC-2021-0686,2021-03-07,2021,March,Sunday,Afternoon,Maharashtra,Pune,Shivaji Nagar,Commercial Market,Cyber Fraud,Financial Crime,Low,30,Male,Clear,No,3,Medium
INC-2021-1955,2021-03-06,2021,March,Saturday,Afternoon,Telangana,Hyderabad,Banjara Hills,Street,Robbery,Violent Crime,Medium,33,Female,Clear,No,1,Low
INC-2021-1833,2021-03-05,2021,March,Friday,Evening,Maharashtra,Pune,Kothrud,Transit Station,Cyber Fraud,Financial Crime,Low,22,Female,Clear,Yes,3,Medium
INC-2021-1661,2021-03-03,2021,March,Wednesday,Evening,West Bengal,Kolkata,Howrah,Street,Vandalism,Public Order,Low,41,Female,Clear,No,9,High
INC-2021-1795,2021-03-03,2021,March,Wednesday,Evening,Maharashtra,Pune,Hinjewadi IT Park,Parking Complex,Vandalism,Public Order,Low,29,Male,Rainy,No,4,Medium
INC-2021-0468,2021-03-02,2021,March,Tuesday,Afternoon,Maharashtra,Pune,Baner,Street,Burglary,Property Crime,Medium,19,Male,Rainy,No,2,Low
INC-2021-2157,2021-03-02,2021,March,Tuesday,Evening,West Bengal,Kolkata,Howrah,Residential,Burglary,Property Crime,Medium,37,Male,Clear,No,10,High
INC-2021-0568,2021-03-02,2021,March,Tuesday,Evening,Karnataka,Bengaluru,Koramangala,Commercial Market,Burglary,Property Crime,Medium,18,Male,Rainy,No,1,Medium
INC-2021-1854,2021-03-02,2021,March,Tuesday,Night,Gujarat,Ahmedabad,SG Highway,Public Park,Theft,Property Crime,Low,36,Female,Clear,No,3,Low
INC-2021-2272,2021-02-26,2021,February,Friday,Afternoon,Gujarat,Ahmedabad,Sabarmati,Commercial Market,Vandalism,Public Order,Low,42,Female,Clear,No,3,Low
INC-2021-0275,2021-02-26,2021,February,Friday,Evening,Gujarat,Ahmedabad,Navrangpura,Commercial Market,Burglary,Property Crime,Medium,21,Male,Rainy,No,8,High
INC-2021-0748,2021-02-26,2021,February,Friday,Afternoon,Telangana,Hyderabad,Hitec City,Residential,Theft,Property Crime,Low,18,Female,Rainy,No,3,Low
INC-2021-1830,2021-02-25,2021,February,Thursday,Afternoon,Gujarat,Ahmedabad,Sabarmati,Transit Station,Cyber Fraud,Financial Crime,Low,18,Female,Clear,No,2,Low
INC-2021-0925,2021-02-24,2021,February,Wednesday,Night,Telangana,Hyderabad,Charminar Heritage,Residential,Assault,Violent Crime,High,27,Female,Rainy,No,5,Medium
INC-2021-0291,2021-02-24,2021,February,Wednesday,Night,West Bengal,Kolkata,Howrah,Transit Station,Robbery,Violent Crime,Medium,39,Female,Clear,No,6,High
INC-2021-1460,2021-02-21,2021,February,Sunday,Morning,Tamil Nadu,Chennai,Anna Nagar,Parking Complex,Vandalism,Public Order,Low,31,Male,Clear,No,4,Low
INC-2021-2101,2021-02-21,2021,February,Sunday,Evening,Telangana,Hyderabad,Charminar Heritage,Transit Station,Cyber Fraud,Financial Crime,Low,36,Female,Rainy,No,4,High
INC-2021-1715,2021-02-19,2021,February,Friday,Morning,Maharashtra,Pune,Baner,Street,Vehicle Theft,Property Crime,Medium,18,Male,Clear,No,2,Low
INC-2021-0088,2021-02-19,2021,February,Friday,Afternoon,Tamil Nadu,Chennai,Anna Nagar,Public Park,Theft,Property Crime,Low,54,Male,Clear,No,3,Low
INC-2021-0018,2021-02-19,2021,February,Friday,Night,Tamil Nadu,Chennai,Anna Nagar,Public Park,Vehicle Theft,Property Crime,Medium,30,Female,Clear,No,3,Low
INC-2021-2102,2021-02-19,2021,February,Friday,Afternoon,Karnataka,Bengaluru,Jayanagar,Transit Station,Theft,Property Crime,Low,21,Female,Rainy,No,3,Low
INC-2021-1328,2021-02-17,2021,February,Wednesday,Morning,Gujarat,Ahmedabad,Sabarmati,Transit Station,Cyber Fraud,Financial Crime,Low,38,Female,Clear,No,1,Low
INC-2021-2119,2021-02-17,2021,February,Wednesday,Afternoon,Maharashtra,Mumbai,Harbor Docklands,Public Park,Vandalism,Public Order,Low,29,Female,Clear,No,9,High
INC-2021-2056,2021-02-17,2021,February,Wednesday,Evening,West Bengal,Kolkata,Ballygunge,Transit Station,Burglary,Property Crime,Medium,41,Male,Clear,No,5,Medium
INC-2021-0839,2021-02-17,2021,February,Wednesday,Evening,Karnataka,Bengaluru,Whitefield,Commercial Market,Assault,Violent Crime,High,18,Male,Clear,No,5,Medium
INC-2021-0328,2021-02-16,2021,February,Tuesday,Evening,Gujarat,Ahmedabad,Sabarmati,Transit Station,Theft,Property Crime,Low,41,Male,Foggy,No,3,Medium
INC-2021-1212,2021-02-15,2021,February,Monday,Night,Gujarat,Ahmedabad,SG Highway,Residential,Theft,Property Crime,Low,51,Female,Clear,No,3,Medium
INC-2021-2159,2021-02-14,2021,February,Sunday,Evening,Gujarat,Ahmedabad,SG Highway,Transit Station,Theft,Property Crime,Low,42,Male,Rainy,No,5,Medium
INC-2021-2150,2021-02-14,2021,February,Sunday,Afternoon,Telangana,Hyderabad,Secunderabad,Residential,Robbery,Violent Crime,Medium,34,Male,Clear,No,2,Low
INC-2021-1013,2021-02-14,2021,February,Sunday,Evening,Delhi (NCT),Delhi,Rohini,Parking Complex,Assault,Violent Crime,High,41,Male,Rainy,No,1,Medium
INC-2021-0284,2021-02-14,2021,February,Sunday,Morning,Karnataka,Bengaluru,Indiranagar,Street,Theft,Property Crime,Low,36,Female,Clear,No,4,Low
INC-2021-0502,2021-02-13,2021,February,Saturday,Afternoon,Delhi (NCT),Delhi,Dwarka,Public Park,Vandalism,Public Order,Low,25,Male,Clear,No,0,Low
INC-2021-1298,2021-02-12,2021,February,Friday,Night,Maharashtra,Mumbai,Bandra,Transit Station,Vehicle Theft,Property Crime,Medium,27,Female,Cloudy,No,2,Medium
INC-2021-1583,2021-02-12,2021,February,Friday,Night,Maharashtra,Pune,Camp Cantonment,Public Park,Theft,Property Crime,Low,32,Male,Clear,No,10,High
INC-2021-1763,2021-02-11,2021,February,Thursday,Morning,West Bengal,Kolkata,Ballygunge,Public Park,Vandalism,Public Order,Low,41,Male,Cloudy,No,1,Low
INC-2021-0567,2021-02-10,2021,February,Wednesday,Evening,Telangana,Hyderabad,Banjara Hills,Street,Vandalism,Public Order,Low,20,Female,Clear,No,5,Medium
INC-2021-1437,2021-02-10,2021,February,Wednesday,Evening,Tamil Nadu,Chennai,Adyar,Transit Station,Vandalism,Public Order,Low,35,Female,Cloudy,No,2,Low
INC-2021-1273,2021-02-10,2021,February,Wednesday,Night,West Bengal,Kolkata,New Town,Residential,Vehicle Theft,Property Crime,Medium,41,Male,Clear,No,3,Low
INC-2021-1269,2021-02-09,2021,February,Tuesday,Afternoon,West Bengal,Kolkata,Salt Lake,Public Park,Theft,Property Crime,Low,32,Male,Clear,No,5,Low
INC-2021-2268,2021-02-09,2021,February,Tuesday,Evening,Gujarat,Ahmedabad,Sabarmati,Street,Burglary,Property Crime,Medium,33,Male,Clear,No,2,Low
INC-2021-2088,2021-02-08,2021,February,Monday,Morning,Karnataka,Bengaluru,Jayanagar,Transit Station,Cyber Fraud,Financial Crime,Low,18,Female,Foggy,No,2,Low
INC-2021-0145,2021-02-07,2021,February,Sunday,Night,Telangana,Hyderabad,Madhapur,Public Park,Assault,Violent Crime,High,34,Female,Foggy,No,3,Medium
INC-2021-0747,2021-02-05,2021,February,Friday,Evening,Gujarat,Ahmedabad,Sabarmati,Public Park,Burglary,Property Crime,Medium,37,Female,Clear,No,2,Low
INC-2021-2345,2021-02-04,2021,February,Thursday,Afternoon,Delhi (NCT),Delhi,Rohini,Public Park,Vehicle Theft,Property Crime,Medium,31,Male,Clear,No,2,Low
INC-2021-1540,2021-02-04,2021,February,Thursday,Evening,West Bengal,Kolkata,Salt Lake,Street,Theft,Property Crime,Low,50,Other,Clear,No,6,Medium
INC-2021-2083,2021-02-03,2021,February,Wednesday,Morning,Karnataka,Bengaluru,MG Road Central,Public Park,Cyber Fraud,Financial Crime,Low,18,Male,Clear,No,5,Low
INC-2021-2183,2021-02-01,2021,February,Monday,Night,Karnataka,Bengaluru,Koramangala,Commercial Market,Vehicle Theft,Property Crime,Medium,35,Female,Clear,No,1,Low
INC-2021-1146,2021-01-31,2021,January,Sunday,Afternoon,Telangana,Hyderabad,Secunderabad,Street,Burglary,Property Crime,Medium,31,Female,Clear,No,3,Low
INC-2021-1942,2021-01-30,2021,January,Saturday,Night,Tamil Nadu,Chennai,Marina Beachfront,Residential,Burglary,Property Crime,Medium,49,Female,Clear,No,5,Low
INC-2021-0158,2021-01-27,2021,January,Wednesday,Afternoon,West Bengal,Kolkata,Howrah,Transit Station,Vehicle Theft,Property Crime,Medium,20,Female,Clear,No,9,High
INC-2021-0804,2021-01-27,2021,January,Wednesday,Night,Tamil Nadu,Chennai,Adyar,Commercial Market,Cyber Fraud,Financial Crime,Low,29,Female,Clear,No,0,Low
INC-2021-0155,2021-01-26,2021,January,Tuesday,Night,Karnataka,Bengaluru,Electronic City,Public Park,Theft,Property Crime,Low,41,Male,Clear,Yes,1,Low
INC-2021-2384,2021-01-26,2021,January,Tuesday,Afternoon,West Bengal,Kolkata,Howrah,Parking Complex,Cyber Fraud,Financial Crime,Low,41,Male,Cloudy,Yes,12,High
INC-2021-0886,2021-01-25,2021,January,Monday,Night,Karnataka,Bengaluru,Whitefield,Commercial Market,Burglary,Property Crime,Medium,42,Female,Clear,No,4,Medium
INC-2021-1693,2021-01-25,2021,January,Monday,Afternoon,Maharashtra,Pune,Camp Cantonment,Street,Theft,Property Crime,Low,30,Female,Rainy,No,8,High
INC-2021-1488,2021-01-25,2021,January,Monday,Evening,Gujarat,Ahmedabad,Maninagar,Transit Station,Assault,Violent Crime,High,26,Male,Clear,No,1,Low
INC-2021-1466,2021-01-23,2021,January,Saturday,Evening,Karnataka,Bengaluru,Electronic City,Parking Complex,Robbery,Violent Crime,Medium,47,Male,Clear,No,1,Low
INC-2021-1230,2021-01-22,2021,January,Friday,Night,Karnataka,Bengaluru,Electronic City,Commercial Market,Cyber Fraud,Financial Crime,Low,52,Male,Clear,No,1,Medium
INC-2021-1874,2021-01-21,2021,January,Thursday,Afternoon,Karnataka,Bengaluru,Koramangala,Commercial Market,Cyber Fraud,Financial Crime,Low,39,Male,Clear,No,4,Low
INC-2021-1740,2021-01-20,2021,January,Wednesday,Afternoon,Telangana,Hyderabad,Hitec City,Street,Vehicle Theft,Property Crime,Medium,56,Male,Rainy,No,3,Low
INC-2021-0517,2021-01-19,2021,January,Tuesday,Afternoon,Delhi (NCT),Delhi,Karol Bagh,Transit Station,Theft,Property Crime,Low,41,Female,Rainy,No,4,Medium
INC-2021-0030,2021-01-19,2021,January,Tuesday,Morning,Gujarat,Ahmedabad,Sabarmati,Transit Station,Theft,Property Crime,Low,34,Female,Clear,No,3,Low
INC-2021-0288,2021-01-18,2021,January,Monday,Night,West Bengal,Kolkata,Park Street,Public Park,Theft,Property Crime,Low,46,Male,Foggy,No,5,Low
INC-2021-1804,2021-01-17,2021,January,Sunday,Afternoon,Telangana,Hyderabad,Secunderabad,Transit Station,Theft,Property Crime,Low,40,Female,Clear,No,2,Low
INC-2021-2072,2021-01-17,2021,January,Sunday,Afternoon,Delhi (NCT),Delhi,South Delhi,Parking Complex,Burglary,Property Crime,Medium,38,Male,Rainy,No,2,Low
INC-2021-0711,2021-01-17,2021,January,Sunday,Evening,Delhi (NCT),Delhi,Old Delhi,Transit Station,Burglary,Property Crime,Medium,30,Other,Rainy,No,9,High
INC-2021-1872,2021-01-16,2021,January,Saturday,Night,Delhi (NCT),Delhi,Rohini,Transit Station,Theft,Property Crime,Low,18,Male,Cloudy,No,6,High
INC-2021-1364,2021-01-16,2021,January,Saturday,Evening,Maharashtra,Pune,Kothrud,Parking Complex,Vandalism,Public Order,Low,42,Female,Clear,No,3,Medium
INC-2021-0297,2021-01-16,2021,January,Saturday,Night,Delhi (NCT),Delhi,Dwarka,Transit Station,Vehicle Theft,Property Crime,Medium,18,Male,Clear,No,5,Medium
INC-2021-1384,2021-01-16,2021,January,Saturday,Morning,West Bengal,Kolkata,Howrah,Public Park,Theft,Property Crime,Low,48,Male,Rainy,No,5,Medium
INC-2021-1615,2021-01-15,2021,January,Friday,Morning,Karnataka,Bengaluru,Jayanagar,Transit Station,Vandalism,Public Order,Low,40,Female,Clear,No,1,Low
INC-2021-1098,2021-01-15,2021,January,Friday,Morning,Telangana,Hyderabad,Madhapur,Residential,Robbery,Violent Crime,Medium,34,Female,Clear,No,9,Low
INC-2021-0917,2021-01-13,2021,January,Wednesday,Afternoon,Gujarat,Ahmedabad,SG Highway,Street,Robbery,Violent Crime,Medium,18,Male,Clear,No,5,Low
INC-2021-0016,2021-01-11,2021,January,Monday,Evening,West Bengal,Kolkata,Ballygunge,Residential,Theft,Property Crime,Low,20,Male,Clear,No,4,Low
INC-2021-1173,2021-01-11,2021,January,Monday,Night,Maharashtra,Mumbai,Andheri,Street,Vehicle Theft,Property Crime,Medium,37,Male,Clear,No,2,Low
INC-2021-0802,2021-01-10,2021,January,Sunday,Evening,West Bengal,Kolkata,Park Street,Street,Vehicle Theft,Property Crime,Medium,52,Male,Rainy,No,5,Low
INC-2021-1333,2021-01-09,2021,January,Saturday,Evening,Telangana,Hyderabad,Madhapur,Parking Complex,Theft,Property Crime,Low,58,Male,Cloudy,No,2,Low
INC-2021-0410,2021-01-08,2021,January,Friday,Night,Telangana,Hyderabad,Charminar Heritage,Public Park,Vehicle Theft,Property Crime,Medium,18,Female,Foggy,No,7,High
INC-2021-1289,2021-01-07,2021,January,Thursday,Night,Delhi (NCT),Delhi,Dwarka,Transit Station,Theft,Property Crime,Low,51,Female,Cloudy,No,2,Medium
INC-2021-1916,2021-01-07,2021,January,Thursday,Evening,Maharashtra,Pune,Kothrud,Transit Station,Robbery,Violent Crime,Medium,44,Male,Clear,No,1,Medium
INC-2021-1993,2021-01-06,2021,January,Wednesday,Night,Karnataka,Bengaluru,Jayanagar,Residential,Burglary,Property Crime,Medium,44,Male,Clear,No,0,Low
INC-2021-1350,2021-01-06,2021,January,Wednesday,Night,West Bengal,Kolkata,Park Street,Commercial Market,Burglary,Property Crime,Medium,39,Female,Cloudy,No,4,Medium
INC-2021-1972,2021-01-06,2021,January,Wednesday,Night,West Bengal,Kolkata,Park Street,Parking Complex,Vehicle Theft,Property Crime,Medium,43,Male,Clear,No,1,Medium
INC-2021-0202,2021-01-05,2021,January,Tuesday,Evening,Tamil Nadu,Chennai,T. Nagar,Public Park,Vandalism,Public Order,Low,50,Other,Clear,No,6,High
INC-2021-0950,2021-01-05,2021,January,Tuesday,Evening,Telangana,Hyderabad,Charminar Heritage,Public Park,Burglary,Property Crime,Medium,36,Male,Clear,No,7,High
INC-2021-1845,2021-01-04,2021,January,Monday,Evening,Delhi (NCT),Delhi,Rohini,Street,Burglary,Property Crime,Medium,42,Female,Clear,No,5,Medium
INC-2021-2208,2021-01-02,2021,January,Saturday,Morning,Maharashtra,Mumbai,Dadar,Parking Complex,Burglary,Property Crime,Medium,27,Male,Clear,No,3,Medium
INC-2021-2212,2021-01-02,2021,January,Saturday,Evening,Gujarat,Ahmedabad,Sabarmati,Street,Theft,Property Crime,Low,33,Female,Cloudy,No,7,Medium
INC-2021-1655,2021-01-01,2021,January,Friday,Night,Gujarat,Ahmedabad,Navrangpura,Commercial Market,Theft,Property Crime,Low,26,Female,Rainy,No,12,High
